gene	log2fc	pval
XIST	-10.7	3.57e-05
DDX3Y	8.81	5.79e-05
RPS4Y1	7.62	6.66e-05
EIF1AY	6.12	0.0001517
USP9Y	5.82	0.0002367
LOC101928539	5.44	0.0002945
GREM2	5.58	0.0003105
TXLNGY	6.76	0.0003638
HELLS	5.15	0.0004075
NTN5	4.96	0.0004345
LOC105369167	4.83	0.0004634
ST8SIA4	5.05	0.000468
ZFY	5.83	0.000473
LINC00282	4.6	0.0004993
SEL1L3	4.75	0.0005
NFE2	4.45	0.0005745
ECT2	4.48	0.0006088
SERTAD4	5.12	0.0006225
RAB7A	4.53	0.0006345
ADCY10	4.39	0.0006497
LOC101927616	4.84	0.0006541
GVINP1	4.38	0.0006565
POF1B	4.64	0.0006653
HTR7	4.66	0.0006745
USP2	4.48	0.0006791
TRIM4	4.22	0.0006795
WDHD1	4.17	0.0007028
STAU2	4.18	0.0007242
INHA	5.06	0.0007379
LINC00892	5.09	0.0007911
FOSL1	4.11	0.0007967
KDM5D	4.76	0.0008448
GAB1	4.11	0.0008734
LOC441666	4.61	0.000933
COL6A5	-4.46	0.0009476
C11ORF1	4.54	0.0009549
NAB1	4.2	0.0009678
RNF17	4.86	0.0009685
AMBRA1	4.87	0.0009779
HIPK1-AS1	4.58	0.0009857
NT5M	4.08	0.0010032
LINC00521	3.79	0.0010162
HLA-DPA1	4.25	0.0010296
PNLIPRP3	4.53	0.0010563
FZD9	4.11	0.0010629
PSPH	-4.18	0.0010874
PRSS21	4.25	0.0011059
IGSF22	4.02	0.0011093
SLC6A6	4.28	0.001124
LOC100996246	3.75	0.0011247
USH2A	4.22	0.0011401
CNKSR3	5.46	0.0011436
ACPP	4.13	0.0011523
CRIP1	-4.42	0.0011623
PCNX4	4.4	0.0011657
LOC101928140	3.66	0.001167
LOC105371307	4.39	0.0011914
LINC00167	3.71	0.0011982
AEBP2	4.29	0.0011993
ANKS6	3.83	0.0012176
HHLA2	4.14	0.0012333
ZNF277	4.17	0.0012602
HDAC6	4.23	0.0012759
LMNA	3.65	0.0012999
MAPK15	3.67	0.0013138
LDHAL6B	4.27	0.0013336
FST	-4.48	0.0013517
TMEM207	3.86	0.0013574
PSKH2	3.83	0.001375
TTTY15	3.85	0.0013862
INTS4	3.49	0.0014358
HS6ST3	5.21	0.001448
SMPDL3A	4.05	0.0014643
KISS1R	4.56	0.0014651
NLRP1	-3.78	0.0014691
C12ORF40	4.17	0.0014755
TOP2A	-3.83	0.0014835
ARVCF	3.44	0.0014843
GLS	3.53	0.0015025
LINC00477	4.45	0.0015225
CTRL	3.8	0.0015235
GGA2	3.41	0.0015499
FOXI1	3.7	0.0015674
NYX	4.06	0.0015782
ARHGAP29	4.21	0.0015863
SSX3	3.63	0.0016568
HOMER3	4.25	0.001658
FHAD1	3.46	0.0017284
BMP5	3.87	0.0017464
RSRC1	4.39	0.0017877
GPR157	3.7	0.0017881
MIR4755	4.59	0.0017897
ZCCHC2	3.4	0.0017903
FAM227B	3.75	0.0018024
C2ORF54	3.72	0.0018033
CPNE4	4.31	0.001812
GUSBP4	-5.38	0.0018238
SNX8	3.54	0.0018245
LOC731157	3.81	0.0018482
ADAMTS5	3.37	0.0018593
RSPH14	3.22	0.001872
CYP2C19	3.58	0.001874
IGSF11-AS1	3.33	0.0018794
PTPN5	4.81	0.001906
GJA3	4.49	0.0019073
ELK4	-3.46	0.0019324
NT5DC3	3.38	0.0019691
UBE2D3	5.05	0.0019837
MALRD1	-3.21	0.0019856
CRISP1	3.89	0.0020133
LOC105373738	3.56	0.0020176
ALG10	-3.3	0.0020324
HOXD10	3.66	0.0020366
WNT6	3.53	0.0020471
MTAP	3.5	0.0020477
MYO1B	3.16	0.0020943
LOC150596	3.99	0.0020957
PLAC9	-5.0	0.0021004
CPEB2	4.19	0.0021044
LOC105375839	3.62	0.0021113
VSX1	3.63	0.0021175
LINC01361	3.8	0.0021471
C22ORF34	3.4	0.0021555
CPXCR1	3.56	0.0021713
CDRT1	-3.29	0.0021813
IL17A	3.13	0.0021956
BGLT3	3.76	0.00225
PHLPP2	4.15	0.0022507
LINC00856	4.29	0.002257
SIPA1L3	3.36	0.0022832
LOC105376944	3.68	0.0022935
INGX	3.27	0.0023262
LHX9	3.23	0.0023381
CPA3	3.39	0.0023433
MAGOH2P	3.47	0.0023551
UBA6	-3.39	0.0023579
PIH2	3.14	0.0023637
THPO	3.66	0.0023654
IMPG2	3.44	0.0023711
NHEG1	3.55	0.0023846
LINC01226	3.35	0.0023897
DLGAP1	3.83	0.0023914
LOC101928225	3.74	0.0024393
MAP3K13	3.08	0.0024559
DCAF13	3.49	0.0024726
INVS	3.77	0.0024791
SLC17A4	3.08	0.0024809
ESR1	3.35	0.0025161
GRP	-3.42	0.002518
SARAF	3.08	0.0025272
TUBA4B	3.45	0.0025328
TTC26	3.17	0.0025384
FUBP1	3.64	0.0025555
IRX2	3.81	0.0025633
TTC17	3.57	0.0025837
CYP2C9	3.4	0.0025993
ELSPBP1	3.06	0.0026064
MAFK	4.66	0.002621
GPD1	-4.62	0.0026412
MRAP	3.2	0.0026719
BEND2	3.64	0.0026768
UBASH3A	3.14	0.0026804
TADA1	2.97	0.0026813
PRPSAP1	3.15	0.0026965
LOC728805	3.97	0.0027025
LOC100131170	-3.07	0.0027231
CEACAM1	-3.17	0.0027289
SEL1L2	-3.71	0.00273
FRRS1L	3.34	0.0027475
ID2-AS1	3.16	0.0027573
CLDN18	-3.44	0.0027757
PGBD2	3.14	0.0028292
GGTLC2	3.18	0.0028317
CA8	-3.89	0.0028395
P2RX1	3.16	0.0028395
RAB3IP	4.78	0.00285
PARP11	-3.61	0.0028512
LINC01111	3.39	0.0028684
BAIAP2L2	3.08	0.0028757
NCAPH2	2.92	0.0028777
VGLL1	3.34	0.0028849
CRAT37	3.67	0.0029019
FCRL4	3.77	0.0029214
GPR17	3.28	0.0029217
WDR64	3.69	0.0029391
DGCR2	3.71	0.0029478
LOC100507221	-3.53	0.0029617
LINC00824	5.08	0.0029632
LOC100996756	2.88	0.0029719
PAPOLG	4.45	0.0029868
CTD-2297D10.2	3.48	0.0029944
NR4A1	3.16	0.0030002
HLA-DOA	3.0	0.0030631
ZNF24	4.6	0.0030668
ACTL7A	-3.05	0.0030967
CHRD	4.0	0.0031046
LOC105379178	-3.12	0.0031256
NF2	-3.17	0.0031475
UBR2	4.53	0.0031509
GRID1	3.55	0.0031736
ZSCAN30	3.72	0.0031774
KCNJ11	2.99	0.0031854
TWIST2	3.33	0.0031902
FLJ37786	-3.72	0.0031939
SLC9A7	2.89	0.0032128
USP42	4.32	0.0032253
PPIL2	3.08	0.0032281
MAU2	3.72	0.0032285
LOC286071	-3.93	0.0032309
FREM3	3.94	0.0032438
SLC12A4	4.29	0.0032634
KHDC1L	-3.1	0.0032751
BMP6	-2.86	0.0032778
LHFPL3-AS1	2.95	0.0032838
LOC55338	3.23	0.0032869
MEDAG	3.03	0.0033357
MIPOL1	2.82	0.003341
IGLC1	3.21	0.0033555
ENG	-2.97	0.0033688
CSF2	3.17	0.0033696
EPN3	3.47	0.0033712
CDK6	3.21	0.003404
ITGA9	4.23	0.0034163
LY9	3.09	0.0034529
SSX1	3.65	0.0034655
ABCC11	3.49	0.0034685
KRT17P5	2.95	0.0034794
CMKLR1	-3.03	0.0034806
FCN2	2.89	0.003484
ROPN1L	2.78	0.0034843
G6PC	3.5	0.0034852
BMP10	3.4	0.0035067
VMO1	-3.35	0.0035082
CEACAM6	3.79	0.0035193
FLJ31713	3.1	0.0035254
OR7C1	3.73	0.0035254
SLAMF9	2.95	0.0035381
GLRA1	3.59	0.0035648
GBA3	3.3	0.0035687
DGCR14	3.23	0.0035711
TDH	-4.79	0.0035848
FGF7	5.29	0.0036299
IKBKAP	2.85	0.0036921
NPBWR2	2.76	0.0037737
ANTXR2	3.42	0.00378
AFDN	3.04	0.0038198
LOC643733	3.4	0.0038327
SIM2	3.22	0.0038477
TICRR	3.21	0.0038718
PSG4	2.96	0.0038871
NR4A3	4.39	0.003933
RGS3	3.04	0.0039332
BAZ2A	3.22	0.0039603
EDN1	-2.96	0.0039657
ISYNA1	-2.74	0.0039663
CD80	3.24	0.0039788
MB21D1	2.7	0.0039824
CARNMT1	2.9	0.0040004
RIPPLY1	2.75	0.0040255
LOC283387	3.09	0.0040614
KLC4	3.09	0.0040792
LOC285095	3.49	0.0041169
OSTM1-AS1	4.01	0.0041356
LINC00555	2.75	0.0041479
MST1L	3.23	0.0041507
FOXP2	2.66	0.0041678
CBX2	3.1	0.0041687
VSIG2	3.19	0.0041886
ADAMTS19	-2.67	0.0042077
MAPK4	-2.9	0.0042165
THAP3	2.75	0.0042254
NGFR	4.15	0.0042295
WEE1	-2.88	0.0042317
ZNF462	-2.88	0.0042341
C1ORF228	2.83	0.0042423
LINC00052	3.1	0.0042494
LINC00612	3.1	0.0042595
ADAMTS10	-3.11	0.0042607
LOC101927543	2.61	0.0042651
THBD	-2.78	0.0043101
LOC101927151	2.78	0.0043173
PREX2	3.15	0.0043292
LIMD2	-2.59	0.0043316
C20ORF196	3.0	0.0043365
INHBE	2.75	0.0043799
LOC100131655	-3.26	0.0043841
PLEKHB2	3.12	0.0043847
GNL1	2.87	0.0043949
ZNF804B	3.5	0.0044098
RORA	4.76	0.0044334
CATSPERG	-3.38	0.0044457
KDM6B	3.02	0.0044678
LOC101927450	3.88	0.004468
MGAT4D	4.39	0.004493
CARD8	2.73	0.0045027
CETP	-4.08	0.0045167
PPARA	3.05	0.0045363
PCBP1-AS1	2.65	0.0045472
TTTY14	5.08	0.0045525
PLA2G1B	4.41	0.0045571
PPP1R12C	2.7	0.0045607
TAL2	3.12	0.0045644
STC2	3.38	0.0045704
CASD1	3.11	0.0045846
COL6A6	3.21	0.0046235
RNASE1	-2.72	0.0046389
LOC101929319	2.84	0.0046619
SAP30	2.95	0.0046645
PXN	-2.7	0.0047274
FUCA1	3.22	0.0047468
DPP4	-3.09	0.0047731
TIGD4	2.86	0.004784
TPT1-AS1	3.02	0.0048408
BMS1P20	2.56	0.004846
TTC22	2.98	0.0048513
TFPI	2.58	0.0048531
DSC2	3.31	0.0048558
WAPL	2.77	0.004873
ATRNL1	2.52	0.0048777
IGLJ3	2.53	0.0048856
MAGEB4	3.5	0.0048974
RMDN2	2.55	0.0048983
ARSI	-3.73	0.0049069
PSTK	2.75	0.0049157
UBE2W	2.64	0.0049499
SLC9C2	-3.71	0.0049807
LEMD1	2.8	0.0049843
LOC105376037	3.32	0.0050023
SCTR	3.4	0.0050175
MSH3	2.97	0.0050314
RELB	2.89	0.0050314
PIK3C3	-3.58	0.005034
SLC18A2	-2.74	0.0050389
XIRP1	-2.91	0.0050395
PRO2964	3.32	0.0050659
RREB1	-3.15	0.0050732
CCDC136	3.35	0.0050792
CSMD1	-3.25	0.0050883
PRICKLE1	2.55	0.0050886
TRMT44	3.64	0.0051076
KNDC1	2.54	0.0051196
LOC440346	-3.23	0.0051231
ADGRV1	3.02	0.0051298
KERA	4.11	0.0051341
QTRT2	-3.3	0.0051585
MAGEC2	2.51	0.0051779
UMODL1	3.01	0.0051785
CSPG4	3.09	0.0051884
H2AFX	2.73	0.0052004
KCNIP3	3.59	0.0052012
TOP3A	2.57	0.0052487
TRIM7	2.96	0.0052644
LOC101927760	-3.69	0.0052646
ERICH3	3.54	0.005269
GAREM2	2.46	0.0052798
STK17A	2.48	0.0052826
RBM3	-3.25	0.0052957
LOC101929153	2.64	0.0053023
TEKT1	-2.89	0.0053033
C10ORF113	2.59	0.0053064
ST3GAL6	3.04	0.0053087
STKLD1	3.12	0.0053131
SEMA6B	3.4	0.0053284
UTY	5.25	0.0053323
TRAP1	-2.51	0.0053358
CLYBL	-2.75	0.0053503
CDC42BPG	2.57	0.0053543
LINC00423	2.8	0.0053743
C6ORF52	-3.6	0.005421
LOC100506470	2.53	0.0054265
PLAU	-2.6	0.005431
CCNK	3.22	0.0054497
MYH11	-2.72	0.0054589
FCER1A	2.91	0.0054625
PARD6B	-2.9	0.0054864
FBXL6	-2.98	0.005529
LAMA4	-2.62	0.0055537
KIAA0754	2.93	0.005579
BPY2	3.7	0.0055838
NFKBIL1	2.83	0.0055884
LIN9	3.11	0.0055925
CEP63	3.39	0.005645
MGC27382	-2.91	0.0056832
C1RL-AS1	-2.73	0.0057083
LOC400940	5.09	0.0057303
LINC01192	2.65	0.0057376
AKAP14	3.44	0.0057674
CNPY2	3.04	0.0057692
DZANK1	2.53	0.0057748
RABEPK	-2.56	0.0057798
ZSCAN2	2.43	0.0057834
C9ORF57	2.94	0.0057856
MFGE8	3.35	0.005799
PTGDR2	2.5	0.0058075
DNHD1	3.87	0.0058132
RUNX2	3.21	0.005816
PML	3.59	0.0058304
ALB	2.54	0.0058639
CDK19	-3.77	0.0058873
MARCO	-3.12	0.0059031
RAD51B	3.53	0.0059545
LTBP4	-2.52	0.005959
KCNA2	3.65	0.0059592
CORO1B	2.86	0.0059707
NPPC	3.06	0.0059938
ZNF264	-2.89	0.0060127
CR2	3.98	0.0060163
PLA2G4D	2.75	0.0060233
CADPS	2.58	0.0060502
SLC35F3	2.95	0.006058
LOR	3.11	0.0060871
ALDH16A1	2.7	0.0061113
LRIT1	-2.68	0.0061141
STK26	2.81	0.0061533
LOC105371967	2.77	0.0061944
DTWD1	2.65	0.0061969
SLC1A7	3.15	0.0062034
KMT2D	3.11	0.006209
MAP10	3.61	0.0062504
UBR3	2.44	0.0062617
AURKAIP1	2.59	0.0062764
RPS6KA6	2.43	0.006294
VN1R4	2.48	0.006304
AGAP2-AS1	2.41	0.0063328
FZD1	5.04	0.0063768
FOXD3	-2.74	0.0063901
AGAP2	2.77	0.0063983
LOC286191	-2.72	0.0064013
DCBLD2	2.54	0.0064109
LOC101928767	-2.44	0.0064215
DGKG	3.14	0.0064282
GIT2	2.71	0.0064352
PCGF1	3.02	0.0064356
CSHL1	2.56	0.0064738
LINC00671	2.59	0.0064755
TRPC3	2.7	0.0065055
C8ORF31	-2.91	0.0065061
ATXN3L	-3.27	0.00654
DNAH1	-2.97	0.0065406
RUBCN	-2.49	0.0065498
SIGLEC1	-3.16	0.0065561
FAM126A	3.02	0.0065659
CSMD2-AS1	2.65	0.0065702
GUCY1A2	2.87	0.0065711
RBM48	3.21	0.006574
LOC102724250	3.2	0.0065768
ATP2C2	3.17	0.006594
ARHGEF38	3.09	0.0065982
LOC102723692	2.86	0.0066225
DCT	-2.51	0.0066258
ANOS1	-2.81	0.0066432
PROSER2	2.4	0.0066608
KDM4B	2.44	0.0066655
SUSD2	-2.42	0.0066715
CLEC7A	2.53	0.0066797
UBE2NL	2.32	0.0067095
SPDEF	2.59	0.0067218
TP53AIP1	2.36	0.0067419
HGD	3.07	0.0067801
PDE5A	-2.86	0.0067808
SLC39A8	2.36	0.0067824
HCN1	2.51	0.0067845
LOC101929114	2.48	0.0067868
CD37	2.73	0.0067868
TJP2	2.5	0.0068018
CLTB	2.29	0.0068041
SP2	-2.68	0.0068248
LOC101928626	2.42	0.0069303
TMEM67	2.78	0.0069427
SUGT1P1	-2.82	0.0069782
LIMD1	-2.51	0.0069993
NOS2	2.52	0.0070163
VEPH1	-2.41	0.0070623
EHBP1L1	-2.37	0.007065
KLK2	-2.45	0.007082
PITPNM2	2.47	0.0071002
DEFA5	3.06	0.0071092
MAP2K7	3.22	0.0071094
ASMTL-AS1	2.62	0.0071259
BCL11B	4.52	0.0071287
DEFB1	3.27	0.0071353
HP09025	2.39	0.0071441
ZNRD1	4.22	0.0071475
LINC01281	-3.38	0.0071531
MAPRE2	2.42	0.0072286
KRTAP4-4	4.55	0.0072309
ANKRD24	3.65	0.0072541
KIRREL	2.69	0.0073206
LOC102724587	3.53	0.0073402
ERICH1-AS1	-2.77	0.007343
GGACT	3.67	0.0073504
PRKAA2	3.08	0.0073607
SYCP1	2.76	0.0074039
GGNBP2	-2.42	0.0074556
DDX42	4.43	0.0074602
IGKC	2.81	0.007462
NOBOX	3.2	0.0074814
RPS8	-3.1	0.0074835
CFAP58	-2.26	0.0075074
TBX20	-2.34	0.0075223
OFCC1	-2.61	0.0075228
LOC100128281	3.42	0.0075317
GADL1	-2.82	0.0075483
LOC100288590	3.23	0.0075573
COL1A2	-2.72	0.0075671
LOC200609	2.43	0.0076047
C12ORF54	2.6	0.0076149
ACTG2	-2.41	0.007618
POLQ	-2.25	0.0076337
TMCO4	-2.54	0.0076363
MROH2B	3.13	0.0076525
SARS2	2.25	0.0076536
RPRD1B	2.85	0.0076938
RFPL1	-2.76	0.0077244
CTGF	-3.09	0.0077476
ATP1A4	2.52	0.0077537
MGA	3.06	0.007763
ITGA9-AS1	-2.68	0.0078343
ENO1	2.2	0.0078998
LOC338667	2.95	0.007916
CECR5-AS1	2.72	0.0079498
CYMP	2.48	0.0079607
RIIAD1	2.45	0.0079857
CAPS	-2.19	0.0079934
PTPRJ	-2.87	0.008017
FBXL21	2.26	0.0080269
ZNF81	3.11	0.0080986
B4GALNT3	2.2	0.0080986
C17ORF74	4.67	0.0080996
CREBBP	2.79	0.0081089
TPBGL	2.23	0.0081157
UHRF1BP1L	2.21	0.0081214
KRT5	-2.6	0.0081313
CLASP2	3.87	0.0081415
F2RL2	-2.82	0.0081463
ZNF671	2.36	0.0081494
IFNG	2.48	0.0081708
ST8SIA1	2.24	0.0082158
TAS2R40	2.36	0.0082532
LOC101928727	3.2	0.0082606
LARP4B	-3.0	0.0082743
C9ORF3	-2.35	0.0082887
LINC01514	2.44	0.0082957
TKTL1	-2.67	0.0083155
HORMAD2	2.22	0.008318
NCR2	2.4	0.0083277
OTUB2	2.3	0.0083392
FOXP3	4.0	0.0083961
GAL3ST2	-3.53	0.0083969
LINC01091	3.09	0.0084088
ELF3	2.93	0.0084645
LINC00662	2.5	0.0084775
OR2H1	2.92	0.0085538
LOC100505710	3.03	0.0086049
LOC100507560	2.18	0.0086074
TMEM87A	4.56	0.0086087
OK/SW-CL.58	2.36	0.0086389
LOC339593	-2.25	0.0086753
TMEM158	3.4	0.0086868
SERPINB3	2.79	0.00869
LOC441242	-2.61	0.0087314
CDC34	2.34	0.0087867
LOC100130370	-2.4	0.0087873
PCDHGA10	3.28	0.0087893
XPO5	3.04	0.008793
NGLY1	2.22	0.0088059
ZBTB17	2.27	0.0088061
LINC01127	-3.7	0.008823
ROS1	-2.54	0.0088402
NFIA-AS2	2.21	0.0088722
CCDC102A	-2.27	0.008884
LOC100653086	-2.17	0.0088864
SLC2A13	2.94	0.0088885
ZNF584	-2.96	0.0088905
PRR7-AS1	-2.43	0.0089102
TRPC4	-2.22	0.008918
LINC00334	2.24	0.0089184
SNX32	2.87	0.0089223
RHD	-2.56	0.0089338
GPBAR1	-2.73	0.008952
CANT1	-2.45	0.0089552
ADORA2B	2.23	0.0089626
AGTR1	-2.25	0.0089789
TRHDE-AS1	3.04	0.0089847
TRNAU1AP	2.83	0.0089861
ART4	3.83	0.0089876
THBS1	3.49	0.0089931
DCAF6	3.28	0.009008
ADIRF	-2.68	0.0090727
TNFRSF10D	2.4	0.0090795
LOC101928135	2.42	0.0090906
LOC401220	4.44	0.0091061
NAA30	3.23	0.0091642
ABCA4	2.51	0.0092257
LINC00488	-3.3	0.0092692
IL37	-2.21	0.0092842
CNN1	-3.69	0.0093
ULBP2	2.11	0.0093357
APOBR	2.58	0.0093593
POU5F2	3.0	0.0094016
RUNX1T1	3.03	0.0094245
ZNF416	2.5	0.009436
ARMC5	2.63	0.0094401
ARHGAP22	-3.89	0.0094553
AGRP	3.9	0.0094835
C1RL	-2.19	0.0094836
ELMO3	2.69	0.0095567
MAGEA4	-2.43	0.0095796
KLHL6	-2.29	0.0095978
FRZB	-2.16	0.0096196
LOC146513	2.17	0.0096294
LOC389906	2.48	0.0096817
CDK15	-2.11	0.0097213
KIF20A	-3.46	0.0097959
PDXK	-2.63	0.0098453
ANGPTL1	-2.71	0.0098746
HOXB5	2.28	0.0099069
ATP8A1	2.06	0.0099388
C17ORF105	-2.6	0.0099442
EFNA2	2.25	0.0099592
LINC01432	2.83	0.0099745
LINC00460	2.69	0.0100153
AIM1L	2.47	0.0100163
MIRLET7D	2.27	0.010018
LINC01428	3.26	0.0100395
TRIM3	2.68	0.0101118
MYL9	-2.57	0.0101348
MUSK	3.71	0.010135
APLF	2.96	0.0101369
GFI1B	2.48	0.0101735
FXYD2	2.56	0.0101804
MAGEE2	2.39	0.0101868
ZNF93	2.6	0.0101936
PKN3	2.67	0.0102183
ZAR1	2.2	0.0102335
LOC401442	2.64	0.0102878
AK8	-2.18	0.010303
ITGB2-AS1	-2.43	0.0103112
LARP1B	2.4	0.0103178
TMPRSS13	2.38	0.0103246
ABLIM2	2.56	0.0103319
SLC22A9	3.21	0.0103367
PRKAR2A	2.16	0.0103766
LINC00598	2.29	0.0104038
CARMIL2	-2.97	0.0104216
PIK3AP1	3.4	0.010425
PCDH15	-3.21	0.0104422
LOC286154	2.91	0.0104502
HIPK3	2.87	0.0104533
SLC10A2	2.03	0.0104973
CASC11	-2.61	0.0105451
PSMD6	2.66	0.0105714
PRR26	2.28	0.0105854
LOC101929268	2.36	0.0105861
ST8SIA3	3.24	0.0105988
LOC692247	3.06	0.0106113
GHRHR	2.34	0.0106166
CCDC71L	-2.34	0.010656
RNLS	2.33	0.0106632
LINC00691	3.91	0.0106649
PKD2L2	-3.32	0.0106743
APOL4	-2.63	0.0106932
SCEL	2.23	0.0107123
IFT43	2.99	0.0107505
TNFSF10	-2.18	0.0107621
TMEM200A	2.44	0.0107753
LOC100130815	-3.62	0.0107933
HS6ST1	2.07	0.0108061
AGTR2	3.34	0.0108255
CACNG5	2.03	0.0108461
SFXN4	2.59	0.0108556
YBX1	3.54	0.0108873
AMACR	2.37	0.0109053
YWHAH	2.23	0.0109127
LOC100507534	2.96	0.0109242
MIRLET7DHG	-2.62	0.010948
NLGN4Y	3.15	0.0109488
NLRP2B	-3.0	0.0109503
TNFRSF13C	2.74	0.0109652
STRBP	3.54	0.0110145
CPB2	2.46	0.0110504
TRPV2	2.17	0.0110637
PWP2	3.25	0.0110737
RRAD	3.64	0.0110814
KLC3	2.16	0.0111112
KRTAP4-3	4.24	0.0111263
MAGEB6	-3.87	0.0111794
ARHGAP6	-2.58	0.0111809
TLL2	2.72	0.0111966
LOC101927043	3.11	0.0111984
LOC284080	2.33	0.011203
ACSM2B	3.02	0.0112243
ELF5	3.07	0.0112244
RAB5A	2.73	0.0112614
CDH13	2.95	0.0112688
LOC105376379	-2.13	0.0112945
GBP6	-2.88	0.0113007
CXCL12	-2.33	0.0113311
LINC01015	-1.99	0.0113434
SOX3	3.19	0.0113485
CHRNA6	2.06	0.0113735
LOC100996624	2.92	0.0113808
NFYA	2.21	0.0113982
CCDC110	2.56	0.0114808
CD53	2.88	0.0115187
ZDHHC11	2.65	0.0115325
ZNF639	3.4	0.0115404
EDA	2.88	0.0115775
DLG1	-2.32	0.0115877
REPS2	-2.14	0.0115972
FAM155B	2.33	0.011628
ORMDL3	-2.54	0.0116422
TEX13A	2.38	0.0116661
WDR86	-2.77	0.0116951
SFTPB	2.86	0.0117396
CACUL1	-3.16	0.0117589
CELSR1	2.46	0.0117818
LINC00276	-3.43	0.0117836
NDUFS1	-2.12	0.0118223
OVOL2	4.29	0.0118269
BUB3	-2.19	0.0118289
SMAD4	-3.94	0.0118887
RRN3P1	3.44	0.011899
GJA5	-3.09	0.0119389
CCDC13-AS1	-2.3	0.0119513
LSAMP-AS1	2.3	0.0119677
LOC286177	3.11	0.011985
PRLR	2.45	0.0120005
FGF18	-2.62	0.0120033
LOC100129449	-2.38	0.0120145
PLCZ1	-3.06	0.0120158
TINCR	2.54	0.0120347
TBKBP1	2.04	0.0120604
LYG1	2.71	0.0120804
PPARGC1A	3.85	0.0121531
VDAC1	2.03	0.0121553
PPP1R3A	-3.17	0.0121929
DGKK	-2.44	0.0121991
PCDHB13	2.99	0.0122088
PARVG	-2.88	0.0122269
CDCA7	2.07	0.0123117
FOXJ1	3.31	0.0123212
LOC284669	2.7	0.0123415
AP1S1	2.26	0.0123498
SCNN1B	3.76	0.012352
S100Z	-4.15	0.0123713
RBBP8NL	-2.39	0.0123784
CRYBA2	-2.46	0.0123805
PNOC	2.76	0.0123811
LOC100506379	-3.7	0.0123834
INTS3	2.72	0.0123925
PELO	3.15	0.0124021
MAPKAPK5-AS1	3.36	0.0124287
LOC105376292	2.27	0.01244
MRC2	2.41	0.0124405
ASPH	2.63	0.0124438
CXCL14	2.31	0.0124699
ARHGEF12	3.01	0.0125094
SH2D4A	-2.22	0.0125361
KLK10	-2.06	0.0125382
KLK5	2.34	0.01254
LOC100652911	-1.99	0.0125428
RGPD4-AS1	3.05	0.0125472
C10ORF71-AS1	2.87	0.0126119
CTU2	2.54	0.012612
CDKN2D	-2.07	0.0126417
GRIK2	3.59	0.0126445
FAM212B-AS1	3.16	0.0126519
POM121L8P	3.01	0.0126687
APBA1	2.09	0.0126958
IFNA10	2.88	0.0127693
LOC101929681	2.48	0.0127828
ADAM12	2.11	0.0127859
TEX29	2.43	0.0127924
DMP1	1.98	0.0127958
ERICH5	3.7	0.0128165
NEK2	-2.56	0.0128182
COBLL1	-3.15	0.0128881
SCML4	-2.54	0.0128988
LINC00302	-2.23	0.0129003
GFI1	2.24	0.0129081
CASR	2.99	0.0129208
HOXC11	3.4	0.0129291
ANO6	2.64	0.0129507
LOC101927228	-2.7	0.0129515
DYNLRB1	2.2	0.0129538
SDR42E1	2.12	0.0130648
LOC101928902	2.81	0.0130785
NAV2	2.87	0.0131004
ADGRB1	2.29	0.0131193
LCMT1-AS2	2.51	0.0131401
HBBP1	4.18	0.0131449
CYB5R1	1.96	0.0132126
LOC152225	3.12	0.0132223
TMEM52	2.62	0.0132319
COL3A1	-2.35	0.0132469
DEPDC1	2.87	0.0132544
SCGB1D2	-3.99	0.01326
FAM46C	1.94	0.013316
LOC400620	3.68	0.0133329
TRPC5	2.67	0.0133586
KRT38	2.98	0.0133705
LOC105375531	2.99	0.0133778
TMEM161A	2.11	0.0133819
LOC100996671	-3.31	0.0133887
IFIH1	-3.06	0.0134099
EIF5A	2.95	0.0134435
CNBD1	-2.7	0.0134559
TBX6	2.15	0.013465
SPRY3	2.15	0.0134739
SFRP2	-3.02	0.0134846
PLK3	2.62	0.0135135
PITRM1	2.92	0.0135172
LOC101928457	2.89	0.013546
HMGB4	2.85	0.0135462
LINC01282	-2.47	0.0135598
CC2D2A	-2.83	0.013607
TPO	-2.11	0.0136162
PDSS1	2.43	0.0136548
ACTN1	2.33	0.0136577
LINC00965	-2.43	0.0136682
ZBBX	-3.35	0.0136699
EPS8L1	-2.7	0.013675
GTF3C2-AS1	3.63	0.0136847
CCDC7	2.7	0.0137452
PFDN4	2.65	0.013747
TFB2M	4.26	0.0137545
DPT	1.93	0.013804
LOC105371226	-2.33	0.0138432
CCND2	3.89	0.0138674
SLC6A19	-2.32	0.0138749
HSPA9	2.92	0.01388
PKDREJ	-2.62	0.0138881
LINC00687	-2.82	0.0138938
CFTR	4.1	0.013904
VILL	-2.29	0.0139058
SOAT2	1.94	0.0139191
LOC101927603	1.89	0.0139301
LETM2	2.62	0.0139393
EXOG	-2.14	0.0140142
TSPEAR-AS2	3.15	0.0140273
GSG1	-2.94	0.0140811
CXCR3	-1.92	0.0140993
MMP1	-2.7	0.0141
NLRP9	2.16	0.0141458
STAG3	1.86	0.0141483
FAM83A	2.65	0.014171
SH2D1A	-2.4	0.0141734
ETV4	2.3	0.0141973
GNA14	1.92	0.0141976
GPC1	3.08	0.0142034
FLVCR2	-2.05	0.014208
PSIP1	1.94	0.0142267
LOC101929536	2.48	0.0143237
CASC2	3.7	0.0143788
NPSA	3.37	0.0143825
NME7	1.86	0.0144225
DPPA2	2.58	0.014423
MFSD2A	2.46	0.014478
MZF1	2.11	0.0144861
PTGER3	-2.05	0.0144978
DENND1A	3.37	0.0145648
C15ORF62	3.96	0.0146106
AKAP12	1.95	0.0146249
HTR3B	3.33	0.0146285
TPP1	-2.04	0.0146481
CMBL	2.33	0.014735
BTG4	-1.94	0.014768
MAGEA12	-3.21	0.0148056
CYP3A4	2.42	0.0148078
GAN	2.52	0.014838
FKBP3	2.12	0.0148402
PPP2R2A	-2.52	0.0148654
ZKSCAN7	2.18	0.014952
SCNN1G	5.26	0.0149589
GRAP	-2.02	0.0149782
FLT1	1.95	0.0150038
ULBP1	1.94	0.0150545
LOC105372607	2.77	0.0150625
IGF1R	-1.93	0.0150692
LINC01365	-2.19	0.0150757
FAM163A	1.88	0.0150877
SMG6	3.13	0.0150899
IFNA16	2.21	0.0150916
STAP1	2.39	0.0150916
HACD1	2.2	0.0151263
KIAA1652	2.82	0.015155
ZSCAN4	-2.62	0.015208
F13B	2.88	0.0152193
ZIK1	1.86	0.0152294
DDR1-AS1	1.85	0.015232
FKBP4	1.99	0.0152557
RECQL5	-2.63	0.0152613
EFNB3	2.23	0.015308
CXXC1P1	3.25	0.0153356
PTPN11	2.0	0.0153412
LOC401463	2.23	0.0153611
MIA	2.15	0.0153956
KITLG	-2.09	0.0154245
BCAT2	-1.99	0.0154267
IGHV3-75	3.02	0.0154444
SQSTM1	1.89	0.0154891
PAX3	-2.36	0.0154951
MRVI1-AS1	1.85	0.0154991
ARMC9	1.89	0.0155148
DPPA5	1.83	0.0155627
FBXO36	-2.29	0.0155946
BEND4	-1.92	0.0156313
ZADH2	3.23	0.0156859
ANXA10	3.45	0.0156963
SLC19A1	-2.27	0.0157067
FIGLA	2.07	0.0157221
CT55	-2.46	0.0157912
OAS3	-2.65	0.0157934
GTSE1-AS1	1.97	0.0157996
ZMIZ2	-1.87	0.015857
GH1	-1.93	0.0158828
PCA3	1.94	0.0158971
MUC15	-2.54	0.0159212
TMEM232	-1.84	0.0159572
FOXP4-AS1	2.45	0.015962
POLE	2.52	0.0159644
CYBB	-2.1	0.0159872
CCL2	2.31	0.0160053
LOC105377776	2.86	0.0160228
LOC157273	2.15	0.0160315
LOC101928231	2.35	0.016048
VPS33A	1.96	0.0160685
LOC100286922	-1.8	0.0160807
GABRG3-AS1	3.1	0.0160901
L2HGDH	3.51	0.0161291
FHL5	-1.89	0.016135
ZNF341	3.54	0.0161524
KCNJ1	-3.04	0.0161708
LOC389834	1.88	0.0161944
CST5	-3.2	0.0162022
KLHL36	1.8	0.016204
SSTR4	-2.8	0.0162863
DLGAP1-AS2	-2.13	0.0163072
FRMD8	2.51	0.0163173
BICDL1	2.62	0.0163496
MCOLN3	-1.88	0.0163887
SIGLEC11	2.13	0.0164331
SHOX2	2.54	0.0164504
LOC100505784	3.35	0.0164566
ABHD5	-1.93	0.0165127
AVPR2	-2.54	0.0165258
TRIM8	2.34	0.0165271
TYRO3P	2.36	0.0165478
IZUMO2	-2.89	0.0165672
SCD5	2.56	0.0165675
C7ORF33	1.84	0.0165678
C6ORF118	1.93	0.0165866
PLA2G4F	1.86	0.016592
SLC2A4RG	-2.4	0.0166214
RSU1	2.5	0.0166892
FGF3	1.81	0.0166972
TCP11	3.3	0.0167227
LINC01362	2.49	0.0167433
C3ORF20	1.79	0.0167878
ARTN	3.48	0.0167986
KCNK3	2.68	0.0168009
BCL2L14	2.19	0.0168654
SLAMF1	2.62	0.0168685
TNNC2	2.75	0.0168964
HNMT	-1.95	0.0168979
PKNOX2	-1.91	0.0169207
SLC7A2	3.77	0.0169405
SLC30A6	-2.36	0.0169556
IFI27	-2.59	0.0169686
GNG4	3.03	0.0169787
PEAK1	1.83	0.0170224
BRIP1	2.41	0.0170657
CDKN2B	1.96	0.0170681
GPX3	-2.68	0.0170693
RBPMS2	2.09	0.0170967
PSMD9	2.4	0.0171026
SEC14L2	-2.59	0.0171034
MARCH11	2.17	0.0171326
SNORA21	-2.79	0.0171344
IL11	2.56	0.0171572
LOC389199	1.9	0.0171658
SPRR3	2.99	0.0171763
EIF4EBP2	2.33	0.0171786
LOC101927495	-2.48	0.0172196
NKX3-2	2.97	0.0172676
TRIML2	2.17	0.0173471
BCL6	1.91	0.0173619
HNRNPA2B1	2.01	0.0174216
LOC101927811	2.72	0.0174482
LOC100288860	2.2	0.0174593
COL1A1	-2.38	0.0174635
TUBAL3	2.95	0.0174837
IMPG1	-2.63	0.0175299
KIF16B	-2.74	0.0175661
DUSP4	3.19	0.017629
MYO16	2.91	0.0176658
LOC285593	-1.96	0.0176725
EPB41L4B	1.95	0.0176861
PTPRT	2.16	0.017708
LOC100507033	2.01	0.0177469
SLC6A3	-2.15	0.0177521
HEXDC	-1.76	0.0177945
RNF144B	-2.72	0.0178519
FAM20C	3.28	0.0178596
LINC00664	1.86	0.0178672
HOXA7	2.82	0.01787
NELL1	1.74	0.017872
GNAT3	-2.18	0.0178766
ASB4	3.33	0.0178957
KLHDC7B	2.14	0.0179197
ALG3	2.22	0.0179281
TGIF2	3.51	0.0179447
OR51B5	3.11	0.0179458
ZNF628	1.76	0.0179603
M1AP	3.21	0.0179975
A2M	-1.88	0.0180087
EGR1	3.11	0.018024
ECSCR	-1.87	0.0181148
DSG3	-2.92	0.0181154
LOC100506236	2.59	0.0181683
SCNN1A	-2.84	0.0181829
LINC01016	2.96	0.0181831
CD84	-3.0	0.0181859
PPP1R11	2.59	0.0182003
DDIAS	-2.6	0.0182387
LOC642620	-2.13	0.0182677
POFUT2	-2.25	0.0183021
TXK	-1.85	0.0183509
INPP5B	-1.87	0.0184008
CEACAM3	-1.82	0.0184357
NEK11	2.27	0.0184554
PCDHGB8P	-2.59	0.018486
ADGRF1	-2.23	0.0184917
DEAF1	-2.21	0.0185075
EVI5L	2.18	0.0185381
ADAMTSL1	1.76	0.0185833
NUDC	-2.03	0.0186093
TIMM8B	1.9	0.0186491
LOX	-2.82	0.0186622
ZNF777	-1.75	0.0186923
FOXA2	-2.88	0.0186925
LOC100505685	2.47	0.0187082
TSC22D2	2.06	0.0187325
TAT	2.33	0.0187329
LINC00226	-2.64	0.0188656
ZPBP2	-2.35	0.0188888
ZFAND5	-2.96	0.0189128
MTHFSD	-2.74	0.0189286
TNXB	-2.55	0.0189395
RARA	2.62	0.0189807
OGFR	2.12	0.0190041
ERICH1	-2.26	0.0190054
CA1	1.78	0.0190277
LOC101927278	-2.09	0.0191372
LINC00622	1.91	0.0191414
CTAG2	1.94	0.0191421
WNK1	-2.94	0.0191422
GP5	3.16	0.0191626
SIX5	1.88	0.0191644
ANKUB1	-1.97	0.0191789
TMEM218	-2.56	0.0192312
RPRML	3.33	0.019302
CD3D	3.15	0.0193085
EYA1	1.83	0.0193143
TMPRSS11D	2.51	0.0193147
LOC101928475	2.8	0.0193179
BEAN1	1.81	0.0193258
ZBTB7C	2.35	0.0193327
DCLK1	-1.75	0.0193476
ZXDC	2.07	0.019408
UPK2	1.92	0.0194529
INSL6	-2.0	0.0194746
LYZL1	-2.51	0.0195098
GUCY2C	3.01	0.0195142
PPTC7	2.14	0.0195251
TRUB1	3.08	0.0195316
LOC101926962	2.9	0.0195385
ITSN2	1.75	0.0195603
ZNF678	3.05	0.0195684
ALG5	1.78	0.019604
NCOA3	-2.19	0.0196041
EPB41L4A	2.97	0.0196215
KRTAP13-1	3.7	0.0196294
FPGS	-1.94	0.0196736
STIP1	1.76	0.0196849
MAP4K1	-1.9	0.0197044
DNAH11	-3.57	0.0197087
ANGPTL8	-2.34	0.0197283
PCGF3	-1.89	0.0197413
LOC100131860	-2.38	0.0197545
LOC101928817	1.81	0.0197716
CDKL5	-1.74	0.0197815
LINC01622	2.4	0.0197889
IQGAP3	2.11	0.0198281
EEF1A1	1.7	0.0198284
DPEP2	-3.26	0.019843
UBE3B	-2.29	0.019881
RBM46	3.22	0.0199101
ADAM8	3.22	0.0199239
MGP	-2.46	0.0199447
SLC9A3R2	1.73	0.0199559
MGC16275	-2.44	0.0200083
CR1L	2.36	0.0200145
DKFZP547J222	-2.22	0.0200443
LOC91548	1.74	0.0200558
NPHP1	3.35	0.0200611
CRAMP1	-2.65	0.0201058
EHD4	-2.17	0.0201087
NSUN7	-2.21	0.0201094
GUCA1C	-1.74	0.0201262
CYP2A13	2.38	0.0202045
FABP6	3.14	0.0202062
CD28	1.86	0.0202524
MUC5AC	2.24	0.0202538
HOXA10	4.38	0.0202828
BTN2A2	2.62	0.020386
MMP27	2.05	0.0204185
TEX9	3.14	0.020448
CWH43	-1.86	0.0204528
ARL10	-1.84	0.0204554
LINC00454	-1.74	0.020469
LOC100128554	2.82	0.0204891
NAALAD2	4.73	0.0205041
FRG2EP	1.89	0.0205133
LINC00672	2.52	0.0205652
TARSL2	-2.91	0.0205696
IRF4	1.85	0.0206181
LINC-PINT	-2.36	0.0206311
GRIN2A	2.33	0.020637
SLC22A18AS	2.3	0.0206384
STON2	-1.69	0.0206385
DNAH9	1.77	0.0206796
WWOX	-1.79	0.0206929
DAPL1	-2.98	0.0207033
LOC101927851	-2.69	0.0207146
EIF1B-AS1	2.0	0.0207274
LOC100507520	-2.05	0.0207806
D2HGDH	2.14	0.0207974
TMEM26-AS1	1.81	0.0208204
FBXO21	2.1	0.0208305
LOC100129603	-2.07	0.0209108
LINC00305	-2.0	0.0209373
LINC00689	3.0	0.0209448
FOXC2	2.48	0.0209651
TEPSIN	1.98	0.0209802
PYCRL	-3.26	0.0210021
LGSN	-3.4	0.0210526
CALCA	-2.2	0.0211015
ITPK1	-1.8	0.0211249
METRN	-1.81	0.021165
CD58	2.21	0.0212204
NUSAP1	-3.32	0.0212266
ZNF518B	3.86	0.0212531
MINCR	1.96	0.0212542
NOVA2	-2.85	0.0214153
LOC728743	2.08	0.0214411
LINC00658	3.02	0.0214855
GPR6	2.64	0.0214938
C7ORF34	1.94	0.0215056
VSTM4	-2.41	0.0215456
TINAG	3.31	0.0215484
GPX2	2.94	0.0215571
MMP28	-2.32	0.0216169
CCNE1	2.02	0.0216585
TMPRSS15	2.99	0.0216714
NUP93	-1.97	0.0216744
RPAIN	3.43	0.0217078
HEATR6	1.69	0.0217101
TMC5	1.85	0.0217356
MCOLN2	1.94	0.0217484
LINC00982	2.38	0.0217646
RSU1P2	4.06	0.0217937
LIM2	-2.84	0.0218222
PTAR1	1.71	0.0218474
IL20RA	2.44	0.0219368
ZNF480	1.87	0.0219395
LOC100631378	2.83	0.0219441
GRIN1	1.84	0.0219532
PLEKHN1	-2.1	0.0219672
CACTIN	2.67	0.0219799
CACNG4	-1.87	0.0220061
HIC2	2.24	0.0220563
HRH2	-1.8	0.0220573
GALNT5	1.88	0.0220766
MANEA	-2.44	0.0220813
NUTM2A-AS1	-1.69	0.0221028
DSE	1.8	0.0221534
LOC100291666	2.46	0.0221552
KIAA1456	1.82	0.0221853
FAM99B	2.03	0.0221927
PCDHB17P	-2.49	0.0221974
CCDC57	-2.31	0.0222061
SEZ6	2.87	0.0222321
SAMD10	2.03	0.0222678
ZCWPW2	1.65	0.0222781
LOC100129098	2.11	0.0222992
ASCL2	2.87	0.0223256
ATP11A-AS1	-3.68	0.0223274
NUDT10	1.63	0.0224167
DIRAS1	1.77	0.022417
SERPINA7	2.8	0.0224182
POU4F3	-1.74	0.0224363
ZNF594	-1.64	0.022442
STAC	2.7	0.0225085
SEC16B	2.09	0.0225446
METTL26	1.98	0.022591
LOC151657	2.38	0.0225971
RGS10	-2.5	0.0226453
LOC101929450	1.73	0.022676
NUMA1	1.92	0.0227104
SLC9A2	1.91	0.022714
HPGD	-2.13	0.0227231
MYBBP1A	2.09	0.0227248
PCGEM1	3.09	0.0227669
CEP152	2.43	0.0227691
RERGL	-1.92	0.0228057
FAM84A	1.99	0.0228058
TCERG1L	3.03	0.0228274
ARHGAP36	1.73	0.0228445
TSPAN12	-2.32	0.0228719
PMCH	1.84	0.022875
LOC101928728	-3.34	0.0228905
IL10	2.03	0.0229751
GAGE1	-2.51	0.0230233
ATP6V0D2	2.12	0.023074
RASGEF1A	2.58	0.0230779
LOC101929718	1.71	0.0230995
FGB	2.12	0.023108
SLC26A10	1.69	0.0231257
LOC101929745	1.97	0.0232233
PTPRC	1.68	0.0232291
C17ORF89	1.7	0.0232528
TSSK4	3.15	0.0232879
PIGG	2.43	0.0233016
SOCS7	3.37	0.0233239
LIN7A	1.8	0.0233508
MS4A15	2.26	0.0233871
HBM	-3.39	0.0233925
SUZ12	1.64	0.023397
EIF1	2.2	0.0234027
LOC400965	-2.55	0.0234296
AK7	-2.08	0.0234314
HSD3B1	-1.99	0.0234459
CISH	2.46	0.0234745
LOC101929726	-1.83	0.0235643
METTL15	2.85	0.0236889
BREA2	1.89	0.0237143
HRH1	1.67	0.0237608
ERG	1.74	0.0237685
TMEM204	-2.28	0.0238095
LOC101060400	2.3	0.023857
OR2J3	3.26	0.023863
ZDHHC3	2.51	0.0238802
KLHL31	2.36	0.0239506
NOP14-AS1	1.74	0.0239788
CXCL1	-2.16	0.0240132
ZBTB46	2.05	0.0240347
CAMK2A	2.5	0.0240572
ABRA	1.92	0.0240756
IL21R	2.57	0.0241602
LOC105371352	-2.2	0.0241622
PGC	1.69	0.0241865
IDS	2.92	0.0242018
LOC101928896	-1.63	0.024208
ICA1	1.88	0.0242639
PDC	1.59	0.0243058
RPS11P6	3.03	0.0243167
CTHRC1	-1.78	0.0243278
UNC45B	-2.16	0.0243802
ATN1	1.6	0.0243907
KIF1A	1.94	0.0243989
SNED1	-1.62	0.0244336
FBXL18	1.99	0.0244354
PRSS33	3.23	0.0245526
LIPH	3.54	0.0245778
LENEP	2.12	0.0245819
LAMC2	4.77	0.0246285
TBX5	1.89	0.0246405
LOC101927411	-1.72	0.0246816
TMEM44	-2.16	0.0246927
PHACTR2-AS1	-2.48	0.0247046
KCNA1	3.87	0.0247164
WDR19	2.47	0.0247165
COL8A1	-1.71	0.0247264
MIR4435-2HG	3.63	0.0248784
TOR1AIP2	1.63	0.0249097
FCGR3B	1.73	0.0249102
AGBL4	3.75	0.0249339
IQCH-AS1	2.78	0.0249762
SYNJ2	2.13	0.0249914
HSPH1	1.59	0.025113
LOC101927606	1.79	0.025135
CDH1	3.37	0.0251482
MGAT4EP	1.98	0.0251634
CALML4	-1.86	0.0251873
LOC107984282	1.96	0.0252103
ACSM3	-1.59	0.0252118
ZNF568	1.63	0.0252338
DNAJC5B	1.59	0.0253001
LOC105374587	3.04	0.0253033
HAB1	1.9	0.0253186
SMOC2	-2.28	0.0253401
C21ORF58	-2.18	0.0253934
LOC285847	2.74	0.0254143
EGOT	2.17	0.0254381
GSC2	-2.56	0.0254741
STXBP5L	2.38	0.0254958
TACO1	1.74	0.0255148
ZNF3	1.6	0.0255729
BAALC-AS2	1.59	0.0256336
ATF2	1.82	0.0256429
CFI	-2.25	0.0256792
CACNG7	1.59	0.0257072
ZNF316	-2.1	0.0257429
TSPAN18	3.58	0.025743
CST3	-2.58	0.0258027
CACNA1E	2.8	0.0258055
SLC7A3	3.23	0.0258114
CIDEB	2.02	0.0258117
LOC101927792	-1.77	0.0258436
DIAPH1	2.43	0.0258862
C11ORF58	1.81	0.0259
SOX1	1.93	0.0259134
CYP17A1	-3.15	0.0259246
BIVM	2.42	0.0259257
CMTM6	2.31	0.0259783
PUM2	-1.99	0.0259811
ZFP64	1.71	0.0260254
CPA1	-2.4	0.0260382
CDH6	2.92	0.0261327
CPLX3	1.84	0.0261456
TPM2	-2.37	0.0262571
DCN	-1.6	0.0262582
LOC101929297	1.55	0.0262846
MCPH1	1.87	0.026293
MAGEB18	-4.52	0.0263145
MEG3	-2.83	0.0263465
SSH1	1.61	0.0263482
LOC645513	-3.12	0.0263562
TNPO2	-2.26	0.0263586
TAF15	2.8	0.02637
ESPN	2.86	0.0263708
PPP1R1A	1.56	0.0263771
ARG2	1.82	0.0263863
FGF23	3.0	0.0264011
DCAF8	-3.03	0.026435
KMO	3.1	0.0264404
CDKN2A	2.01	0.0264931
TMEM131	3.32	0.0265572
KRTAP1-1	1.67	0.0265714
BORCS6	1.87	0.0265774
PTK7	-2.61	0.0265975
ITM2A	-1.58	0.0266036
ST6GALNAC4	-1.96	0.0266925
SYT12	2.87	0.0266965
FANCB	1.7	0.026726
SIRPG	-3.69	0.0267265
PIK3R2	1.55	0.0267522
CNTFR-AS1	3.69	0.0267788
SLC23A1	2.85	0.0267967
SLC24A1	-3.17	0.0268083
SCN8A	3.83	0.0268255
LOC101928973	-2.74	0.0268351
CHERP	2.17	0.026845
TCF3	1.99	0.0268749
RGS5	-1.69	0.0268866
BLVRA	-1.69	0.0268967
HOXA-AS2	2.26	0.0269585
TMEM106C	1.66	0.0269702
SNX20	-2.23	0.0270133
RNF213	-2.1	0.0270251
NPR2	1.57	0.0270499
ARID1B	3.51	0.0270576
CALCR	2.8	0.0270734
MCMDC2	-3.16	0.0270929
FAM117B	2.47	0.0270951
LOC100130111	3.68	0.0271333
UBQLNL	-2.6	0.0271557
STRADA	-2.26	0.0271684
STK11	-1.9	0.027177
LOC284930	2.52	0.0271834
SV2C	-1.97	0.027193
NPFFR1	-2.04	0.0272516
FGF5	2.46	0.0272741
YOD1	1.61	0.0273043
SF3B2	1.53	0.0273406
MED28	-1.97	0.0274703
LCN8	2.01	0.0274707
LINC01267	2.79	0.0274734
CDKL1	1.69	0.0275092
RHOB	-1.59	0.027511
TRPM4	-1.96	0.0275127
CYP51A1-AS1	-2.36	0.0275227
HKDC1	2.31	0.0275408
ARHGEF40	1.61	0.0275499
F12	-2.47	0.0275772
LOC101928238	-2.29	0.0275798
DEUP1	4.21	0.0275947
BEST3	3.45	0.0276012
RCL1	2.04	0.0276166
CYP4A11	-1.95	0.0276415
PCSK6	2.12	0.0276569
VWF	-2.11	0.027724
HES6	-1.79	0.0277406
HCG18	1.8	0.0277811
RBBP6	3.1	0.0277966
CLUAP1	1.92	0.0278041
COL5A2	-2.55	0.0278068
LINC00643	4.42	0.0278136
DGKE	3.37	0.0278434
LOC729652	-2.54	0.0278754
CLEC2L	2.09	0.0278764
CP	-1.92	0.0279215
S100A13	2.04	0.0279781
FAHD2CP	-1.81	0.0279797
DYDC2	2.17	0.0279838
GYS2	-1.52	0.0279871
MAP3K2	1.73	0.0280038
OR3A1	-1.88	0.0280468
CARD14	-1.78	0.028069
ENDOV	-2.13	0.0280907
GGA1	1.7	0.0281226
RABGAP1L	-2.05	0.0281338
HEATR4	3.43	0.0281757
TOR2A	1.64	0.0281872
TAL1	-1.56	0.0282134
FUT9	4.07	0.0282413
EMC3	2.46	0.0282717
SNX25	-2.3	0.028277
RPL13AP17	-1.87	0.0283171
AQP4-AS1	-2.11	0.0283463
LZTS2	1.88	0.0283479
RAB12	-2.0	0.0283496
INE1	2.47	0.0283876
LYG2	2.34	0.0284041
LRRC52	2.64	0.0285053
ZNF440	2.18	0.0285155
ARHGAP42	-2.18	0.0285351
DHX35	2.18	0.0285963
KIF27	-2.68	0.0286103
MMP25	2.98	0.0286557
ESR2	2.02	0.028676
RALGAPA1	2.05	0.0286942
ATP1B3	1.58	0.0287282
DNAJC21	2.09	0.02877
DLEC1	-2.49	0.0287796
DNAJC9-AS1	1.57	0.028783
LOC101927406	2.9	0.0289128
MS4A12	2.48	0.028935
MMP2	-1.89	0.0289663
KLF14	-1.59	0.0289703
CST9L	-1.72	0.0289723
STAR	1.95	0.0291158
KIAA1109	2.69	0.0291162
LOC101927359	-1.82	0.0291283
ASIC5	-3.32	0.0291949
C2ORF71	-2.61	0.0292111
NCOR2	-2.03	0.0292189
CST8	2.14	0.0292723
BAG6	1.71	0.0292977
SYN2	2.9	0.0293058
FN1	-1.86	0.0293255
ZC2HC1B	2.38	0.0293271
ASB1	-2.41	0.0293288
ZFYVE9	1.56	0.0293344
PTMS	2.37	0.0293365
FRAS1	1.6	0.0293584
EEF1E1	1.53	0.0293849
RAPGEFL1	1.8	0.0293896
MYO10	1.59	0.0294409
TOR1AIP1	4.59	0.0294439
SCAMP5	2.42	0.0295243
TSPYL1	3.2	0.029568
KIAA1257	-2.24	0.0295697
SEPT5-GP1BB	2.96	0.0295759
CD300LG	-1.55	0.0295991
KIF1C	2.02	0.0296026
OR2B6	2.53	0.0296337
RNASE7	2.74	0.0296404
FOXD4	2.33	0.0296687
ZNF71	-1.97	0.0296718
GABRA3	3.34	0.0296736
LINC01252	1.65	0.0297138
TRDN	-2.58	0.029734
ETNK1	4.21	0.0297814
TROAP	1.73	0.0297927
ADPRHL1	1.62	0.0298232
MYO3A	-3.02	0.0298543
TEX11	2.04	0.0298562
CSPG5	2.16	0.0298607
C1ORF194	1.55	0.0298701
F13A1	-1.98	0.0298804
ZNF41	3.0	0.0299005
RELL1	1.85	0.0299451
SLC2A3	1.91	0.029946
SLC26A7	3.69	0.0299493
KCP	-2.13	0.0299686
FOSL2	2.07	0.0300624
GIMAP8	-2.01	0.0300689
PDZRN3-AS1	3.11	0.0300749
TGFBRAP1	1.65	0.0301651
LOC100129503	2.03	0.0301712
PPP1R14C	3.27	0.0302276
ARHGEF39	3.39	0.0302902
ADORA2A-AS1	2.13	0.0303069
LINC01330	-2.38	0.0303368
MOBP	-2.36	0.0303378
MCTP2	2.02	0.0303739
LOC100507461	3.47	0.0304648
TBC1D16	1.67	0.0304836
CXCL9	1.49	0.0305802
CD6	-2.04	0.0306044
ENPP3	3.52	0.0306868
ERVV-1	2.31	0.0307789
STOML3	2.39	0.0308451
SRC	1.75	0.0308578
EWSAT1	-1.97	0.0308641
RCE1	1.71	0.0308988
IL2RG	1.69	0.0309163
HIPK1	1.62	0.0309621
BFSP2	2.07	0.0309716
IRGQ	2.0	0.0310023
TP53I11	3.09	0.0310421
GSR	1.52	0.0311121
ANKRD30BP3	1.49	0.0311561
CELF5	1.52	0.0311872
OR1J4	3.56	0.0311896
VWA3B	2.36	0.0312013
MAST4	2.9	0.0313097
PRKAG2	-1.71	0.0313436
PMS2P4	2.67	0.0313541
HTR1F	-2.07	0.0313624
LOC642696	2.45	0.0313865
XBP1	1.5	0.0314025
CXCL10	1.82	0.0314187
ELFN1-AS1	1.66	0.0314538
PDLIM5	-1.73	0.0314954
UPK3B	2.23	0.0315131
LOC101930114	-1.65	0.0315152
TNRC6A	2.39	0.0315343
CFC1	1.98	0.0315714
LRRC75B	-2.09	0.0316423
ITGAD	2.6	0.031652
RIPPLY3	1.49	0.0316748
DSG2-AS1	1.89	0.0316789
ZNF740	2.23	0.0316891
LSM11	1.52	0.0317066
TMEM171	3.41	0.0317954
SMARCA4	1.56	0.0318135
SMARCA2	1.94	0.0318144
SLC10A4	-1.87	0.0318966
IRX4	1.58	0.0319278
SPIN3	1.67	0.0319297
GFPT1	1.67	0.032049
CD44	1.8	0.0320608
LINC00507	-3.3	0.0320749
LEMD1-AS1	-1.83	0.0321381
NRG1-IT1	2.11	0.032159
C10ORF53	2.5	0.0321885
VWA5B2	1.62	0.0321943
ECE2	1.69	0.0322442
SERINC2	1.63	0.0322504
LOC414300	1.74	0.0322596
C16ORF46	2.18	0.0322609
MICAL3	2.24	0.0323101
TTN-AS1	-3.07	0.0324552
ZMYND15	1.69	0.0324598
CASC15	4.62	0.0324827
UPP2	3.76	0.0325424
TPTE2P6	-2.88	0.0326238
SLC13A2	-2.0	0.0326709
CROCCP2	-1.86	0.0326854
PCBP2	1.48	0.0327225
MACROD2-AS1	1.73	0.0327616
MUC3A	1.69	0.0328627
UMPS	-2.58	0.0328798
LINC00424	4.14	0.0329261
GSTA1	-2.37	0.032958
ZC3H12B	-2.22	0.0329723
ST7-OT4	2.54	0.0329993
LOC101928343	1.95	0.0330025
ADARB2	-1.88	0.0330114
MNX1-AS1	1.44	0.0330241
ZNF765	-2.2	0.0331059
NISCH	-1.9	0.0331535
NENF	-2.07	0.0331606
SOBP	1.88	0.0331686
C16ORF59	1.53	0.033174
GRHL2	1.55	0.0331933
EPHA6	3.6	0.0332152
GART	1.61	0.0332636
FAM222A-AS1	1.68	0.0332771
PBXIP1	-1.59	0.0333043
PLA2G3	1.62	0.0333056
LINC00556	3.11	0.0333064
WNT5B	2.42	0.033358
DCAF1	1.89	0.0333626
FABP3	1.97	0.0333809
TLX2	2.63	0.0334423
COLEC11	1.83	0.0334841
GATM	1.6	0.0335122
CHML	2.39	0.0335233
MPEG1	-1.62	0.033554
RPL3L	3.0	0.0335867
PWRN2	-2.74	0.0335917
MICALCL	2.94	0.0336597
LRRC57	-1.64	0.0336653
EPOR	2.35	0.0336793
LOC101927085	1.69	0.0336908
MAFF	2.84	0.0336976
LOC389332	1.44	0.0337359
MYCBPAP	2.22	0.0338373
HTR4	2.51	0.0339056
SRD5A3	-1.76	0.0340237
PGLYRP3	-1.76	0.0340786
MEIOC	2.03	0.0340864
ARMCX4	1.77	0.0341287
TPM1	-1.69	0.0341564
MTHFR	2.41	0.0341723
LOC101559451	1.52	0.034188
CCDC87	-1.76	0.0341988
TRIM50	-1.81	0.0342252
ISLR	-2.27	0.0342944
RELT	2.29	0.0343371
TM4SF1	2.21	0.0343613
OSBPL3	-1.56	0.0343984
CHRNB3	-2.56	0.0344329
EMB	-1.49	0.0344334
LINC00923	-2.47	0.0344471
EMP2	-2.31	0.0344538
ODF3B	-1.91	0.0344647
PSORS1C1	2.13	0.0345774
ITPR2	1.56	0.0346249
C2ORF83	1.86	0.0346481
ATP6V1C2	1.69	0.0346542
C11ORF96	1.66	0.0346558
FSD1L	-1.82	0.0347108
GPR180	1.57	0.0347409
LOC285692	2.64	0.0347415
NPAS2	2.42	0.034745
WWC1	1.72	0.0348357
SGCB	-1.45	0.0348989
TMEM116	-1.54	0.0349149
ALAS2	1.97	0.0349459
FGA	-1.42	0.0349547
FKBP10	-2.07	0.0349929
BMPR1B	-2.49	0.0350005
GPR1-AS	-2.37	0.0350135
LOC101928491	2.99	0.0350615
ANKRD31	1.6	0.0351195
PROM2	-1.69	0.0351612
CLDN10-AS1	3.84	0.0351672
PHC3	-1.51	0.0353152
CTSV	-1.92	0.035348
ALPPL2	2.29	0.0354171
LOC101928943	3.1	0.0354704
LOC101927143	1.76	0.0354837
PARD6G	2.59	0.035486
THSD4	-1.82	0.0354978
HOXB13	1.98	0.0354992
CYP2C18	3.58	0.0355217
CD96	3.12	0.0356301
PDK4	-2.76	0.0356619
SI	4.18	0.0356692
RUFY2	-1.43	0.0356906
SLC6A17	1.88	0.035726
IGF1	2.55	0.0357455
HOXB-AS3	-1.98	0.0357942
LINC00958	2.28	0.0357946
CDY1	-1.79	0.0358
ZBTB7B	1.55	0.0358024
RFTN1	2.47	0.0358038
CDC6	2.15	0.0358202
RAP1A	2.11	0.0358363
DST	-1.57	0.0358832
RANBP10	-1.77	0.0358999
SLC14A2-AS1	-1.71	0.0359417
HIST1H4L	2.04	0.0359505
TFRC	-1.69	0.0359644
SLX4	2.16	0.0360139
TERB1	2.33	0.0360188
GAS5-AS1	-2.27	0.0360214
MED14OS	-1.54	0.0360418
IPO9-AS1	2.86	0.0360452
EPHB1	3.29	0.0360655
S100A6	1.58	0.0361
TIMD4	-1.64	0.0361423
IL31RA	1.89	0.03615
ANGPT2	1.58	0.0361785
ARHGAP35	1.49	0.0361796
LOC101927089	2.21	0.036188
ACKR2	-1.52	0.0361901
REPIN1	1.47	0.0361956
C9	2.05	0.0362318
SMR3A	3.35	0.0362427
ZBTB7A	-2.25	0.0362741
LOC105372881	1.6	0.0362778
FAM53B-AS1	-1.72	0.0362956
LOC101929180	2.08	0.0363366
GAS6-AS1	-2.3	0.0363494
LOC101927365	2.1	0.0363685
LOC101926943	-2.26	0.0364211
XKR6	3.53	0.0364407
RBFADN	1.42	0.0365291
TGFA	2.13	0.0365529
LOC101927018	2.89	0.0366306
DGKA	-2.13	0.0366597
LINC00514	1.62	0.0366741
C12ORF60	2.42	0.036712
GATA4	-1.65	0.0367159
GET4	-3.25	0.0367224
NPRL3	1.46	0.0367257
JAG1	-1.8	0.0368415
ZNF800	1.89	0.0368518
D21S2088E	2.86	0.0368745
ZNF451	3.25	0.0368844
OR10H2	2.18	0.0369153
ZNF805	1.69	0.036951
PVALB	3.83	0.0370121
MYL4	1.57	0.0370392
SULT1C2	-2.01	0.0370992
DTX3	-1.55	0.0371122
LOC101927354	1.7	0.0371133
PAX2	1.54	0.0371196
USP22	1.93	0.0371927
C1QL1	-1.5	0.0372196
OGT	1.86	0.0372555
PLIN5	2.57	0.0373023
SKP2	-1.99	0.037314
FAM81A	1.5	0.0373553
TMEM170A	1.66	0.0373721
GAD1	2.11	0.037377
FANCM	-2.23	0.0373836
CNBD2	1.69	0.0374739
SPAG5-AS1	-2.22	0.0375708
KCNQ1	-2.44	0.0375716
SLC17A1	-1.74	0.0375814
C16ORF87	1.74	0.0375903
LOC100507507	1.38	0.0376085
ZNF431	1.94	0.0376154
SH2D1B	-1.86	0.0377466
PEX5L-AS2	2.16	0.0377589
VGLL3	-1.61	0.0377642
RHEBL1	-2.0	0.0377648
MYOM1	-1.55	0.0377744
CYP3A43	2.62	0.0377828
ATP2B3	1.63	0.0377867
RNF41	1.39	0.0377872
DRD4	2.0	0.0378272
LOC101929143	1.97	0.0378733
CYP26B1	1.68	0.0379406
GLB1L3	4.74	0.0380572
LOC440792	-1.74	0.0380939
IFT74	1.4	0.0380965
NOSTRIN	-1.57	0.0381279
PTPRB	-1.86	0.0381312
CCT6B	-1.47	0.0381348
TXLNA	1.58	0.0381815
ADAMTSL2	1.68	0.0382648
TLX1NB	1.56	0.0383596
TBC1D28	-1.9	0.0384295
REG1CP	-1.71	0.0384754
ACSM5	-1.48	0.0385034
LOC102725116	-2.35	0.0385299
PRKAR1AP1	2.33	0.0386501
CBLN4	3.0	0.0387489
ACTA2	-3.65	0.0387668
RASSF4	-1.65	0.0388061
FAM19A5	1.54	0.0388495
TMEM253	-1.76	0.038882
FAM91A1	-1.38	0.0388916
ALPL	-1.54	0.0389081
NFATC3	1.43	0.0389763
ALKBH7	-1.82	0.0389852
CLIC1P1	-2.17	0.0389853
OTUD7A	1.67	0.0390489
CDRT15	3.31	0.0391633
TTN	2.63	0.039284
HAPLN4	1.78	0.0392907
ADAM30	-2.73	0.0392909
DSCAML1	-2.13	0.0393479
SPINK6	1.98	0.0393849
LOC101928553	3.27	0.0394326
MIR3681HG	3.19	0.0394573
LINC01095	1.38	0.0394634
PLEKHG3	1.37	0.0395934
MKS1	1.38	0.0396205
PDZRN3	-2.6	0.0396312
UBASH3B	1.6	0.0396423
BRE-AS1	2.16	0.0396695
SHOX	-1.64	0.0396836
SCRT1	2.06	0.0397041
PPP1R32	1.46	0.039726
HTRA3	1.94	0.0397354
ADA	1.48	0.0397427
SAA3P	1.57	0.0398496
CELA1	-2.23	0.0398762
RRM2	-2.33	0.0399011
LOC101928797	2.14	0.0399393
DCP2	2.24	0.0399682
LOC100289090	-2.22	0.0399831
NTNG1	2.22	0.0400031
LINC00961	-2.67	0.040004
WDR62	1.63	0.0400701
CXCL13	1.68	0.0400724
TTTY10	3.74	0.0401246
COPE	1.76	0.0401247
MAPT-AS1	1.84	0.0401605
A1BG	1.52	0.0402443
CTPS1	1.36	0.0403142
TMPRSS2	2.3	0.0403364
DISC1	-2.64	0.0403998
KRT84	1.97	0.0404567
NKAIN4	-1.84	0.040651
PAICS	2.97	0.0406581
CD300C	2.6	0.0406745
IL17RC	1.91	0.0406795
LMO3	-2.18	0.0407978
TSHB	1.67	0.0407982
SERPINB6	1.45	0.0408073
CSNK1G2	-1.54	0.0408413
GPAT3	1.4	0.0408693
LAD1	1.83	0.0408787
CHD5	-2.25	0.0409
ITGA8	-1.36	0.0409578
CLEC4M	1.5	0.0409581
CACNA1I	1.92	0.040989
LINC00261	-1.69	0.0410316
CYP26A1	1.52	0.0410473
S100A2	-1.73	0.0410537
HR	-1.53	0.0411329
FAM20A	1.69	0.041147
IL5RA	-2.06	0.0411952
PDE4A	1.72	0.0411994
ATG16L1	1.35	0.0412118
RAPSN	-2.67	0.0412121
SRPK2	1.56	0.0412784
CASP14	3.3	0.0412993
SLC14A1	-2.7	0.0413149
SMIM4	2.3	0.0413189
LEXM	-1.62	0.0413329
ZFP82	1.48	0.0413444
LOC101926915	2.87	0.0414036
ZNF789	-1.58	0.0414042
H6PD	1.81	0.0414235
ADRA2B	2.48	0.041465
LOC100505716	-3.07	0.0414746
SLC25A48	1.56	0.0414938
C6ORF106	2.04	0.0415137
ENO2	1.54	0.0415402
TTLL10	-1.45	0.0415901
LINC00845	3.24	0.0415935
LINC00970	2.86	0.0416832
UROC1	1.38	0.0417229
LINC00313	-2.36	0.0417609
MUC4	2.1	0.0418023
KREMEN2	2.48	0.0418198
ADAM21	2.03	0.0418427
MARVELD3	1.5	0.0418588
PEX11A	1.89	0.0418689
MIR210HG	3.61	0.0418785
PLA2G12B	1.88	0.0419056
MVK	2.63	0.0419512
DDIT4L	1.52	0.0419669
SLC4A11	1.46	0.0419818
FAP	-3.59	0.0420179
MAP3K19	-2.21	0.0420424
RAB39B	1.36	0.0420965
CHIAP2	1.6	0.0420982
ANKRD36	2.05	0.0421247
LOC100287387	2.17	0.0421514
BRDT	2.87	0.0422376
ESCO2	2.7	0.0422477
PLXNA4	1.45	0.0422704
LOC101927914	2.31	0.0423339
TSHR	-1.83	0.0423497
SERPINA4	1.51	0.0423793
NKX2-1	2.36	0.0424016
THG1L	2.36	0.0424051
TBX3	1.76	0.0425011
LINC01234	2.9	0.0425237
LOC100507384	3.21	0.0425239
IGSF9B	1.8	0.0425535
SOCS1	1.51	0.0425943
H2BFXP	3.55	0.0425971
LINGO3	3.68	0.042613
CHSY3	1.7	0.0426546
OAS2	-1.7	0.0426819
PADI4	-1.92	0.0427606
CDC25A	1.52	0.0427919
SRPX2	-1.37	0.0428977
GJA10	1.92	0.0429198
GATA3	2.51	0.0429698
HAPLN3	-1.7	0.0429885
LOC105374809	-1.69	0.0429957
CHAT	-2.15	0.0429987
MMAB	-2.01	0.0430022
PER3	1.67	0.0430059
SHANK1	1.44	0.0430529
VCAM1	-1.4	0.0431118
KAZALD1	-2.1	0.0431444
FAM170A	-1.92	0.0431773
LOC101927131	2.13	0.0431832
ANTXR1	-2.03	0.0432073
CAPN6	1.32	0.0432178
THEMIS	-2.2	0.0432443
CACNB2	1.84	0.0433172
DISC1FP1	1.69	0.043395
LOC105370737	2.85	0.0434099
LOC100506371	1.35	0.0434705
IGFBP3	-2.39	0.0434723
LOC101928751	2.58	0.0435643
TOX	1.83	0.0436458
PKLR	-1.94	0.0436653
ACE2	-1.75	0.0436926
KIAA1656	2.76	0.0437116
CDHR1	3.37	0.0437609
CIITA	-1.38	0.0437988
ATOH8	-2.59	0.043834
HERC2P7	2.8	0.0438422
CLCA2	-2.83	0.0438582
ABCB5	1.51	0.0438635
MAGEC1	2.11	0.0438726
DUOX1	1.67	0.0438743
DDX50	2.42	0.0438918
VEGFA	2.08	0.0439145
LPAR6	-2.5	0.0439492
MECOM	2.94	0.0439697
DNAI2	1.54	0.04398
ITK	1.59	0.0440368
SPECC1	-1.38	0.0440376
LOC728024	1.57	0.0440815
WDR66	-2.82	0.0441138
SPC25	-3.9	0.0441453
CYB5R3	-1.48	0.0443413
CHRNA9	-1.75	0.0443635
CD36	2.53	0.0443745
FUT5	2.9	0.0444014
LOC100128198	-2.11	0.0444322
LOC339803	-2.16	0.0444483
DSCR3	-2.16	0.0444805
PTHLH	1.39	0.0445976
CSTF3-AS1	-3.53	0.0445988
DIAPH2-AS1	1.9	0.0446282
CENPF	-2.17	0.0446312
NPAS3	1.43	0.044643
DUSP9	2.94	0.0446881
LOC100507403	2.8	0.0447192
TMEM200C	-1.83	0.0447279
KIR2DS4	2.19	0.0447369
TTC16	2.09	0.0447794
UBN2	2.28	0.0447806
ZNF704	2.62	0.0448095
LINC01492	3.74	0.0448918
TNPO1	1.95	0.0449033
LRTM1	1.41	0.0449407
PCDHA5	1.37	0.0450151
TPP2	-1.5	0.0450334
PRKCE	-2.31	0.0450361
RAPGEF2	1.54	0.0450844
SLC17A9	-2.6	0.0450935
FBXO4	1.45	0.0451218
NRF1	1.43	0.045131
ZBTB32	-1.64	0.0451371
SHE	-1.58	0.0451679
IQSEC2	1.31	0.0451713
SNX19	-2.94	0.0451909
CTD-3080P12.3	-2.14	0.0451983
FAM205BP	2.71	0.045244
NUDT22	1.46	0.0452613
ZNF736	2.1	0.0452769
COCH	2.28	0.0453841
USP47	-1.37	0.0454119
MYOC	-1.43	0.0454295
MBP	2.56	0.0454418
LOC440028	3.02	0.045457
OR2C3	1.46	0.0454787
LILRA5	2.22	0.0454822
LCK	2.14	0.0455032
UPB1	1.33	0.0455337
TGFB2	1.35	0.0455453
GLIPR1L1	1.44	0.0455683
FGFBP2	-3.65	0.0456479
IL20	1.93	0.0456585
ZNF90	4.18	0.0456677
BNIPL	-1.62	0.0456894
FAM78B	2.78	0.0457059
CES3	1.93	0.0457103
SRPRA	1.43	0.0457446
LOC101928371	2.6	0.0457968
CLDND1	4.07	0.0458128
MRPL23	1.34	0.0458611
UNGP2	1.3	0.0458771
AFF3	-1.58	0.0458807
TMEM132A	1.35	0.0458975
TMEM213	2.41	0.04591
IGFBP7	-1.97	0.0459158
MS4A1	2.57	0.0459416
SMC1B	2.64	0.0459531
FAM131C	-1.98	0.045976
LOC645188	-2.21	0.0460309
FOXK2	1.86	0.0460313
TMEM185A	3.36	0.0460521
DOT1L	1.72	0.0461071
SAMSN1	-1.92	0.0461315
CLU	-2.19	0.0461378
C2CD2	-1.76	0.0461776
CCNL2	1.7	0.0462161
CYYR1	-1.71	0.0462736
LOC100128164	1.65	0.0463189
RTP4	-1.35	0.046331
TCAIM	3.04	0.0463373
SDCBP2-AS1	1.55	0.0463474
ODF1	1.56	0.0463659
NRG1	1.56	0.0463852
DVL1	1.32	0.0464039
TMED6	-1.86	0.0464053
SOX17	-1.53	0.0464629
SLC34A3	3.03	0.0464978
TP73	2.76	0.0465133
SPATA18	1.28	0.0465278
CCDC24	-1.78	0.0465375
GFM1	2.77	0.0465628
FUT7	1.51	0.0465633
ALDOB	3.1	0.0465806
MT1M	1.92	0.0465851
ZNF350	2.1	0.0465923
BTBD17	-2.04	0.0466199
KXD1	1.56	0.0466589
ZNF205-AS1	1.82	0.0466672
ANKRD9	1.66	0.0466784
TNFAIP2	-1.57	0.0468071
RRP12	-2.31	0.0468265
LINC00928	-2.07	0.0468575
TMED4	1.9	0.0469228
CLSPN	-1.72	0.0469637
FBXO3	1.77	0.04702
CLDN17	1.45	0.0470239
GTPBP2	1.36	0.0470399
LINC01310	-1.77	0.0471481
RFPL2	1.32	0.0471564
PICSAR	1.28	0.0472197
NAT16	1.57	0.0472434
FILIP1L	-1.45	0.0472493
PANX2	1.68	0.0473062
RSAD2	-3.43	0.0473106
BMX	-2.13	0.0473153
CLN6	-1.36	0.047407
LOC101928068	-1.58	0.0475731
CCDC13	2.21	0.0475734
NANP	1.61	0.047585
GPR101	-2.43	0.0476039
LOC101929289	2.07	0.047632
SLC16A7	1.52	0.0476332
CHRNA3	-1.43	0.0476529
CCNB2	-1.48	0.0476907
MYBPH	1.66	0.0477261
MAPK8	1.3	0.0478953
LINC00900	1.37	0.0479083
RGS14	2.32	0.0479434
FOLR3	2.23	0.0479617
CBX5	1.49	0.0479819
CEP95	1.33	0.0480404
ARL4C	1.85	0.0480494
LOC1720	-2.3	0.048079
UNKL	3.32	0.048082
CPA6	-1.73	0.0480974
LOC101927592	1.42	0.0481124
INMT	1.86	0.0481306
ZDHHC1	3.61	0.0481655
LOC101929019	1.47	0.048179
WLS	-1.3	0.0481842
LOC105375115	2.32	0.0482345
NR5A2	-2.21	0.0482628
SP7	-2.62	0.048289
EBF3	-1.44	0.0483897
XAGE2	2.04	0.0484607
MCHR2	2.73	0.048495
CAV1	-1.53	0.0485068
ACOT12	2.86	0.0486284
BID	1.6	0.048649
TRIM36	-2.8	0.0486527
ID4	-1.27	0.0487387
TATDN2	2.76	0.0487446
SLC15A4	3.24	0.0488185
CCDC172	2.41	0.0488284
DDX31	1.64	0.0488704
TAF9B	1.31	0.0489497
ENO3	1.58	0.0489956
LOC100506235	2.16	0.0491738
GPR52	1.57	0.0491749
AKAP3	-2.38	0.0492163
LOC283475	1.96	0.0492247
HAP1	2.25	0.0492451
CENPO	1.37	0.0492708
LINC01620	1.44	0.0492811
CHEK1	1.3	0.0493061
ETFBKMT	3.04	0.0493083
CD248	-1.3	0.0493255
LOC102724814	2.55	0.0493382
ESRRA	1.66	0.0493542
DTYMK	1.81	0.0493784
HNRNPD	1.33	0.0494141
TPBG	-2.05	0.0494362
MMP17	1.82	0.0494732
WDFY4	-1.61	0.0494848
LINC01613	2.81	0.0495345
CAPN10	2.78	0.0495755
THAP2	1.41	0.0496223
S100A14	1.37	0.0496584
PTGFRN	-2.12	0.049661
DMD	-2.06	0.0496928
SMTNL1	2.28	0.0496976
BTNL9	-1.43	0.0497315
MYLK	-1.43	0.0497371
SPINK7	2.86	0.0497769
OR4C1P	2.18	0.049786
SEPSECS	2.11	0.0497975
SLC6A12	1.45	0.0498636
ZFX	-1.34	0.0499211
BTF3	-2.82	0.0499675
IGHD	-2.22	0.0499762
LYSMD1	1.37	0.0499801
KIAA1210	1.38	0.0499837
HIPK4	1.95	0.0500201
NHLRC2	2.1	0.0500775
THADA	4.33	0.0500892
TULP3	1.29	0.0501882
CHST4	1.31	0.0502415
CAMP	2.45	0.0502618
OSBPL10	-1.79	0.0502893
STXBP5-AS1	4.96	0.0503113
GPR87	1.78	0.050316
COPG2	-1.91	0.0503556
MTURN	-1.3	0.0504175
ADGRG5	1.91	0.0504227
NFIL3	1.77	0.050444
ZFP1	1.27	0.0504581
KCNH5	2.31	0.0504594
GK6P	1.33	0.0504676
LOC339622	2.16	0.0504937
SULT1E1	3.57	0.0504937
TEAD3	1.29	0.0505694
FCRL2	3.24	0.050609
PALMD	-1.72	0.0506326
CUL2	-1.75	0.0506568
TMX4	3.79	0.0506774
TRA2B	-3.55	0.050706
MRPS12	1.29	0.0507139
LOC102467079	2.35	0.0507532
LINC00592	2.12	0.0508027
CLDN9	2.15	0.0508362
LINC01549	-1.95	0.0508661
C1ORF116	3.01	0.0508976
DLEU2	3.71	0.0509555
AKAP13	-2.61	0.0509672
METTL10	1.34	0.050988
PARPBP	3.22	0.0509912
XPNPEP2	1.91	0.0510174
LOC102724965	3.56	0.0510368
TMEM102	1.61	0.0510777
CAPN5	1.26	0.0510839
LOC105372550	1.82	0.0511266
IL6R	2.32	0.0511389
C10ORF12	1.74	0.0511737
MCF2L	1.6	0.051194
LOC101927523	1.62	0.0512131
PTGIS	2.9	0.051279
C9ORF41-AS1	-1.74	0.0512819
DIP2A	1.74	0.051304
GLYCTK	-1.9	0.0513125
ANXA1	-2.53	0.0513291
HAS1	-1.34	0.0514824
CPM	-1.36	0.0514883
LRRC37A5P	2.94	0.051547
CXCR5	-1.96	0.0515516
FAM86B3P	1.46	0.0516
FLJ30679	-2.75	0.0516239
TNS3	-1.94	0.0516393
GTF3C2	1.56	0.0517223
MRPS5	1.24	0.0517466
LAS1L	-1.37	0.0517578
CCR4	-1.62	0.0517601
SMAD3	1.37	0.0518146
PLEKHH3	-1.65	0.0519242
TIMM13	-2.49	0.0519369
KRTDAP	2.13	0.0520151
CDC20B	2.87	0.0520589
LMO7DN	1.44	0.0520738
WFDC2	3.05	0.0520775
GNB4	-1.42	0.0521177
POU3F3	1.36	0.0521734
FMNL2	-1.3	0.0522758
CEBPG	1.28	0.0523144
POU2AF1	-3.59	0.0524088
SEC14L3	-1.44	0.0524684
EMC10	3.05	0.052517
WFDC6	2.7	0.0525308
LOC401585	2.96	0.0525502
EPPK1	3.34	0.0525618
LOC101929255	2.21	0.0525993
OSGIN2	3.36	0.0525996
OR7E2P	1.35	0.0526531
MDK	-2.43	0.0526581
TIGIT	-2.66	0.0526652
PRDM4	2.52	0.052705
FAM184A	-1.46	0.0528068
KNCN	1.75	0.0528366
ZMAT1	-2.55	0.0528767
RAPGEF5	1.34	0.0529251
LYL1	-2.51	0.0529526
STUM	1.26	0.0529636
GJD4	1.48	0.0529699
LINC00550	1.33	0.053015
HRES1	1.27	0.0530942
NUTM1	-2.11	0.0532212
SCGB3A2	1.65	0.0532365
ZNF287	1.51	0.053241
WISP3	2.68	0.0532665
SMIM2	1.3	0.0532793
LOC105372761	1.23	0.0532853
DLX6	1.76	0.0533319
RCBTB1	-1.38	0.053334
LOC105374042	4.24	0.053372
FOXE1	3.48	0.0533753
LOC284661	1.99	0.0534199
ZNF783	1.3	0.0534227
DRD2	-1.34	0.0534367
LINC01260	2.55	0.0534514
C1ORF21	1.27	0.0535019
ZNF311	-1.81	0.0535418
GYG1	-1.27	0.0536132
SLFNL1-AS1	-1.33	0.0537491
COX15	-1.46	0.0537761
KLHDC10	1.29	0.0537778
GS1-24F4.2	1.42	0.0537933
PYHIN1	1.5	0.0538359
ARSD	-2.48	0.0538466
SFRP1	3.15	0.0538721
LOC100130331	-1.42	0.0538814
MASP2	2.4	0.0539232
PGK1	1.4	0.0539293
INTS9	1.56	0.0539601
ADGRF5	-1.33	0.0539676
PPP2R1B	1.27	0.0539851
LOC101928813	1.29	0.0540274
LOC285000	-3.12	0.0541276
EXTL1	2.21	0.0541462
UGT2B15	-2.12	0.0542152
TBC1D2B	3.38	0.0542204
CCL19	-1.76	0.0542514
EFCAB5	-1.82	0.0542617
LINC01398	1.43	0.0542649
LOC643711	2.46	0.0543025
MGAT2	2.06	0.0543165
FGFR2	3.03	0.0543401
MX1	-1.23	0.0543554
PCP4	2.12	0.0544212
ADRA1A	-1.48	0.0544252
FSCB	3.19	0.054429
NKD1	-1.23	0.0544331
NABP1	1.42	0.0545033
SLA2	3.25	0.0545636
LINC00690	1.23	0.0545777
RPS19	1.22	0.0545984
PRO1596	2.85	0.0546434
RASGRP3	-1.62	0.0546631
LOC101928052	-2.86	0.0547231
IFI44L	-1.87	0.054773
PTPRG	-1.9	0.0548301
IL16	1.46	0.0549123
ZNF343	-1.45	0.0549406
HOTS	-1.43	0.0549498
PRR11	-1.58	0.0549794
PSMD5-AS1	-1.63	0.0550817
TREML3P	1.44	0.0550826
C18ORF25	1.83	0.0550836
SSTR1	3.4	0.0550909
COL4A3	3.06	0.0551182
KCNJ3	4.55	0.0551259
LOC100506374	1.96	0.0551373
LINC01482	2.01	0.0552065
SPATA3-AS1	2.64	0.0552567
DGCR9	1.92	0.0552587
PRG4	1.79	0.0552685
HM13	-2.27	0.0552746
ZNF335	1.36	0.0553518
HPYR1	1.66	0.0554393
ROPN1	1.33	0.0554707
PRODH2	1.27	0.0555329
LOC647323	-1.61	0.0555488
TRBC1	1.48	0.055558
KIAA1324	1.32	0.0555653
LIN54	1.83	0.0555904
PDCD2	1.36	0.0556175
SGO1	1.22	0.055639
SLC22A23	2.75	0.055711
SYT2	1.85	0.0557424
HCG4B	2.25	0.0557494
SPTBN1	-1.9	0.0557747
EML3	-2.72	0.0558567
ASPM	-2.72	0.0558585
AZU1	3.0	0.0559123
OBSCN	1.24	0.0559193
LOC101929305	-2.17	0.0559296
BCL2L10	2.4	0.0559514
MYLK4	3.06	0.0560059
SCRN3	-1.54	0.0560437
LOC101929528	1.41	0.0560796
PRDM2	1.58	0.0560819
KLF2	-1.51	0.0561014
BEND6	1.57	0.056163
LINC00486	1.9	0.0561679
COQ8A	1.93	0.056179
NEUROD4	2.29	0.0562195
GPR22	4.35	0.0562309
NUDT4	1.71	0.0562388
INSIG1	1.47	0.0563418
RBFOX1	2.42	0.0563422
C1QTNF6	1.57	0.0563457
WDR12	1.29	0.0564391
SFTA3	-1.38	0.0564661
POU3F4	1.27	0.0565175
GLTP	-1.38	0.0565721
KRT6B	1.68	0.0565936
PROCA1	-1.65	0.0566161
LY6K	2.66	0.0566293
EPAS1	-1.5	0.0566331
CASC23	1.91	0.0566501
GABRA2	1.51	0.0566645
LOC729291	-1.38	0.0566929
ZNF17	1.3	0.0566975
KCNH6	1.35	0.0567542
AKR1D1	1.43	0.0567607
MCF2	1.27	0.05696
ADD3-AS1	-1.29	0.0569978
RLF	1.28	0.0570808
ARMC3	-4.2	0.0570976
ANXA2P2	-1.97	0.0571165
KIF6	-1.33	0.0571725
CASC22	2.52	0.0571879
ZNF614	-1.79	0.0572195
LOC101928273	-2.2	0.0572722
COX5A	1.6	0.0573447
LINC00620	2.36	0.0573646
ASPHD1	1.44	0.0573734
WISP1	2.8	0.0573778
DSC3	2.17	0.0574101
TSPEAR	-1.3	0.0574122
GZMA	2.29	0.0574221
PLCG2	2.47	0.057432
CCDC177	2.94	0.0574417
LOC105372969	-3.41	0.0574827
CFAP52	2.55	0.0575031
LOC286058	2.02	0.0575462
FBXO45	1.69	0.0575678
MPP7	2.81	0.0576026
LINC00938	1.23	0.0576102
KLK3	1.79	0.057613
EMCN	-1.4	0.0576732
MTFP1	1.24	0.057705
FLJ40288	1.86	0.0577193
XCL1	2.17	0.0577387
CXORF36	-1.25	0.0577703
SLC6A15	1.66	0.0577874
FAM107A	-1.3	0.0578103
PTBP1	-1.38	0.0578354
DCDC2B	-2.13	0.0578357
KRTAP2-1	1.66	0.0578442
IGH	1.42	0.0578575
DPY19L4	-1.5	0.0579146
IGHG1	2.43	0.0579378
TCF24	-2.53	0.0579682
LOC100129516	2.06	0.0579832
STARD10	1.4	0.0580153
SAMD14	1.8	0.0580457
DNM3OS	-1.46	0.0580785
TRPV3	1.32	0.0580799
SRCAP	2.88	0.0580822
CCDC117	1.41	0.0581224
MRPL20	3.01	0.0581378
FAM71B	-1.58	0.0581547
LAG3	-1.94	0.0581731
ITPRIPL2	1.5	0.0581807
LINC01346	3.5	0.0581842
LOC101929774	2.06	0.0582474
ARHGEF33	1.5	0.0582542
CARD10	-1.31	0.0583056
KREMEN1	-1.29	0.0583838
RND1	1.91	0.058427
LMO4	2.08	0.0584612
ALOX15B	1.94	0.0584642
PRKAG3	1.36	0.0584716
SCGB3A1	-1.99	0.0584883
BORCS5	1.21	0.0585225
AASDHPPT	-1.87	0.0586201
SLC25A35	-1.5	0.0586471
BCAR3	-1.28	0.0586491
KPNA5	1.27	0.0586568
ITGA2	-1.83	0.0586825
SUB1	2.85	0.0586968
PIK3R4	4.21	0.0587266
HDAC2	1.22	0.058787
LINC00314	1.73	0.0588188
PFKP	1.24	0.0588735
MAGEA6	1.54	0.0589235
GLUD2	-2.49	0.0589582
TAAR5	3.17	0.059028
BSPRY	2.69	0.0590574
ZBTB12	-1.49	0.0591835
C2ORF82	-1.69	0.0592026
GBAP1	-1.36	0.0592217
SYCE2	-2.52	0.0592328
KCNE5	1.2	0.0592385
OPN3	1.29	0.0592824
IL2	1.37	0.0593773
STAT5B	1.26	0.0594472
ATPAF2	-1.2	0.0594825
VAX2	2.57	0.0595106
MSI1	2.98	0.0595219
NAF1	-1.39	0.0595633
ATP8B5P	1.8	0.0597226
SHMT1	-1.81	0.0597393
TMPO	2.75	0.0598287
TSPAN10	2.48	0.0598338
ZNF880	-2.35	0.0599214
PNLIP	2.35	0.0599251
TPCN2	-2.41	0.0599683
LOC101927769	1.98	0.0600146
SH3D21	-1.76	0.0600263
LINC00323	-1.5	0.0600356
C1ORF115	1.41	0.0600706
FANCD2	1.52	0.0601285
MYL3	-2.19	0.0601333
TRIM14	-1.32	0.0602241
SCN1A	2.04	0.0602594
TSSK6	1.36	0.0603453
ITGB8	-1.3	0.0604613
MIR924HG	3.63	0.0604945
CHRNA10	1.24	0.0604994
LINC00593	1.26	0.0605355
DEFB126	2.69	0.0605682
C16ORF92	1.36	0.0605936
POU1F1	1.51	0.0606014
ISLR2	2.22	0.060633
SAMD9L	-1.5	0.0606384
SLC38A1	1.46	0.0606669
LRRC19	2.42	0.0606855
MGST1	-1.7	0.0607107
WBP2NL	-3.39	0.0607159
WDR17	-1.63	0.0607311
FAM65B	-1.36	0.060773
MBD3L2	-2.35	0.0607809
DTD2	-2.18	0.0608763
CXCR1	2.99	0.0609739
CDKAL1	1.2	0.060997
CGN	1.57	0.0610053
ATF7	-1.4	0.0610062
KLHL25	1.67	0.0610198
ST7L	1.19	0.0610214
DMRT3	1.94	0.0610601
RBM5	1.28	0.061086
LRRC28	2.51	0.0611253
LOC100506498	-2.57	0.0612099
EFCAB2	1.39	0.0612772
CXCL2	-2.13	0.0613874
OTOR	-1.91	0.0614116
RBL2	-1.23	0.0614308
HIST1H1T	1.3	0.0614864
TMPRSS5	1.28	0.0615174
SRR	-1.19	0.0615482
PCDHB3	2.73	0.0616024
MCM3AP-AS1	1.48	0.0616083
ALOX5	2.28	0.0616506
NLRP12	-1.17	0.0616653
LINC01395	-1.91	0.0617237
DNAJC5G	1.95	0.0617655
ITIH1	2.09	0.0617704
AANAT	1.36	0.0618171
LINC00327	-1.69	0.0618534
REC8	1.19	0.0618676
LOC105376072	-1.91	0.0618955
NETO2	1.76	0.0619188
HHLA1	1.23	0.0619259
LOC105375273	-2.98	0.061949
EOMES	3.66	0.0619736
C5ORF58	2.67	0.0619887
RS1	3.57	0.0620214
FLCN	1.28	0.062034
FAM69A	1.82	0.0620655
SLC6A2	2.11	0.0620658
CDCP1	2.08	0.0621301
HOTAIR	-1.58	0.0621447
CDH16	1.51	0.0621885
C1QTNF2	-1.23	0.0621932
SPATA2	-1.2	0.062214
SLC10A3	1.66	0.0622357
LYPD8	1.4	0.0623382
SCGB2A1	1.19	0.0623922
CRHR1	3.81	0.062404
VCL	2.02	0.0624111
CCDC170	-2.54	0.0624339
CFAP126	-2.59	0.0624404
PLEKHB1	1.62	0.0624771
LINC00342	-1.18	0.0625986
DRC1	-1.35	0.0626755
LATS2	-2.41	0.0627275
WTAP	1.4	0.0627756
URB1	-2.39	0.0627846
NAGLU	1.42	0.0628176
WNT9B	2.22	0.0628387
IQCF5-AS1	-3.24	0.0629908
AGGF1	-1.19	0.0630112
SDCCAG8	-1.4	0.063048
USP45	1.21	0.0630699
HMGA1	1.5	0.0630833
KIF25	1.34	0.0631624
SCOC-AS1	3.3	0.0631705
OLFM2	1.33	0.0632202
ENTPD3-AS1	2.51	0.0632288
CENPQ	1.17	0.0632672
LOC101927502	2.48	0.063268
SP140L	-1.52	0.0632701
GGT5	-3.56	0.063272
KCNIP2	-1.78	0.0633032
B3GNTL1	1.27	0.0633036
COL4A6	2.98	0.063314
PAPSS2	-1.5	0.0633702
GABRB1	-1.54	0.0634057
SYCE3	-1.24	0.0634949
ACOT11	1.79	0.0635853
KRT27	1.9	0.0635978
MYPN	2.11	0.0636268
ACRBP	-1.54	0.0637757
EYA4	-1.42	0.0638067
EML1	-1.72	0.0638271
EIF2S3	-1.23	0.0638363
JPX	-1.4	0.0638447
HTR1A	2.06	0.0638753
DEFB125	-2.62	0.0638936
CLEC4C	1.65	0.0640404
HCG11	1.19	0.0640422
PARVB	2.89	0.0640681
CNOT7	4.0	0.0640963
MFSD9	1.78	0.0641279
ATE1	1.37	0.0641685
LOC101928167	-2.05	0.0641802
LOC646484	3.03	0.0642517
LINC01233	2.03	0.0642873
MAN1A2	1.29	0.0642874
LOC105377134	1.41	0.0642928
SSTR5	2.1	0.0642937
FBXO10	3.03	0.0642938
KCNC1	1.68	0.0643612
TERT	1.4	0.0645233
PRKCA-AS1	-2.52	0.0646478
LINC01560	1.23	0.0646526
HDAC7	2.0	0.0646751
IQCF3	3.72	0.0646778
REXO2	-1.26	0.064696
C18ORF8	-1.91	0.0648663
ERICH3-AS1	-1.66	0.0649564
ZNF230	3.22	0.0650148
LOC101929147	-1.74	0.0650382
SYCE1	2.46	0.0650617
ADIG	1.9	0.0650951
ADGRA3	1.28	0.0651507
EGR4	-1.25	0.0651529
SAMD3	1.15	0.0651555
CATSPERB	1.22	0.0651623
TLR10	1.29	0.0652181
CITED1	2.36	0.0652224
C18ORF61	2.16	0.0654101
ELFN2	-1.88	0.0654168
ASPN	2.16	0.0654684
SLC38A2	1.64	0.0655023
PRAMEF12	1.98	0.0655282
CABP7	1.17	0.0655366
CYP3A7-CYP3A51P	-1.67	0.0655404
CIRBP-AS1	2.28	0.0655455
COA3	1.51	0.0655489
FOXQ1	-1.25	0.0656338
KDM6A	-2.52	0.0656466
CCDC184	1.48	0.065701
COL25A1	2.47	0.0657078
TRAF4	-1.94	0.0657559
TBL2	1.24	0.0657623
PAK3	1.36	0.065767
LRRC43	2.95	0.0658066
TGFB1	1.69	0.0658278
LRRC27	1.93	0.0658945
PABPC4L	-2.19	0.0659025
LINC00673	-1.78	0.065953
SLC8A1	-1.17	0.0660011
CRYBB2P1	1.21	0.0660172
SORBS2	1.43	0.0660345
CYP19A1	3.2	0.0660363
FCRL1	-1.88	0.0661034
PRSS23	-1.7	0.0661134
TMEM255A	-1.36	0.0661596
TMEM125	-1.85	0.0661907
IRAK2	1.18	0.0661945
CDH24	1.61	0.0662026
ANKRD18A	1.52	0.0662071
NRAV	-2.35	0.0662584
NR2E3	-1.2	0.0663347
PARD6G-AS1	1.15	0.0663426
KHDC3L	-2.31	0.0664437
HNF4A-AS1	2.82	0.0665837
CENPA	1.24	0.066643
OPN5	2.73	0.0666559
RHOT2	1.48	0.0666657
KLF4	-1.43	0.0666699
FARSA	1.16	0.0666919
C3ORF79	1.23	0.0667453
LIMS1	1.48	0.0668289
ZFHX3	1.15	0.0668784
TMEM223	2.49	0.0668947
HOXC12	-1.38	0.066915
TPSB2	1.2	0.0669763
LOC388882	-2.1	0.0670751
OCM2	2.25	0.0671689
SSFA2	-1.35	0.0672189
LOC101927620	3.59	0.0672719
PDCL2	3.71	0.0672907
LRFN4	-1.28	0.0673174
FCRL5	-2.09	0.0673314
C10ORF76	-1.34	0.0673353
BAIAP2L1	-2.73	0.0673556
LOC100506142	-2.68	0.0673617
BTF3L4	-1.58	0.0674459
KLHL28	1.15	0.0674572
LOC283177	1.2	0.0674607
ROCK1	1.13	0.0674672
MYCNOS	1.37	0.0675046
RIN3	2.28	0.0675967
FAM24A	4.11	0.0676114
LOC100132319	1.5	0.0677579
HECTD2	-2.81	0.0679037
PATL2	1.63	0.0679172
XYLB	1.14	0.0679195
PSD2	1.37	0.0679262
LINC00032	2.34	0.067952
CRYGD	-1.85	0.0680071
GTSE1	-1.14	0.0680115
LOC101929747	1.36	0.0680492
CHP2	1.8	0.0681333
NDUFA4L2	-1.16	0.0681686
LOC101929762	2.5	0.0681789
ZNRF2	1.21	0.0681965
TCEA3	-1.35	0.0682097
THUMPD3-AS1	-1.4	0.0682256
ZNF621	1.71	0.0682285
XYLT2	1.33	0.0682419
AAGAB	-1.2	0.0682945
LOC101928861	1.3	0.0683581
TRPM8	-1.95	0.068369
ASAH1	2.4	0.0684381
E2F1	1.55	0.0684635
LOC101927211	3.44	0.0684787
DIS3L2	-2.56	0.0685042
COQ10B	3.1	0.0685295
CACNA1G	1.92	0.0685722
ABI3BP	2.63	0.0685845
CENPK	-2.07	0.0685861
LILRB5	-1.83	0.0686048
TAGAP	-1.77	0.0686135
DAPK1-IT1	-1.47	0.0686411
SLC38A5	-1.19	0.0686638
C10ORF126	2.82	0.0686867
COPS9	1.81	0.0687026
PACRG	-2.01	0.0687392
LOC339862	1.66	0.068759
VCX2	1.33	0.068787
CSF2RA	-1.18	0.0687932
TMEM212	1.19	0.0688478
TPR	-1.48	0.0688991
SPG20	1.35	0.0689155
COL14A1	-1.98	0.0689352
FOXG1	1.43	0.0690295
EVC	-1.57	0.0690788
PLCH2	2.2	0.069102
SRSF4	-1.18	0.0691125
PLAA	-1.23	0.0691857
MUC8	-1.72	0.0693642
TPGS2	1.33	0.0694189
OR5AK4P	2.96	0.0694209
CRYGN	-2.89	0.0694289
SLC22A4	-1.2	0.0694513
TMEM40	1.78	0.0695127
SCAND2P	-2.28	0.0695135
P2RY14	-1.14	0.0695136
FRMD7	1.3	0.0696084
FXR1	1.18	0.0696262
FAR1	-1.32	0.0696686
METTL21A	1.14	0.0696742
ZNF467	-2.56	0.0696842
CASQ2	-2.32	0.0696955
INHBA	2.71	0.0697034
MESP1	1.21	0.0697532
HABP2	1.38	0.0697653
NALCN	-1.2	0.0697971
GLRX2	1.17	0.0698795
FKTN	-1.2	0.0699484
MCHR1	3.27	0.0699677
GPR156	1.13	0.0699944
GABPB1-AS1	1.54	0.0700386
WDR76	1.16	0.0701631
STYK1	1.42	0.0702367
MID1IP1	1.18	0.0703007
AGA	-1.33	0.0703093
CSNK1G1	-1.32	0.070363
CHST3	3.47	0.0704261
CATX-1	2.45	0.070431
KCNC3	-1.19	0.0704843
TRIQK	1.13	0.0704882
RBM43	-1.28	0.0705449
CDKN1C	2.1	0.0706085
LRTM2	1.59	0.0706182
LOC286359	-2.12	0.0706552
ADAM11	1.71	0.0707321
ID3	-2.41	0.0708242
TUB	-1.49	0.0708264
C4ORF46	-1.16	0.0708288
HOGA1	-1.41	0.0708329
NOTUM	2.41	0.0708521
KLK7	1.21	0.0708583
SYNPO	-1.73	0.0708749
TMEM70	1.1	0.0708775
SAMD1	1.39	0.0709482
FKBP15	-2.14	0.0709733
CDH8	-1.84	0.0709857
ENTPD2	1.98	0.0709974
CDHR5	1.14	0.0710219
HNF4A	1.53	0.0710579
CPT1A	1.25	0.071088
DMRTB1	-2.13	0.0711121
GINS4	-1.71	0.0711125
B3GNT3	-1.39	0.0711184
TCF7	-1.92	0.0712434
SUGT1P3	1.15	0.0712451
NFATC2	-2.37	0.071303
RGS4	3.49	0.0713964
LOC102723704	1.13	0.0714342
DCST2	1.52	0.071499
RPS6KA4	1.9	0.0715261
TNRC6C	2.28	0.0715555
CCDC168	1.55	0.0715608
ALDH8A1	-1.66	0.0716433
GNG13	4.38	0.0716701
EME2	1.47	0.0716914
CTNNA1P1	-1.14	0.0717668
CFAP43	-3.32	0.0717673
FCAMR	2.23	0.0717815
SEPT2	-1.3	0.0717995
HRASLS5	1.22	0.0718312
RAB11FIP4	1.58	0.0718486
CHRAC1	-1.13	0.0719088
GRTP1-AS1	-2.81	0.071931
FLJ35934	-2.16	0.0719634
CD300LB	-1.34	0.0720071
C7ORF57	-3.13	0.0720294
CUL1	-1.24	0.0720413
LOC100996681	2.55	0.0720895
NT5DC2	3.13	0.0721017
LOC100130429	1.47	0.0721283
LOC101926960	4.02	0.0721518
RAB18	1.57	0.0721908
ITGB4	-1.41	0.0722088
B9D2	-1.53	0.0722155
LINC01343	1.1	0.072259
LAMC3	-1.69	0.0722704
ORMDL1	-1.22	0.0722755
IGFBP2	-2.85	0.0723152
IGHM	-1.6	0.072389
SLC52A3	-1.83	0.0723935
MGC10814	-2.11	0.0723938
ELN	-1.65	0.0724453
PRSS37	2.24	0.072455
PROCR	-1.23	0.0724614
LOC100506207	1.98	0.072473
NSMCE4A	-1.65	0.0724955
MATN3	-2.98	0.0725104
ING2	1.17	0.0725333
IVD	-1.82	0.0725518
DBP	1.24	0.0725783
LINC01125	1.25	0.0726471
LINC00543	2.13	0.0726559
SETD1A	1.78	0.0727036
SMIM24	2.68	0.072714
SPN	-1.2	0.0727524
KNL1	3.48	0.0727708
RXFP1	-2.06	0.0727944
FTSJ1	1.26	0.0728144
GFRA2	2.58	0.072819
TPRXL	1.38	0.0728363
ABCB1	-1.13	0.0728862
ABCA8	-1.59	0.0729789
LOC100505570	1.51	0.0729805
OVAAL	1.14	0.073003
OXTR	-2.36	0.073026
PRMT5-AS1	1.6	0.0730693
HAND1	1.23	0.073248
EMC3-AS1	1.45	0.073328
MAP1B	-1.42	0.0733642
ARHGEF7	1.31	0.0734275
ADGRA2	-1.09	0.0735099
ZNF396	-1.17	0.0736124
FOXS1	-2.25	0.0736377
PHF8	-1.81	0.0736733
ESAM	-1.22	0.0737026
FAH	-1.45	0.0737685
EOGT	-1.17	0.073833
PCDHGB7	2.78	0.0738376
HOXC9	2.04	0.0739007
GPRC6A	2.83	0.0739106
ZNF296	1.63	0.0739363
LOC101926948	2.14	0.0739463
DUSP18	-1.13	0.0739666
OLIG1	-1.3	0.0739667
AHDC1	2.71	0.0740251
PLXNB3	-1.26	0.0740449
APPL2	-1.12	0.0740598
LOC102724689	-1.89	0.0740942
LOC150051	-1.22	0.0741768
LOC100506667	-1.31	0.0742563
IFNL2	1.3	0.0742683
YME1L1	1.51	0.0742795
SOX5	-2.1	0.0743591
SCRN2	1.36	0.0743995
ACADL	-2.57	0.0744163
TTLL7	-1.62	0.0745095
SPINK4	-1.46	0.0745359
HPDL	2.19	0.0745479
TOP1P2	1.8	0.0745795
LINC00934	2.02	0.0745938
THAP5	-2.02	0.0746049
SLC25A15	-1.67	0.0746631
CFAP70	-1.88	0.0746703
UNC5C	3.56	0.0746884
LOC105369507	1.92	0.0748059
EBP	-1.14	0.0748503
RAVER2	-2.68	0.0749042
DIO3OS	-1.11	0.0749283
DDX60	-1.49	0.0749301
GATA6	-2.4	0.0749425
ZNF750	3.75	0.0749784
CYP2D6	1.26	0.075019
A2ML1	1.4	0.0750513
PARM1	-1.11	0.0750896
LOC100507513	1.62	0.0751161
KANSL1	1.46	0.0751302
KIAA2013	-1.47	0.0751448
HLA-DQA1	-1.94	0.0751465
SRGAP3	1.14	0.0751555
LZTS1	-1.44	0.0751993
MED27	-2.03	0.0752118
SLCO5A1	1.22	0.0753758
COX11	1.33	0.0754238
LOC101059948	3.16	0.0755787
TEX43	3.23	0.0755788
IPMK	-1.11	0.0755895
AVP	1.11	0.0755977
C19ORF84	1.61	0.0756057
MMP24	3.32	0.0756377
ISM2	1.32	0.075645
H2AFZ	1.23	0.0756649
IMPA2	1.34	0.0756836
HRH3	1.37	0.0757393
NRDE2	1.11	0.0757766
LINC01533	-2.04	0.0757848
SEL1L	1.13	0.0758021
RDH10	3.47	0.0758059
MRPL41	1.36	0.0758098
NR1H4	1.84	0.0758669
GPR83	4.46	0.0759222
CDC14B	1.34	0.0759427
MGC32805	1.67	0.0759765
LAMA3	-1.2	0.0759854
IRS1	1.97	0.0760045
PRSS53	1.1	0.0760194
TUBB1	1.18	0.0760245
LOC101927719	1.19	0.0760946
JAK2	-1.61	0.0761262
CIRBP	-1.32	0.0761376
SPTLC2	-1.14	0.0761439
STARD6	-2.06	0.0761479
ZSWIM4	1.63	0.0762226
GP2	-1.83	0.0762274
DIMT1	1.63	0.0762348
DBF4B	-1.19	0.0762466
PPP1R12B	-2.1	0.0763066
ING1	1.15	0.0763201
CCDC158	2.15	0.0763357
TRIM10	1.4	0.0763957
LOC101929034	2.33	0.0764482
GLP1R	1.69	0.0764822
RPL10L	-2.41	0.0765139
CBARP	-1.63	0.0765188
CNTNAP4	-1.22	0.0765343
FAM222B	1.14	0.0765381
SLC44A2	-1.09	0.0765515
HS6ST2	1.19	0.0765965
OGFOD1	-1.36	0.0765987
LSM4	-1.97	0.0766182
WDR92	-1.37	0.0766465
PIDD1	1.94	0.0766962
DOK3	1.84	0.0767059
TMTC2	-1.41	0.0767149
YAE1D1	-1.23	0.0767354
CST1	1.87	0.0767474
LINC00899	1.65	0.0767915
GUK1	2.92	0.0768191
PRMT1	1.42	0.0768281
NOC4L	-2.62	0.0768544
USP49	-1.71	0.0768708
LINC00907	3.15	0.0768802
C1S	-1.13	0.07692
C17ORF80	-1.75	0.0769671
ST8SIA5	3.67	0.0769824
LSS	1.08	0.0770145
AGPAT4-IT1	-1.39	0.0771097
KIF21B	1.08	0.0771321
IGFBP4	-2.21	0.0771403
FAM46B	2.52	0.0771632
MPRIP	1.15	0.0771916
KLK15	-1.77	0.077205
CCDC149	2.38	0.0772313
C7ORF77	1.36	0.0772483
PDE7A	1.32	0.0772828
CXCR2	-1.08	0.0772921
SIX4	2.53	0.0773399
TFAP2E	1.41	0.0773433
BPIFA2	1.09	0.0773949
TRABD2B	-1.45	0.0774342
OTULIN	2.02	0.0774373
OR10H3	1.8	0.0774971
IFIT3	-1.49	0.0774984
S1PR2	1.21	0.0775584
GATB	1.32	0.0776004
AKAIN1	5.12	0.0776121
PLG	1.43	0.0776508
RAB5C	-1.3	0.0776697
PHLDB3	1.25	0.0777415
NOTCH3	-1.36	0.0777962
LOC101927746	2.25	0.07789
COMMD4	-1.25	0.0779267
SDSL	-2.27	0.0780031
RAI1	1.08	0.0780284
DNAJB9	1.07	0.0780489
EML2-AS1	-1.73	0.0780639
IGLV6-57	1.79	0.0780673
CDKN3	-1.18	0.0780833
LINC01089	1.14	0.0781154
MRO	-1.34	0.0781164
CPNE9	1.15	0.0781788
OR2K2	2.76	0.0782024
SPO11	-2.31	0.0782373
ASIC1	1.13	0.0782513
NCALD	2.62	0.0782551
C5ORF64	-2.23	0.078285
PPARGC1B	1.82	0.078307
KRBOX4	-1.1	0.0783378
TXNDC2	1.35	0.0783393
ACY1	1.41	0.078369
TBC1D15	1.24	0.0783774
ASB11	1.63	0.078397
CCDC89	2.42	0.0784047
HSPG2	-3.4	0.0784397
NPTX1	4.83	0.0785169
LUNAR1	1.5	0.0785521
KCNQ3	-1.09	0.0786522
SH3RF2	1.13	0.0787484
MAPK8IP1	-1.33	0.0788285
ADH4	1.47	0.0788386
PPP5C	1.63	0.0788741
LOC400655	1.66	0.0788893
ARC	1.54	0.0789258
CORIN	1.28	0.078973
CCDC137	1.16	0.0790239
SRY	1.36	0.0790477
LOC101929694	1.67	0.0790721
LOC101927257	1.24	0.0790807
LACRT	-1.53	0.0790954
SLC43A2	-1.18	0.0791623
PEX5	1.09	0.0791904
SUV39H1	2.43	0.0792082
C15ORF48	2.32	0.0792083
CD74	1.41	0.0792692
OR2B2	1.56	0.0792959
TFAP2A	2.4	0.0793025
GLS2	2.49	0.0793187
PPIEL	1.71	0.0793731
TAF7L	-2.3	0.079374
CARS2	1.25	0.0794465
TMCO1	-1.12	0.0794674
ST6GAL2	-1.85	0.0794729
PDZRN4	-1.43	0.0795047
GZF1	2.4	0.0795154
LOC100506999	-2.73	0.07957
BUD31	1.87	0.0795863
TMEM80	1.23	0.0795916
NXF3	1.45	0.0796149
SCYL3	-1.31	0.0796252
WHSC1L1	1.08	0.0796843
SHISA8	2.98	0.079697
P2RY2	-1.7	0.0797051
LOC101928139	-1.55	0.0797377
BTBD9	2.71	0.0797409
CSPP1	1.25	0.0798272
RHBDF1	1.18	0.0798376
ADGRE3	-2.16	0.0799121
GS1-600G8.3	-1.78	0.079933
LINC00337	1.44	0.0799543
FUT3	2.12	0.0799783
FOXJ2	1.17	0.0799786
ADGRL2	2.37	0.079983
ROBO4	-1.52	0.0800086
LINC00290	2.04	0.0800095
LOC100506098	1.65	0.0800553
CRTAC1	1.41	0.0801623
CCNJL	2.81	0.0801729
XRCC3	1.35	0.0801949
DNAH17	2.63	0.0802158
TRIB1	2.48	0.0802273
LINC01193	4.07	0.0802956
RBP4	1.37	0.0803167
C4ORF47	1.33	0.0803876
SLC38A11	-2.08	0.0804085
DOCK5	-3.66	0.0804577
NPIPB15	1.37	0.0804935
LOC152286	1.21	0.0805098
ENTPD5	1.64	0.0805294
TMEM150C	-1.64	0.0808305
TRIM44	1.66	0.0808468
RASGRP4	1.82	0.0809075
ITGB3	-2.3	0.080918
NID2	-1.28	0.0809711
KCTD11	1.43	0.0809998
PPM1F	1.11	0.081024
UST	-1.43	0.0811835
TRAF3IP2-AS1	1.2	0.0811901
AP1AR	1.36	0.0812448
PTPN12	3.4	0.0812685
KRT2	2.12	0.0812815
ERGIC2	1.08	0.0812892
MGC12916	-1.63	0.0813712
ITIH4	-1.39	0.0813971
GSN	-3.04	0.0814298
GPR3	3.35	0.0815024
KRTCAP2	1.35	0.0815401
COQ4	1.13	0.0815903
DRD1	2.6	0.0815931
PDIA2	-1.54	0.0816543
CEP57L1	-2.32	0.08167
FAM221B	2.73	0.0817443
LOC285191	1.44	0.0817629
PEX5L	1.12	0.081786
FCAR	1.14	0.0817902
NCKAP1L	-1.71	0.0818051
ECE1	-1.62	0.0819029
FBXO32	-1.33	0.0819818
SLC39A11	1.2	0.0819955
BUB1	3.02	0.082019
MYL2	-1.41	0.0820828
PRKCB	1.07	0.0822199
LOC101928886	-1.82	0.0822584
ZC3H7B	1.28	0.0822783
LOC100134040	1.59	0.0822798
ERVH-6	2.46	0.0823788
MROH2A	-2.3	0.0823937
KRTAP19-1	3.77	0.0824213
NKX2-5	1.06	0.0824298
RTBDN	1.78	0.0825184
SFT2D3	1.27	0.0826033
CARMIL1	1.39	0.0826842
SNX5	1.43	0.08269
POTEM	-1.6	0.0826981
ACKR4	1.19	0.0827149
LOC101928909	2.17	0.0828239
PROM1	-1.05	0.0828285
KCNQ5	2.93	0.0828383
CLNK	1.18	0.0828678
LOC401098	1.48	0.0828958
MPHOSPH8	1.4	0.0829142
MC5R	2.13	0.0829773
IGLV1-44	-1.52	0.0830004
LOC157860	1.46	0.0830658
AKR1C1	1.5	0.0830665
TDP1	2.0	0.0830665
ANXA2	-1.7	0.0830742
AMER3	1.55	0.0831218
LINC01134	1.14	0.0831275
TREML4	1.34	0.0831368
ZBTB46-AS1	2.29	0.0831687
RAB25	-1.53	0.0832128
DLX4	1.49	0.0832844
SCN4A	1.44	0.0832971
MS4A5	-2.59	0.0833039
PLEKHA5	-1.09	0.0833646
UBLCP1	-1.23	0.0833775
AFG3L1P	2.1	0.0833984
ANKRD13C	-1.63	0.0834132
LINC00924	-1.35	0.0834437
HBZ	-1.08	0.0834481
LOC221272	-1.16	0.0834888
PLN	-4.12	0.0834891
GCGR	1.6	0.0835104
MFI2-AS1	1.96	0.083546
CYP4F30P	3.21	0.0836294
SLC2A12	1.54	0.0836312
GEM	1.18	0.08364
CTLA4	1.68	0.0836432
LOC101593348	-2.18	0.08366
TPI1	1.07	0.083682
SIAH2	1.15	0.0837582
CNFN	1.41	0.0837653
SIK3	-1.19	0.0838196
LOC101929174	-2.54	0.0838277
TRIM2	-1.49	0.0838467
LINC01416	2.21	0.0838781
HSD11B2	-2.33	0.0839107
ANXA13	-1.18	0.083924
KLK8	2.7	0.0839359
TMEM190	2.14	0.0839466
AP1S3	2.69	0.0839648
JRKL	-1.11	0.0839793
MIR3663HG	1.92	0.0840112
MARCH3	1.11	0.0840191
GSTTP1	1.39	0.0840736
HERC6	-1.26	0.0841311
SYTL4	-2.6	0.0841613
CABP4	1.2	0.0842428
EPG5	-1.54	0.0842973
PCAT7	-1.47	0.0843682
TPD52	1.32	0.0843744
RETNLB	1.09	0.0843794
SPPL3	1.19	0.0844945
NDUFB2-AS1	1.08	0.0845168
C21ORF62	-1.41	0.0845499
PINK1-AS	-2.14	0.0846432
GLOD5	1.26	0.0846984
CNOT6L	-2.92	0.0847528
LOC101926959	-1.59	0.0847599
LINC00458	-2.02	0.0848379
SARDH	1.23	0.0848891
LOC105373065	-2.54	0.0849004
SMC1A	1.23	0.0849114
HNRNPR	1.68	0.0849311
SMAD6	-2.16	0.0849406
SRRM2	1.04	0.0850212
DYNLRB2	-1.18	0.0850496
LINC00463	1.56	0.0850572
FBXL17	1.07	0.0851198
CENPN	1.1	0.0851965
TUBGCP5	-1.14	0.0852052
NKX6-3	1.79	0.0852084
MYO6	-1.11	0.0852327
TMEM245	2.46	0.085239
IGSF10	2.25	0.0853864
HNRNPL	1.14	0.0854309
RARRES1	-1.77	0.0854652
RASSF6	2.81	0.0855257
SLC35A3	-1.08	0.0857801
LUZP4	-1.9	0.0858343
C18ORF15	2.58	0.0858346
GIMAP6	-1.2	0.0859134
COL17A1	1.19	0.0860003
VN1R10P	1.19	0.0860545
FDCSP	1.8	0.0861109
AIFM3	1.41	0.0861126
FAM167A	2.99	0.0861771
MYL10	1.49	0.0861858
MYEF2	1.46	0.0862471
TM7SF3	-1.05	0.0862678
MMEL1	1.06	0.086286
CYP4B1	-2.21	0.0862892
ZNF718	2.32	0.0862921
PRKAA1	-1.11	0.0863126
C1ORF168	3.27	0.0863227
LOC729324	1.14	0.0863561
LOC105372069	2.39	0.086398
FRG1JP	1.05	0.08643
ACVRL1	-3.1	0.0864714
CACNA2D4	-1.81	0.0864843
LOC101928837	-1.88	0.086506
LOC101927122	2.72	0.0865161
SEPT11	-1.11	0.0865801
LINC01191	1.98	0.08659
LOC340184	1.28	0.0866162
SLC1A2	1.41	0.0866241
LINC01539	-2.32	0.0866273
PCM1	-2.36	0.0866329
HOXD9	-1.32	0.086719
CALHM1	1.15	0.086723
PPP2R5B	1.17	0.086736
LOC100996342	-2.89	0.0867381
LINC01532	1.19	0.0867711
CLSTN2	-1.71	0.0867929
C8ORF4	-3.59	0.086854
PRG2	-1.29	0.0869058
FLNB	-1.24	0.0869683
LOC729224	2.94	0.0870742
IBA57	2.31	0.0871009
LOC105377832	-1.07	0.0871474
SLIT1	2.04	0.0871795
FASTKD2	-1.43	0.0872197
FMO4	-1.57	0.0872502
NEK9	-1.44	0.0872675
TMIE	-2.38	0.0873409
RFC5	1.11	0.0873511
TRIM65	1.06	0.0874349
PHKB	-1.06	0.0874411
RAB27B	-1.86	0.087518
GUSB	1.28	0.0875549
P2RY10	-1.24	0.0875863
AZIN1	1.37	0.0876578
PIM3	1.18	0.0876633
LOC284926	-1.59	0.0877076
CROT	-1.78	0.0877084
GRPEL2	1.04	0.0877085
ZNF829	1.02	0.0877123
B3GALT5-AS1	-1.15	0.0877887
STK33	-1.95	0.0877938
NOS1	3.25	0.0878008
PRR5L	1.5	0.0878097
UNK	-1.09	0.0878108
MKX	1.51	0.087831
LMAN1L	2.18	0.0878612
SDF4	-1.09	0.0878756
PBOV1	-1.53	0.0878977
GAD2	1.94	0.087903
ZEB2	-1.5	0.0879192
DHDH	1.54	0.0879197
LINC01000	-1.54	0.088068
RNF207	-1.94	0.0881248
DDOST	-1.06	0.0881486
NAIP	-1.28	0.0882518
DESI2	1.03	0.0882979
FGF21	1.2	0.088367
LOC100506319	2.89	0.0883773
LOC644852	-1.42	0.0884526
SLC5A11	1.53	0.0885753
ACR	-1.23	0.0886608
PI3	1.11	0.0886886
IFNA14	3.11	0.0887685
OR5P2	3.02	0.0887772
TSPAN6	-1.03	0.0888064
HRH4	-1.89	0.0888323
PQBP1	1.03	0.0888981
SLC35E4	1.39	0.0889161
KLC1	-2.23	0.0889247
LOC283485	1.13	0.0889297
FGFR1	1.1	0.0889404
IL3RA	2.42	0.088955
EML2	1.01	0.0889631
NOP14	1.02	0.0889803
ZNF446	-2.26	0.0890895
MROH7	-2.32	0.0891232
OPRK1	3.07	0.0891408
C8A	-1.58	0.0891437
ZNF570	1.22	0.0891571
CD38	-2.03	0.0891629
YPEL4	1.4	0.0892053
PLXNA2	-1.23	0.0892457
TERF2	-2.14	0.0892507
EFCAB13	1.42	0.0893865
KHDRBS3	1.06	0.0893877
MNX1	-1.58	0.089406
RNASE4	-1.1	0.0894109
CDK8	1.02	0.0894741
SHF	1.18	0.0894771
RNF144A	2.89	0.0894987
LOC100506476	-2.77	0.089566
SMIM7	1.04	0.0895804
UGCG	1.18	0.0895839
GSTO2	-1.07	0.0896011
SLAMF7	1.39	0.0896137
ELP2	-1.42	0.089676
MYB	-2.05	0.0896795
ZNF8	1.1	0.0897034
IMPAD1	-1.01	0.0897103
ITGA1	-1.04	0.0897194
GALT	1.49	0.0897547
ANKRD7	1.21	0.0898946
LIMK1	1.71	0.0899547
PODN	-1.44	0.0899674
TRIM29	-2.69	0.0900642
GOT1L1	2.28	0.0900676
LOC105370746	-1.77	0.090089
TAS1R1	-1.68	0.0901239
SCRG1	-1.24	0.0901923
NR6A1	1.17	0.090198
HCAR1	-1.93	0.0902161
TCEB3	1.02	0.0902951
ACVR1C	1.16	0.0903058
ERLIN2	-1.38	0.090336
PRKAG2-AS1	1.25	0.0903954
CHST13	1.47	0.0904553
LINC00205	1.17	0.0904622
TSTD2	2.91	0.0904781
TMEM255B	1.14	0.0904796
PLEKHG4B	2.09	0.0905277
DYNC2H1	-1.04	0.0905289
TF	1.14	0.0905358
NFKB2	1.3	0.0906128
C7	-1.81	0.0906308
ANGEL1	2.38	0.0906743
ACKR3	-2.13	0.090729
IFNA4	1.13	0.0907902
ZFYVE28	1.71	0.0908586
PHF12	2.77	0.0908604
ZNF233	-1.31	0.0908656
GALNT16	1.06	0.0908807
MIR3682	-1.54	0.0909488
MMRN2	-1.02	0.0910325
DKFZP434L187	-2.48	0.0911071
TIMP3	-1.16	0.0911129
MTCP1	-1.65	0.0911248
LINC01312	1.11	0.0911336
MAPK11	1.31	0.0911498
TLR8-AS1	1.58	0.0911724
GCNT7	2.92	0.0912572
ZNF548	1.53	0.0912674
HSD17B1	1.08	0.0913611
SLC39A9	3.13	0.0914079
NUP58	-1.11	0.0914153
GALP	1.42	0.0914422
ABCA9	-1.15	0.0914614
LOC101928580	2.76	0.0914636
IFI44	-1.5	0.0915018
ELOVL3	-1.84	0.0915612
LOC101927410	1.57	0.0915856
CERCAM	1.74	0.0916069
OSR2	-2.02	0.0916508
ASNS	-2.28	0.0916515
OBSL1	1.02	0.0916521
LOC101927274	3.07	0.0917059
ZNF214	1.23	0.0917121
NME9	2.08	0.0917271
STX12	-1.23	0.0917324
LINC01535	2.17	0.0918163
LINC01516	1.17	0.0918221
PKD1L2	-1.55	0.0918422
LOC102724156	-2.56	0.0918696
SFRP4	-1.43	0.091953
APOM	-1.19	0.0920157
PLAC4	1.0	0.092025
BTC	-3.21	0.0920251
TSIX	-1.97	0.0920656
ELOVL2	-1.05	0.0921866
PITPNC1	1.07	0.0922297
TJP1	-1.3	0.0922994
LRRC59	1.24	0.0923172
RARB	1.11	0.0924581
DYDC1	-2.18	0.0924862
FAM170B-AS1	1.72	0.0924868
HS3ST6	2.31	0.092501
FAM196A	1.15	0.0925709
KRTAP3-3	-1.1	0.0926618
DPH6	-1.21	0.0926631
BCAR4	1.29	0.0926982
RBM11	-1.21	0.0927464
RNF113A	1.0	0.0927594
SPACA6	1.09	0.0927694
DLX5	1.53	0.0928083
GPATCH2L	-1.18	0.0928135
POM121L9P	-1.39	0.0928726
CHIC1	1.05	0.0928776
GLYATL1	1.12	0.0929972
SLC47A1	1.44	0.0930082
NLRP2	2.22	0.0930225
SERHL2	1.54	0.0930381
HTN3	-3.22	0.0930581
P2RX7	1.21	0.0931497
FAM208A	-1.04	0.0931837
FAM217A	3.73	0.0932153
LOC105374419	-3.25	0.0932185
C4ORF33	-1.0	0.0932237
RTFDC1	1.58	0.0932685
DSTNP2	1.05	0.0932884
MYH2	1.33	0.0933102
LOC100996345	-1.38	0.0933157
EPB42	1.44	0.093322
ANKRD13A	-1.04	0.0933939
SLC6A4	1.61	0.0934353
CXORF57	-2.63	0.0934394
LOC101928076	-2.01	0.0934779
DTD1	-1.02	0.0935558
DCX	0.992	0.0936011
TFF2	-1.38	0.0936015
ZNF391	2.11	0.0936533
PLRG1	-1.08	0.0936996
DYNC2LI1	-1.29	0.0937836
MGC39584	-2.38	0.0938053
TPRN	1.24	0.0938383
LOC100127938	2.55	0.0939255
ZNF793-AS1	1.16	0.0939465
FASTK	-1.21	0.0939618
HAGLROS	-2.45	0.093971
YLPM1	-1.01	0.093978
MEX3D	1.82	0.0940034
VAC14-AS1	1.05	0.0940373
OLAH	1.09	0.0940501
SNHG4	1.13	0.0940826
C12ORF49	1.16	0.0940903
OR51M1	1.31	0.0941113
OMD	-1.67	0.09418
LOC105377924	-1.55	0.0941829
SLC24A3	1.08	0.0943584
ZNF696	-1.4	0.0944255
C17ORF47	-1.95	0.0944276
DRAXIN	1.7	0.0944626
ZFP42	2.56	0.0945021
WIPF3	2.01	0.0945052
GATS	-0.987	0.0945786
LIAS	-1.24	0.094583
TNFRSF4	1.41	0.0947171
SLC13A3	1.9	0.094749
ZMYM1	-1.11	0.094771
SMPD1	-1.85	0.0947812
KLHL29	1.92	0.0948512
JMJD6	2.09	0.0949302
COL6A2	1.54	0.0949442
OSER1-AS1	1.67	0.094955
DDR2	-1.11	0.0950626
SPATA13	-2.42	0.0951362
NFIX	1.08	0.095151
STK19	2.92	0.0951627
SSU72	2.58	0.0951638
LOC105370629	2.2	0.0952273
LOC100130502	1.56	0.0952283
PLXNA3	2.83	0.0952527
LOC400622	1.02	0.0952574
SBF2	1.14	0.0952649
KIDINS220	1.08	0.0953009
FAM129C	-1.26	0.095323
INIP	1.02	0.0953415
ZNF552	1.59	0.0954193
IQCF5	1.94	0.0954741
HEG1	-1.02	0.0955129
CNGB1	2.67	0.0955425
FAM86C1	-1.54	0.0955661
TACC2	2.63	0.0955731
ZKSCAN1	-1.19	0.0956686
TIFA	1.4	0.095691
ERVH-4	1.11	0.095709
ABCC12	1.64	0.0957399
LOC340340	1.06	0.095753
RCBTB2	-1.1	0.0957928
C19ORF45	-1.75	0.0958384
UBALD1	2.0	0.0958466
TXNIP	-1.38	0.0959236
CMTR2	-1.07	0.0959306
MAATS1	-1.09	0.0959493
TIE1	-1.14	0.0959883
TMCC2	1.08	0.0960127
RNF151	1.93	0.096057
CFLAR	-1.02	0.0960574
ZNF830	1.06	0.0960703
ZFR	1.27	0.0961153
ISG20L2	1.29	0.0961941
JUN	1.54	0.0962633
DCLK3	1.11	0.0962688
ZNF281	0.994	0.0962931
PPP3R1	1.05	0.0963052
LRPAP1	-1.03	0.0963112
MED16	1.65	0.0963777
UCA1	2.37	0.0964491
WDR60	1.03	0.096521
GPR26	-1.32	0.0965563
SETD7	-2.27	0.096581
RHEB	1.23	0.0966012
NKX6-2	-2.12	0.0966345
CST11	2.44	0.0967512
FGF19	2.05	0.0967743
NRP2	1.28	0.0967849
UMODL1-AS1	3.35	0.0967968
POLK	-1.93	0.0968172
PRAME	2.61	0.0968574
RGMA	0.989	0.0968992
CFAP46	-1.33	0.0969043
PRRG2	1.66	0.0969484
CCDC144NL-AS1	-1.65	0.0969669
SIK2	3.11	0.0969781
ZDHHC24	-1.86	0.0970043
LINC01029	2.18	0.0970272
LOC100506272	1.4	0.0970644
BRE	-1.01	0.0970686
CD2AP	1.55	0.0971287
SPATA17	-1.32	0.0971308
RAPGEF4-AS1	2.1	0.0971881
SH3D19	-1.11	0.0972733
ECM2	-1.5	0.0972762
PRSS54	1.95	0.0972837
LOC283887	1.38	0.0973488
TMEM106A	2.52	0.0973948
FGF12	1.11	0.0974483
ARHGAP5-AS1	-1.02	0.097468
SGMS2	1.55	0.0975245
FAM161B	-1.13	0.0975742
PSPC1	-1.05	0.0975772
PRICKLE2-AS3	1.35	0.0976139
APOA5	2.64	0.0976374
VAT1	-1.01	0.0976866
AGFG1	0.978	0.0977171
DPH3P1	-1.97	0.0977282
ARHGAP26	-1.23	0.0977595
KLK4	1.78	0.0977792
RSPO4	-2.02	0.0978488
FYN	-1.26	0.0979022
HS3ST3B1	3.19	0.0979235
ID1	-1.82	0.0979275
CEP41	-1.0	0.0979718
LINC00648	3.12	0.0979841
LOC101927752	1.45	0.0980137
CAPSL	-2.67	0.0980755
FUS	-1.04	0.0980809
BCL11A	1.52	0.0981499
LOC154761	1.46	0.0981711
PSMC2	-1.09	0.0981867
EFCAB1	1.93	0.0981988
GPR39	1.14	0.0983037
IDH1-AS1	1.26	0.0984135
COPS8	0.979	0.0984466
ANKRD11	0.987	0.0985319
TAF8	1.14	0.0985549
ATP11A	-2.93	0.0985555
PIK3IP1-AS1	1.12	0.0985989
LOC102724927	1.86	0.0986296
H2AFY	-1.14	0.0986366
SLC2A11	-0.98	0.0986769
SYNPO2	-1.34	0.0986979
C16ORF82	1.37	0.0987018
C2ORF40	-1.3	0.0987025
LOC101928961	-1.6	0.0987089
AKR1C4	-2.68	0.0987144
PRKACG	2.76	0.0987244
LOC100288966	-2.35	0.0987377
PLA2G4E-AS1	3.25	0.0988656
B3GALT2	-1.47	0.0988788
MAPK1	2.03	0.0989033
MUC7	2.73	0.0990443
SLC51B	1.55	0.0990453
SYNE1	1.28	0.0991177
LOC647070	1.55	0.0991231
GAS1	1.14	0.0992067
LST1	-1.06	0.0992419
TXNDC8	1.58	0.099261
GS1-259H13.2	2.63	0.0992989
EPC1	1.3	0.0993471
TH2LCRR	-1.29	0.0994167
DNAH6	2.0	0.0994191
KIAA1671	-1.16	0.0995081
MINA	-1.06	0.0995322
PLB1	3.01	0.0995802
MS4A6A	-0.978	0.0997031
UBXN10-AS1	-1.26	0.0997101
ENPP1	1.05	0.0997379
ST8SIA6-AS1	2.11	0.0997723
BRD7	1.44	0.0998167
SERPINB9P1	-1.52	0.0998427
BST1	-1.87	0.0998485
FAM212A	1.27	0.0998575
SLFN13	-1.22	0.0998579
WDR78	-1.12	0.099922
TTTY13	3.1	0.0999295
SEPT6	1.33	0.0999379
TEX33	2.25	0.1001282
TBC1D22B	2.18	0.1001383
EGFR	1.44	0.1001413
OR13C4	-1.91	0.1001663
NUDT7	-1.05	0.1002525
TRIM37	1.39	0.100286
KAT8	0.968	0.1003246
NUDCD3	1.06	0.1003256
DDA1	1.6	0.1004191
EPSTI1	-1.1	0.1004265
CLDN23	-2.3	0.1004294
IL23R	2.1	0.1004294
DMPK	1.24	0.1004395
IMPACT	-1.1	0.1004665
CCDC40	1.22	0.100543
SNRNP48	1.46	0.100601
MAOA	-1.24	0.1006617
ARHGAP32	1.15	0.1006722
SRD5A2	-1.59	0.1006847
AK9	1.11	0.1007109
CHI3L2	-2.43	0.1007443
OLFML2A	-1.44	0.1007737
FBXO44	1.11	0.1008268
ADGRD2	2.19	0.100899
ANPEP	-2.63	0.1009164
ADAM23	1.23	0.1009243
CFAP69	-2.0	0.1009513
LOC100129973	2.25	0.1010462
GATA5	-1.85	0.1010493
SPATA5L1	1.08	0.1011072
OR8G1	1.37	0.101112
ENOSF1	-4.2	0.101116
DPM3	0.962	0.1011471
LPCAT3	1.04	0.1011673
PLCXD1	2.01	0.101287
CDS2	1.01	0.1013138
ITGA11	-2.24	0.1013896
PHKG1	2.19	0.101432
ARHGAP5	1.04	0.1014696
LOC105378749	1.97	0.1014767
NRP1	-1.88	0.1015282
ING5	1.43	0.1015391
ZNF771	-2.29	0.1015884
SNTB2	-2.86	0.1016756
PTGDR	-2.51	0.101713
TBC1D9	-1.05	0.1017321
RAB40C	1.1	0.1018075
CREB1	-1.2	0.1018756
HSPA4L	1.02	0.1018809
CTF1	1.6	0.1019631
LINC01426	-1.39	0.1019709
PLCXD2	1.83	0.1019764
MYCT1	-1.22	0.1019987
TCEANC2	1.25	0.102005
IPO5P1	-1.0	0.1020063
GNAO1	1.88	0.1020956
DKK3	-1.69	0.102101
AUTS2	2.79	0.1021235
RERE	2.3	0.1021338
MRAP2	1.58	0.1021383
PIK3CG	-2.36	0.1021649
MALL	-1.73	0.1022198
BANF2	2.02	0.102234
HIST1H1D	-1.84	0.102263
LOC729296	1.59	0.1022665
KRT80	-2.29	0.1022911
HBEGF	1.14	0.1022912
LINC01565	1.11	0.1023453
SFI1	1.13	0.1023508
PEG3	1.17	0.1024162
HIST1H1A	-1.44	0.1024185
FAM71A	1.63	0.1024634
DDX28	-1.67	0.1024706
UBE2I	0.997	0.1024726
MIR4500HG	-1.63	0.1025398
DACT3	1.78	0.1025408
LHFPL5	3.45	0.1025952
NR2C2AP	0.992	0.1025981
CREG2	0.974	0.1026134
SBK1	1.67	0.1027122
LOC100506125	1.2	0.1027584
PPM1E	1.0	0.1027656
QKI	-1.14	0.1028643
SMARCB1	1.28	0.1028789
LPA	-2.43	0.1029512
LAT	1.83	0.1029951
UNC93B1	-1.42	0.103183
SIKE1	1.32	0.1032407
AK5	-1.45	0.1033099
LOC81691	-2.06	0.1033257
FEZF2	-2.08	0.1033545
TFAP2C	3.13	0.103402
LALBA	1.7	0.1034122
UTF1	-1.35	0.1034164
LETM1	-1.57	0.1034352
RALGPS2	1.04	0.1034735
PLCH1-AS1	1.03	0.1035296
GBX2	-1.68	0.1035349
UNC93A	-1.19	0.1035774
SLC16A11	1.79	0.1035834
ABCG2	-1.6	0.1036512
ZPLD1	1.76	0.103666
REN	1.39	0.1037026
ATP2A1	-2.24	0.1037139
S100A5	1.1	0.1037146
TMEM43	0.982	0.1037478
COX5B	1.1	0.1037775
RRS1	0.968	0.1038843
TGFB1I1	-0.997	0.1039084
LOC101927313	-2.15	0.1039386
MAMDC2-AS1	-2.56	0.1039397
TAF4	1.1	0.1039931
BAGE	2.03	0.1040048
CHRM3	1.81	0.1040309
LPCAT2	2.01	0.1040705
LOC101928535	-1.7	0.1040917
PYCARD-AS1	0.996	0.104111
ZDHHC15	-1.12	0.1041154
DNASE1	-1.93	0.1041226
LINC01405	2.85	0.1041532
SLC35E3	-1.47	0.1041909
LOC100130456	-1.64	0.1042146
WNT4	1.01	0.1042344
ATP5F1	-1.14	0.1042459
CCDC38	1.22	0.1042469
GEN1	3.46	0.1042976
DNAAF5	-0.951	0.104325
SBNO1	1.77	0.1044172
FAM199X	-1.25	0.1044902
YEATS2	1.19	0.1045285
CHST1	1.4	0.1045409
SERPINB13	1.39	0.1045992
KIAA1033	-1.12	0.1046511
SLC9B2	1.18	0.1046697
GOLGA2P5	1.72	0.104709
AJUBA	-1.11	0.1047288
CDKN2A-AS1	1.86	0.1047299
ZNF207	-2.03	0.1047633
YWHAE	-1.07	0.1047812
C11ORF44	-1.08	0.1048652
CHAC2	-1.3	0.1048925
ACRV1	1.33	0.1049233
HOXA3	2.8	0.1049239
SNRPA	1.01	0.1049413
CD2BP2	1.1	0.1049586
RNF32	-1.43	0.1049722
LOC100506563	1.19	0.1050037
LOC102723757	1.97	0.1050047
DCTN5	-1.66	0.1050256
TSTA3	-0.977	0.1050547
KCNJ15	2.31	0.1050779
C8ORF58	1.17	0.1051218
CCDC36	2.08	0.1051376
CASP8AP2	-1.49	0.1051452
UTRN	-0.989	0.1051736
PSME4	-1.07	0.1051777
TRIM5	2.11	0.1052597
BPESC1	2.08	0.105284
SHMT2	1.05	0.105301
LRRN2	1.98	0.1053595
APBA3	-2.05	0.1054274
OR51I2	1.14	0.1054436
XCR1	-2.69	0.1054684
SLC25A13	-1.07	0.1054687
MIR99AHG	-1.14	0.1055346
GCKR	1.44	0.1056685
SPR	0.952	0.1056976
CASKIN2	-1.03	0.1057394
ADGRE2	1.8	0.1057905
C21ORF2	-2.53	0.1058995
ADAM22	-1.39	0.105931
TNNC1	1.4	0.1059952
P4HA1	1.37	0.1060019
SLC22A6	1.19	0.1060351
ZNF284	-1.34	0.1060614
C10ORF54	-1.31	0.1060948
TAS2R3	2.65	0.1061043
ANKZF1	1.01	0.1061176
LOC100507283	0.942	0.1061818
SIRPB1	2.67	0.1062142
IVNS1ABP	0.973	0.1062951
EIF5	1.03	0.106315
KIR3DL3	1.4	0.1063334
MKL1	-1.05	0.1063458
ASB10	1.11	0.1063497
SLIT3	-1.29	0.1063607
KLF12	-2.53	0.1063803
G2E3	-0.977	0.1063949
SLC10A1	1.81	0.1064691
AVIL	-1.46	0.1065369
LDB2	-1.61	0.1065439
SSX2B	-2.38	0.1065595
LOC101928185	1.78	0.1066338
LVRN	-1.23	0.10664
PMEPA1	1.05	0.1066408
CFAP221	-1.5	0.1066487
LOC105373764	-2.51	0.1067001
UBL4B	-1.06	0.1067145
EPRS	-0.945	0.1067489
CCDC59	0.941	0.1067705
PPP4R4	2.94	0.106782
WHAMM	0.988	0.1067876
LINC00862	1.83	0.1068309
FAAP20	-1.61	0.1068393
CARMIL3	1.19	0.1068478
LOC101928834	-1.06	0.1069617
BICD1	1.95	0.1070307
LOC101930370	-2.68	0.1070857
GS1-124K5.11	1.35	0.1070858
LINC01505	2.14	0.1071539
GUCY2D	-1.7	0.107172
IL10RB-AS1	-2.53	0.107223
EGFLAM	-1.66	0.1072531
STK24	1.35	0.1072659
RFX3	-1.36	0.1072669
PHOX2A	1.92	0.107294
EGF	-2.38	0.1073035
LOC388692	1.44	0.1073692
TRIO	1.11	0.1074667
ITFG2	-2.22	0.1074723
LOC101928446	2.58	0.1074826
IRF5	-1.98	0.1075028
CASP5	1.82	0.1075106
CC2D1B	1.02	0.1075259
TWF1	-0.994	0.1075418
LOC439951	2.4	0.1075501
GABRA1	3.51	0.1075539
C11ORF87	1.0	0.1076143
AHCTF1	0.951	0.1076791
ADAMTS9-AS2	1.56	0.1076925
ST3GAL2	1.83	0.1076961
EXO1	-1.39	0.1077436
IL36B	2.17	0.107752
ALOX12B	2.17	0.1077684
TEX261	-1.16	0.1077788
FBXO27	2.13	0.1077886
ZMYND8	-2.04	0.1077934
ASAH2B	0.966	0.1077941
FAM201A	1.21	0.1078195
SIN3B	-0.956	0.1078372
AKAP6	-1.95	0.1078411
WDR72	-1.6	0.1078594
FRMD1	-1.0	0.1079144
FZD6	-1.11	0.1079166
PAMR1	-1.05	0.1079572
KRT73	-1.49	0.1079581
NHLRC3	-0.952	0.1080089
FAM188A	-1.33	0.1081179
TRMT5	-1.12	0.1081231
TMEM169	1.35	0.1081434
TSPAN17	1.25	0.1081495
FGF13	-1.53	0.1081506
CCL13	1.59	0.1082789
TACR1	1.59	0.1083055
RNF216	1.33	0.1083579
RYR2	1.46	0.1083707
SERP2	-2.22	0.1083951
LOC101929004	1.12	0.1084544
HFE	-1.81	0.1084725
CLCN5	1.02	0.1084965
ALS2CL	0.937	0.1085011
IRF2BP2	1.04	0.1085229
CLIC3	-2.41	0.1085275
NSG1	1.48	0.1085834
VPS9D1	0.979	0.1085963
DHRS2	1.42	0.1086035
HAND2-AS1	2.83	0.108605
SLC39A7	1.02	0.1086746
LOC105374366	-1.33	0.1086949
TMEM88	-1.59	0.1087801
PARK2	0.955	0.1088186
METAP2	-0.951	0.1088202
SLC16A1-AS1	-1.19	0.1088421
REG3G	-1.0	0.108848
ZSWIM1	-1.11	0.1088484
C2	-2.66	0.1088572
LINC00942	1.04	0.1088868
LOC100129034	2.02	0.1089562
FAM26D	-2.44	0.1089955
COL18A1	-1.43	0.1090026
EZH1	1.33	0.1090587
AKAP1	1.97	0.1091315
LOC728353	1.22	0.1091362
EPHB2	1.04	0.1091483
TESK1	0.934	0.1091489
CCDC61	1.34	0.1091557
TTC39B	1.08	0.1091643
CDH4	1.42	0.1091798
MBOAT1	-1.07	0.1092585
RFXAP	-0.937	0.1092694
ARHGEF15	1.22	0.1092754
LOC100287290	2.82	0.109284
PDK3	0.983	0.1092954
PPDPF	-1.56	0.1093393
STAT1	-0.964	0.1093885
LINC01520	0.935	0.1094311
PELI2	1.64	0.109446
SPATA6L	-1.24	0.1094467
HAVCR2	-3.67	0.1094708
IFNA8	2.81	0.1095616
MXD3	-1.52	0.1095809
ITSN1	-2.05	0.109637
STK38	-1.43	0.1096461
PPFIA3	-0.954	0.1097363
THNSL2	-3.87	0.1097504
LOC105370178	-1.05	0.109766
IRS2	0.941	0.10979
MYLK3	2.87	0.1097981
LSR	-0.947	0.1098065
ATP11B	1.09	0.109844
B3GNT7	2.63	0.1098689
CTSW	1.02	0.1098808
PAPLN	-1.2	0.1098916
ARRDC1-AS1	-0.976	0.1099063
TRABD2A	1.11	0.1099411
C9ORF16	1.06	0.1099885
TBC1D8B	0.968	0.1100265
ST3GAL3	1.83	0.1100615
B3GALT4	0.989	0.1101143
LOC105379186	-1.77	0.1101661
MET	-1.18	0.1101687
PDPK1	1.14	0.1102439
TPSAB1	2.86	0.1102692
POLR2A	2.88	0.1104703
FGD6	-2.78	0.1104757
GOLGA2P10	0.999	0.1104759
COL4A4	-1.67	0.1104923
PRR14	1.07	0.1104971
LRRC8B	-1.75	0.1104994
MIR142	1.43	0.1105531
MGAM	1.95	0.1105874
TENM3	3.58	0.1106254
RRP36	-1.01	0.1106369
CGA	0.94	0.1106915
ZNF300	1.03	0.1107668
EXD3	-2.76	0.1108041
MYT1L	2.23	0.1109741
THRSP	1.06	0.1109769
ZC3H7A	-0.931	0.1109916
LOC105379655	2.41	0.1110086
BACH2	1.03	0.1110516
F7	-0.934	0.1110518
HSPB6	-0.957	0.1110843
PLXNB1	-1.26	0.1111569
KSR1	-1.72	0.1111965
CRY1	1.2	0.111225
KDM7A	1.04	0.1112739
DDX49	1.76	0.1113108
WAC	1.01	0.1113628
ANKRD54	-2.91	0.1113851
CADM3	1.5	0.1114389
TRIM63	2.08	0.1115631
LTBR	1.24	0.111617
SKA1	2.32	0.1116535
SETDB2	0.958	0.1116702
CDH17	1.43	0.1117422
LOC101929164	1.67	0.1117841
LINC01523	1.11	0.1117916
ZCCHC8	1.52	0.1118829
UNC45A	1.11	0.1119004
LOC285627	3.03	0.1119567
MKNK1	-2.03	0.1120031
DENND5B	1.0	0.112013
NR0B1	0.935	0.1120164
B3GAT2	1.88	0.1120191
ZNF135	-3.17	0.112043
UHRF1	0.926	0.1120529
LIFR	-1.44	0.1120949
HGSNAT	-0.953	0.1121075
JUND	0.922	0.1121228
IFNA1	-3.33	0.1121726
ZBTB24	1.2	0.1121908
NKAPL	-2.11	0.1121978
LOC101927699	-2.55	0.1122783
CD209	1.2	0.1122936
NPC1L1	-0.921	0.1123712
PHF3	0.977	0.1123747
DENR	-1.06	0.1123972
PCNX3	0.945	0.1124249
LONRF1	1.27	0.1124413
TLE3	0.983	0.112485
BRICD5	1.25	0.1125134
LYRM9	-0.967	0.1125632
RXRB	1.18	0.112599
PPP1R2	1.1	0.112643
SPZ1	1.06	0.112646
ATAD3B	-2.68	0.1126587
NNT	0.949	0.1126634
GK	1.06	0.1127174
N4BP2L2	-1.49	0.1127189
PDPN	1.59	0.1127303
FAM167A-AS1	1.49	0.1127719
CPNE6	1.61	0.1128136
CRABP1	-1.96	0.1128284
HLA-C	-1.34	0.1128455
COL4A2	-1.98	0.1128872
PTPN18	-1.17	0.1129243
ARHGAP25	1.65	0.1130149
MALAT1	-1.17	0.1130373
MAPK7	1.52	0.113116
OR10D1P	-1.95	0.1131371
GATA3-AS1	1.31	0.1131414
PABPC1L	-2.76	0.1131462
SVIL-AS1	0.998	0.1131652
ZNF826P	-2.35	0.1132792
SLC26A1	2.44	0.1132813
LOC101926892	0.919	0.1133639
ZCCHC13	2.56	0.1134538
LOC105377468	1.3	0.1134599
TDRG1	1.51	0.1134612
HIP1	-1.03	0.1134863
TSC22D1-AS1	-0.989	0.1135133
CACNG1	-1.42	0.1135516
PRR14L	1.16	0.1136131
MUM1	0.954	0.1136253
TONSL	1.71	0.1136412
KAT6A	1.18	0.1136568
OR5E1P	3.94	0.1136608
EIF3H	-2.33	0.1136826
EVI5	1.72	0.1137848
PRKCDBP	-1.14	0.1137883
ATP2A3	1.55	0.113805
MUC16	3.2	0.1139057
LOC729173	0.934	0.1139155
LRRC18	2.32	0.1139312
COIL	1.19	0.1139411
NPVF	2.7	0.1139956
KLHL20	1.17	0.114029
LOC101928314	2.85	0.1140487
GRAMD3	-0.984	0.1141944
PCBP3	1.12	0.1142546
CIB2	0.932	0.1142714
SPTY2D1	0.975	0.1142739
GULP1	-1.97	0.1143011
RMDN1	0.962	0.1143128
MTF2	1.03	0.1143389
FAM47E	2.36	0.11436
LINC01012	2.9	0.1143708
TPD52L3	1.85	0.114376
LOC101928841	0.99	0.1143954
METAP1D	-2.61	0.1144197
BCORL1	1.27	0.1144402
PLXNC1	-2.42	0.1144936
TP53TG5	1.06	0.1145239
FAHD2A	1.3	0.1145858
XDH	2.03	0.1146008
TMEM61	1.19	0.1146257
DHRS7C	1.13	0.1146358
KIAA1549L	1.84	0.1147078
ARRDC1	2.13	0.1147127
C10ORF55	3.51	0.1147173
LOC100507201	2.51	0.1147428
LINC00838	2.0	0.1147751
HSD17B12	-1.11	0.1148056
GRAP2	-1.22	0.1148061
RAB7B	-1.84	0.1148258
SOHLH2	2.93	0.1148708
EHMT2	1.19	0.1149317
GMDS	-1.15	0.1149825
LINC01351	1.3	0.1149837
PPFIA4	2.75	0.1151144
LOC100996385	1.06	0.1151275
FGF11	-1.52	0.1151577
OAS1	-1.34	0.1153113
CCDC191	-1.31	0.1153738
BAZ1B	1.15	0.1153917
CNR1	2.85	0.1154011
CMTM8	-0.913	0.1154336
NLRC3	-1.42	0.1154754
MAGIX	1.95	0.115662
C11ORF57	1.22	0.115748
MED15	0.949	0.1158207
FAM124A	-1.16	0.1159731
MDH1B	-1.27	0.1160371
FFAR1	-3.24	0.1160586
SKAP2	-1.75	0.1160714
GPAT4	0.955	0.1160919
TRMT10A	-0.941	0.1161021
ORAI2	1.01	0.1161209
LRRC8E	1.09	0.1161267
ZNF595	1.03	0.1161282
DRD3	1.93	0.1161302
MYH4	2.36	0.1161478
LOC101928333	-1.11	0.1161659
ZNF688	2.66	0.116189
IGFL2	-1.18	0.1161941
RHOC	-1.24	0.1164832
LOC100132057	-1.13	0.1164989
DTNBP1	0.913	0.116568
LOC101929372	0.979	0.1165722
SLC30A1	-1.1	0.1165852
BAIAP2	1.8	0.116613
FBXO18	-1.79	0.1167034
AQP2	0.946	0.1167128
OR1F2P	3.03	0.1167209
GRIA3	-1.13	0.1167334
GTDC1	0.911	0.1167549
HSH2D	2.44	0.1168403
BACE1	-1.47	0.1170034
CA10	1.97	0.1170161
PIK3C2A	1.7	0.1170388
DLEU1	1.24	0.1170913
GRB10	1.19	0.1170968
CHKB	-0.916	0.1171051
KCTD5	1.72	0.1171268
FOXN3	1.06	0.1171339
LEKR1	-1.84	0.1171712
LOC102724165	-1.95	0.1171724
LOC101927060	-1.72	0.1172092
PIP5K1A	-0.965	0.1172195
BMP1	-2.21	0.1172396
ZNF853	0.968	0.1172653
GPR55	1.98	0.1173239
GRM5	-1.55	0.1173694
LINC00535	-1.44	0.1173772
FAM207A	2.52	0.1173995
EDEM3	0.92	0.117422
LRRC37A2	1.24	0.1174289
PES1	1.03	0.1174313
OR4D2	1.7	0.1174567
PGM2	-0.984	0.1174711
HLA-E	-1.16	0.1175046
EEPD1	-1.1	0.1175359
CALML6	-1.05	0.1175786
SORBS1	1.41	0.1176202
LINC01341	-3.05	0.1177062
RPLP1	1.71	0.1177384
RP9P	0.91	0.1178055
CCDC60	-1.65	0.1178514
GPCPD1	-1.21	0.1178553
RFFL	-2.2	0.1179378
ARHGAP22-IT1	1.12	0.118025
FEM1C	0.904	0.1180623
LINC00560	2.16	0.1180636
NUP160	-1.06	0.1181048
NIPSNAP3B	-1.01	0.1181051
ARIH2OS	-2.71	0.1181244
ARMC2	-2.15	0.1181747
TMEM209	-1.11	0.1181911
CD180	-1.46	0.118328
CCDC157	1.23	0.118347
CATSPER1	1.96	0.1183573
PLA1A	-1.18	0.118362
OBP2A	1.13	0.1183731
SOX12	1.13	0.1184104
OR2B3	1.6	0.1184305
LOC101927668	-1.96	0.1185
LINC01096	1.17	0.1185046
KCNG3	-1.94	0.1185064
RGS7	2.42	0.1185274
GRAPL	-2.66	0.1185833
SUFU	1.08	0.1186131
SESN3	-1.31	0.1186348
LOC102723694	1.97	0.1186414
GIPR	0.972	0.1186853
SST	1.63	0.1187705
TACC1	-0.977	0.1187724
ALPI	1.2	0.1188619
COL9A3	-1.06	0.1188634
LOC105376323	-1.99	0.118874
HOXD13	-2.83	0.1188851
UGGT2	-1.37	0.1188897
RPP14	1.08	0.1189715
LOC100996412	-1.11	0.1189781
SOSTDC1	-1.51	0.1189886
RPS2P45	1.21	0.118996
NEURL1B	-1.46	0.119105
LOC101927051	0.915	0.1191119
FETUB	0.942	0.1191152
LOC100506675	2.71	0.1191579
IL12RB1	1.2	0.1192398
XAGE3	2.94	0.1192573
LOC100652768	1.12	0.1192728
KDELR3	1.65	0.1193581
BCL2	-0.925	0.1193623
HIST1H2BA	1.05	0.1193647
PNISR	0.925	0.119383
CPOX	-1.48	0.1194034
GNAS	1.12	0.1194741
APOA1	1.12	0.1194781
CAAP1	2.5	0.1194915
PPIP5K2	-0.997	0.1195125
GID4	1.37	0.1195353
CEACAM19	-1.87	0.1195608
DOK6	1.66	0.1195904
ELAC2	-0.931	0.1195982
TUSC7	-1.61	0.1196508
GAS1RR	1.3	0.1196599
KCNF1	1.01	0.1196812
SYNJ1	3.24	0.1197905
CFAP65	1.15	0.1198072
PAPOLA	0.975	0.1198143
CXADR	-1.31	0.119815
TADA3	2.69	0.1198221
DDX3X	-2.38	0.1198401
SAMM50	1.5	0.1198462
TCN2	-1.15	0.1198738
PROP1	1.73	0.1198752
RNF183	1.09	0.1198833
PPOX	2.58	0.1199082
MSX2	3.32	0.1199514
CD5	1.25	0.1199762
CDH12	1.72	0.1200897
AKAP5	2.54	0.1201125
GLB1L	-0.993	0.1201154
DAP	-0.929	0.1201588
MBLAC1	1.11	0.1201638
LOC101929570	3.33	0.1201934
LSM14B	2.43	0.120271
PRDM5	1.18	0.1203052
LHX2	-1.04	0.1203863
LURAP1	-1.41	0.1204038
UGT3A1	2.14	0.1204246
LGR4	1.61	0.1204645
APBB1IP	-1.73	0.1204655
NCR1	-2.04	0.1205062
SCARA3	-1.08	0.1205492
CAPN8	1.39	0.1205827
IQGAP1	0.906	0.1206304
TNFSF8	-2.5	0.1206648
C7ORF49	-1.22	0.1207191
CCKAR	0.955	0.1207391
SOX6	-2.47	0.1207409
CENPU	-2.81	0.1207769
ZC3HAV1	-0.971	0.120824
PLEKHA8	-2.74	0.1208696
TMEM174	-0.902	0.120881
HOXD12	1.18	0.1209106
LUC7L3	1.89	0.1209983
MPP4	2.68	0.1210111
GALNT3	1.19	0.121021
TACSTD2	1.57	0.1210908
TUSC5	1.61	0.1211249
SPIRE1	0.959	0.1211305
FGFR1OP	1.16	0.1211612
PRKXP1	-1.93	0.1211619
STX2	1.22	0.1212252
C6ORF15	1.76	0.1212516
TMEM173	-1.58	0.121296
TOB1	1.01	0.1212979
ATP8B3	-3.52	0.1213502
UBE2U	1.7	0.1213645
NOP16	1.01	0.1213689
PALM	-1.14	0.1214106
BMPR1A	0.984	0.121566
CA6	2.08	0.1215787
FAM228B	-0.946	0.121587
TMEM182	-2.97	0.1216009
LOC100130232	0.938	0.121612
GPER1	2.82	0.1216154
ATXN7L2	1.02	0.1216158
SLC5A3	1.45	0.1216402
GTF2H5	-1.47	0.121702
ACVR2B	-1.37	0.1217783
ZNF677	1.0	0.1217885
DPCR1	1.23	0.1218551
ITPR3	1.62	0.1218769
GBF1	-1.05	0.1218781
OR12D3	2.1	0.1219038
PPP1R36	-0.952	0.12202
SORCS2	1.19	0.1220314
DBT	-1.09	0.1220539
CCDC62	1.21	0.122274
PON2	-1.98	0.122288
LHX6	1.92	0.1222967
CD1C	-2.05	0.1224024
HOXB3	-2.24	0.1224033
TRIL	1.31	0.1224356
RPRM	-1.09	0.1224422
TBX5-AS1	1.51	0.1224567
SATB2-AS1	0.956	0.1224597
PRKCH	-1.04	0.1224799
C15ORF41	-1.19	0.1225238
IKZF1	-2.4	0.1225241
HSD17B6	1.2	0.1225661
FGF9	1.83	0.1225821
UBE2O	1.7	0.1226241
GAL3ST4	0.909	0.1226632
SGF29	0.896	0.122673
GTSF1L	1.41	0.1226787
LOC101929512	1.3	0.1226979
CBLC	0.995	0.1227519
LINC00917	2.6	0.1228004
TMEM100	-0.95	0.1228202
INSL3	1.27	0.1228217
MDFIC	1.14	0.1228317
TIMP1	-1.76	0.122835
MRPL43	-1.21	0.1228364
SMPDL3B	1.53	0.1228725
ENPEP	-1.63	0.1229378
MED14	-0.965	0.1229656
KIRREL2	2.4	0.1230127
AGTRAP	-1.21	0.1231235
SYCP2	1.44	0.1231279
AXDND1	1.17	0.1231788
LYAR	0.89	0.1231852
QRSL1	-1.29	0.1232466
LOC101927610	2.15	0.1233509
EQTN	-3.54	0.1233979
BST2	-0.952	0.123398
STK40	2.08	0.1234653
ZNF720	-1.09	0.1234884
SYNCRIP	1.11	0.123539
LOC100129620	0.887	0.1235742
PWP1	-0.888	0.1236643
WDR74	1.62	0.1236843
FOXO4	0.97	0.1237867
POPDC3	1.09	0.1238135
LINC00564	2.18	0.1239378
PRPH	2.54	0.1239562
MYH3	1.98	0.1240433
CELA3A	1.03	0.1240524
PPIH	-1.86	0.124056
LACTB2-AS1	-1.05	0.1240785
SNAI1	-3.22	0.1240825
KLK1	1.32	0.1241344
HAUS5	-1.04	0.1241704
TFAP2A-AS1	1.98	0.1241758
ZNF763	-0.928	0.1242263
ZNF496	-1.21	0.1242368
EPB41L5	-0.972	0.1242379
PKIA-AS1	-1.37	0.124243
TSGA10IP	-1.27	0.1242863
SP100	-1.41	0.1243142
LOC102724640	1.21	0.1243457
SLC25A19	0.917	0.1244018
LMAN2	2.58	0.124402
CCER1	0.987	0.1244102
CDH11	1.35	0.1244131
EMSY	1.11	0.1244362
NFAT5	1.09	0.1244636
SREK1IP1	0.935	0.1244805
TNFAIP6	0.906	0.124484
ZMYM6	-1.99	0.1244876
GLMP	-0.89	0.1244918
RBM33	1.03	0.124507
DAAM2	-1.24	0.1245461
CLDN14	-1.67	0.1245724
LOC102724851	-0.907	0.1245903
GPR31	1.45	0.1245989
TLR4	-1.26	0.1246044
ERVW-1	3.0	0.1246173
CDON	1.58	0.1246442
IFI35	-0.88	0.1246785
HMGN2	-1.04	0.1246794
OSGEP	-0.913	0.1246817
FOXO6	0.911	0.1246822
LOC100128175	2.56	0.124705
NXF5	0.964	0.1247242
TRIM24	0.907	0.1247932
NCOA7	0.984	0.1248016
BMP2K	-1.35	0.1248032
RAMP2	-1.63	0.124814
ADAM9	1.07	0.124814
STK17B	3.48	0.1248243
MPP6	-1.47	0.1248437
DLL4	1.15	0.1249764
MAT1A	1.78	0.125061
KRT75	1.87	0.1251388
LOC101928162	1.8	0.1251687
KRTAP8-1	-3.1	0.125174
ZBTB1	2.01	0.1252194
GGTA1P	-1.05	0.1252297
SNCB	1.06	0.1252417
HTR1D	-1.67	0.1252992
MNDA	-0.926	0.1253031
LOC389641	0.939	0.1253099
FRYL	-1.18	0.1253988
ARRDC4	-1.19	0.1254232
GRM8	1.06	0.125447
LOC101928554	1.38	0.1254508
CCDC85A	-0.998	0.125573
SPATA6	-1.34	0.1255862
ADAMTS7	1.59	0.125659
MGAT4A	-1.05	0.1257067
SAR1B	0.893	0.1257733
FGF4	1.15	0.1258003
PAX1	1.36	0.1258396
HELZ2	2.18	0.1259041
FUT6	0.962	0.1259124
SUPT6H	-2.53	0.125931
PPHLN1	0.893	0.1259452
IKZF3	1.02	0.1259608
MXRA8	-0.988	0.1259711
MME	0.966	0.1259977
VPS13D	1.09	0.1260113
RASGRP2	2.34	0.1260697
DBPHT2	1.92	0.1261087
KCNG1	1.94	0.1261163
LOC101928196	1.97	0.1261203
NTRK3	0.901	0.1261284
KIAA1654	-2.58	0.1261693
LINC00467	-1.35	0.1261876
ERAP2	-1.91	0.1262945
CHORDC1	1.04	0.1262988
C2CD4B	1.05	0.1263452
BTD	1.02	0.1263785
PLD4	-1.04	0.1263824
SLX4IP	-1.09	0.1264134
LCORL	1.66	0.1264614
MCC	-1.01	0.1265078
SLC12A1	1.72	0.1265126
CISD2	0.997	0.126696
KLHL7	-0.876	0.1267047
MLIP	-1.74	0.1267332
FLJ90680	2.13	0.1268244
ADI1	-0.882	0.1269207
PAX8	-1.38	0.1270433
PBRM1	1.26	0.127054
TMEM254-AS1	-1.2	0.1270749
LOC100507277	2.2	0.1270777
MAEL	-1.37	0.1271077
SCAMP2	-0.883	0.1271835
LOC100240728	2.66	0.1271945
TDRD5	1.24	0.1272011
ALPK2	1.62	0.1272063
ANXA6	-1.15	0.1272167
AIPL1	2.16	0.1272187
WDR49	-1.02	0.1272353
MFSD14B	1.25	0.1272457
TNC	2.17	0.1272852
NAV3	-1.11	0.1273252
ATP6V0E1	1.1	0.127351
DPP3	-0.926	0.1273548
GPX5	2.95	0.1273685
MAPK8IP3	0.902	0.127383
RGR	0.896	0.127392
RBM47	0.894	0.1274044
IAPP	-0.973	0.1274253
LINC01537	3.03	0.1274349
ATP10B	-1.02	0.1274445
ADPGK	-0.876	0.1275285
MYRF	1.51	0.1275482
NODAL	1.82	0.1276208
IFNK	2.46	0.1276219
GLRA3	2.55	0.1277098
OR52K3P	-2.4	0.1277219
KY	2.35	0.127738
SOX9	-1.01	0.1277464
FAM110A	1.54	0.1277875
TMEM74	0.881	0.127797
TLDC1	1.45	0.1278034
ATP9B	0.979	0.1278199
PFKFB4	1.28	0.1278306
IFITM1	-0.967	0.1278609
B4GALT3	1.13	0.1278669
PAPPA	2.29	0.1278965
ZCCHC7	0.922	0.1279131
LINC00216	1.04	0.1279144
LOC101928461	0.993	0.1279498
PHLDB2	-1.35	0.1280007
RORB	0.944	0.1280345
NAA35	-1.05	0.1280708
DDX10	1.66	0.1280734
ANKAR	0.982	0.12808
PLEKHG4	-0.974	0.1281382
OPALIN	-1.41	0.1281776
ZNF530	1.81	0.1282168
PCP4L1	1.2	0.1282193
KLHL14	3.17	0.1282683
EXD1	0.953	0.1283123
CWF19L2	1.32	0.1283566
LINC01348	0.978	0.1283737
LOC101927292	2.47	0.1285446
LOC441086	-2.04	0.1285523
SPATA9	1.04	0.1285552
CSTF2	-1.04	0.1285904
B3GNT2	-0.88	0.1286016
MARCKS	1.25	0.1286281
NAV2-AS4	1.54	0.1286437
CDR2L	0.916	0.1286615
MYH8	3.18	0.1286922
LOC102725068	2.31	0.1287052
TRIP6	-1.05	0.1287054
NR1I3	3.49	0.1287502
UGT2B28	3.07	0.1287765
IGLL3P	1.63	0.128795
LOC100288310	-1.72	0.128819
STK16	0.876	0.1288381
IFITM10	1.36	0.12884
KCTD17	0.987	0.1288444
DEPDC7	-1.5	0.1288593
ETV7	1.22	0.1289452
DCAKD	-1.02	0.1289587
CDH22	0.899	0.1289817
GPR161	-1.22	0.1289865
ZNF445	0.869	0.1290005
TAS2R13	1.71	0.129032
SH3BP4	-1.65	0.1290483
MGC70870	-1.15	0.1290675
ANKRD2	1.96	0.1290727
FAM167B	1.76	0.1291453
ISPD-AS1	-1.4	0.1291588
CFHR3	1.23	0.1291589
FAM193B	0.932	0.1291958
VIM	-1.73	0.1292041
MXD1	-2.12	0.1292808
GOLGA6L2	1.57	0.1292914
CNOT10	-1.18	0.1293464
LOC100996325	3.5	0.1293496
SRCIN1	0.987	0.1294862
HK2	1.16	0.1294975
LBX1	1.18	0.129594
HCG27	2.47	0.1296587
NAPRT	-0.971	0.1296796
GPRIN3	1.08	0.1297736
ADAM7	1.16	0.1298011
SCGN	3.4	0.1298154
APCDD1L	-1.65	0.129818
LOC284561	2.25	0.1298325
TESPA1	1.03	0.1299018
LOC101928787	1.98	0.1299527
SORBS3	-1.15	0.1300702
NR2F1-AS1	1.22	0.130101
CD200	0.911	0.1301093
HUS1	-1.06	0.1301432
COG7	-1.0	0.1301524
CYLC2	-2.02	0.1302018
CCBE1	1.15	0.1302143
SSX2IP	1.37	0.130231
C5ORF17	-2.77	0.1302311
ZNF608	-1.01	0.1302766
YIF1B	2.24	0.1303372
THRAP3	1.31	0.1303748
PRO1804	1.09	0.1303776
HSPA14	1.08	0.13041
HEXIM1	1.92	0.1304231
SLC22A7	1.68	0.1304478
LOC101928298	1.32	0.1305315
SLC9A5	-1.82	0.1305315
AP1M2	1.49	0.1305473
LINC00910	-3.06	0.1305831
LILRA3	1.03	0.1307132
GRHL3	2.49	0.130723
TTLL11	-0.909	0.1307345
CTBP1-AS	1.33	0.1307421
ARPP21	2.06	0.130743
DMWD	-0.899	0.1307932
C17ORF77	3.29	0.1308011
TSPAN15	-0.865	0.1308232
TMEM231	-0.882	0.1308699
PEX16	-2.63	0.130899
CRYGA	2.66	0.1309159
SESN2	1.36	0.1309356
ENTPD3	1.4	0.1310344
MS4A2	3.68	0.1310441
PRO2214	1.05	0.1310487
CNNM1	1.4	0.1310575
HDAC4	1.3	0.1311157
TUSC1	0.882	0.1311512
ME2	-1.19	0.1311627
LRRC37A3	-0.962	0.1312865
UGT2A3	-2.65	0.1313384
PSMG3-AS1	-0.999	0.1313446
PIK3IP1	0.978	0.1313484
FBLN5	-1.71	0.1313683
BSN-AS2	1.01	0.1313939
DNAJC10	-1.07	0.1314168
BTF3P11	2.31	0.1314595
SEMA7A	0.866	0.131468
NDUFAF5	0.962	0.1314769
DOCK8	-1.29	0.1315012
MIR4313	-2.14	0.1315265
SIDT2	-1.05	0.1315582
AGAP3	0.945	0.1315751
SLC29A2	1.04	0.1316272
FOXK1	1.36	0.1316416
TMPRSS11E	2.82	0.1316531
DHFR2	-0.932	0.1316987
MAP3K8	-1.67	0.1317869
GPR34	-1.3	0.1318261
MIB2	1.04	0.1318667
RNF6	1.11	0.1318979
PRDM11	0.86	0.1319135
GNG2	-1.66	0.1319182
RNF187	1.08	0.1319629
FAM131A	0.943	0.1320233
KIF2A	-0.912	0.1320426
SLC35G1	2.88	0.1320452
TYSND1	-2.31	0.1320467
VDR	1.56	0.1320826
BASP1	0.986	0.1320881
GAFA3	2.56	0.132118
CTAGE5	1.36	0.1322199
LOC115110	2.06	0.1322415
SLC45A4	1.1	0.1322666
OR51B2	1.8	0.1322704
ENTPD1	-0.956	0.1323289
TGOLN2	1.36	0.1323798
HIST1H4A	1.97	0.1323954
NPEPPS	0.882	0.1324269
GHSR	1.58	0.1324294
GNPDA2	-0.861	0.1324519
SMU1	0.983	0.1324733
VPS35	2.64	0.1325073
PHLDA2	-1.54	0.1325091
CALHM2	-1.33	0.1325543
SLCO4A1	1.38	0.1325561
KRT9	2.6	0.1327012
LOC100506990	0.861	0.1327148
PATZ1	-0.909	0.1327159
ADCY4	-0.948	0.1327524
HEXA	-0.943	0.1327579
WNK2	1.37	0.1327624
SLFNL1	1.76	0.1327648
CMTM3	-1.37	0.1327725
NTSR2	-1.0	0.1327746
LOC102724938	2.47	0.132778
KRT7	1.72	0.1327873
TRIM32	-0.856	0.1328117
GIP	-2.12	0.1328316
CDKN2C	1.01	0.1328651
CD207	-1.05	0.1328741
FLJ46875	1.15	0.1328975
PRORSD1P	-2.16	0.1329838
GDF7	-1.42	0.1330068
C3ORF58	2.21	0.1330402
LGALS1	-0.967	0.1330542
KLHL1	-1.57	0.1331061
TTC28	-1.96	0.1331215
UNC5A	1.85	0.1331539
LOC283745	-1.82	0.1332155
MTHFD2L	2.16	0.1332643
ENTHD1	1.76	0.1333005
VRK3	0.989	0.1333344
TRMU	0.919	0.1333544
LIMCH1	1.02	0.1334368
C20ORF203	0.955	0.1334501
LOC101927641	-3.09	0.1335984
HSP90AB1	0.9	0.1336282
DMRTC2	2.05	0.1336292
FAM234B	0.946	0.133652
MORC2	1.02	0.1337304
IFIT2	-0.927	0.1337312
ZNF174	-0.888	0.1338159
FBXO5	1.06	0.1338334
SAMD13	-1.91	0.1339189
LINC00619	-3.51	0.1339605
REG4	0.89	0.1339871
LOC101928560	-1.2	0.1340173
COG6	1.02	0.1340305
GNRHR	2.79	0.1340694
SPDYE2	-1.41	0.1340969
NPFFR2	1.96	0.1341312
SEMA3D	0.876	0.134147
ZNF681	-1.15	0.1342118
C9ORF173-AS1	1.16	0.1342372
CDC20	-1.53	0.134335
CCL5	-0.977	0.1343517
ATXN3	1.11	0.1343609
PROSER2-AS1	-1.53	0.1344004
THBS3	-0.943	0.1344116
EFCAB6	1.35	0.134424
FBXO22	-1.64	0.1344267
FAM160B2	-0.849	0.1344441
POSTN	2.79	0.1345195
HIVEP2	0.968	0.1346222
NAV1	-1.02	0.134642
COX4I1	-0.971	0.1346686
LOC100996583	-2.4	0.1347286
CDC45	1.33	0.1347556
ISG15	-1.0	0.1348183
HNRNPAB	0.941	0.1348306
WIPF2	0.964	0.1348727
ZNF91	2.39	0.1348974
RHOJ	-1.03	0.1349266
COMMD6	1.44	0.1349283
RASSF8	0.95	0.1349359
TCTA	-0.889	0.1349646
EIF4A2	1.33	0.134998
LINC00528	1.58	0.1350242
CAV2	-1.06	0.1350322
TRIP10	0.871	0.135044
SLC40A1	1.28	0.135106
HLA-DQB1	1.76	0.1351546
ARG1	-0.966	0.1351969
LRCH4	0.978	0.135205
DDC	-1.94	0.1352141
KIF4A	1.01	0.13524
CDHR3	1.19	0.1352944
TM4SF20	1.41	0.135334
ZNF449	1.72	0.1353542
ADGRL4	-1.18	0.1353595
NTN3	2.38	0.1354769
FIP1L1	0.987	0.1355868
KRTAP1-3	-2.48	0.1356145
PTTG1IP	-1.08	0.1358106
HDC	1.98	0.1358222
DICER1	-0.917	0.1358272
OR2F1	-1.37	0.1358316
IQCA1	-2.4	0.1358421
CLSTN3	1.05	0.1358687
PLPPR5	1.68	0.1358896
CTAGE1	1.15	0.1359002
DCDC2	3.26	0.1359138
DPF3	1.0	0.1359313
KMT2E	0.961	0.1359658
ZNF586	-0.969	0.1360163
ADAM3B	1.73	0.1360487
ADAM15	-1.22	0.1362509
LOC101928519	2.76	0.1362742
APOL6	-1.44	0.1363365
ABI2	1.85	0.1364145
DHH	1.43	0.1364359
CMTM5	-1.93	0.1364945
CLIP1-AS1	2.0	0.1365597
C1QTNF7	-2.03	0.1366347
TRPS1	-0.874	0.1366437
FLI1	-0.931	0.1366569
CDK1	-2.23	0.1366821
CRIP2	-0.859	0.1366982
CX3CR1	-0.852	0.1367535
XAF1	-0.888	0.1368105
ANXA3	-0.882	0.1368354
ZBTB11	1.66	0.1368596
NACC1	1.29	0.1368767
LINC01159	1.2	0.1369007
ARL6IP6	1.14	0.136938
C15ORF32	1.23	0.1369472
GNA13	0.867	0.136952
LOC101927820	-1.52	0.1369983
ANK3	1.03	0.1370124
OR51E2	1.09	0.1370132
TLN1	-1.01	0.1370184
LINC00312	1.06	0.1370664
SPPL2B	-1.31	0.1371174
LOC100128325	0.868	0.1372581
TBX1	-1.37	0.1372658
TUG1	-0.911	0.1372889
LTBP3	0.932	0.1373556
SMIM11A	1.15	0.1373637
CERS4	0.893	0.1374591
OR51I1	2.14	0.1375141
MRPS30	0.891	0.1375327
ATP6V1D	-0.963	0.1375574
MEIS3	-1.11	0.1375632
ZC3H10	0.925	0.1376553
CEBPZOS	-1.08	0.1376653
RAB11FIP5	0.862	0.1376898
LINC01364	2.43	0.1377524
BOD1L1	-1.95	0.1377727
ICOSLG	1.25	0.1377739
METTL21B	0.84	0.1378113
PTPN1	1.85	0.1378304
CCDC82	-1.65	0.1378928
INO80B	0.91	0.1379412
TBC1D32	-1.12	0.1379555
TRPM1	-1.55	0.1379742
NFRKB	-0.868	0.1379791
CCNA2	0.927	0.1379822
MPP3	1.59	0.138001
VANGL1	-1.9	0.138026
HMGA2	0.964	0.138064
HPS5	-1.25	0.1380837
CYP2R1	0.859	0.138084
KCNS3	-1.0	0.1381541
SOX18	-1.77	0.1382611
MREG	2.23	0.1383654
LOC100421494	3.12	0.1384587
RGS9BP	0.859	0.1385045
IDH3A	0.961	0.1385128
SGCA	-1.54	0.1385715
FAM9A	-2.84	0.1385721
CFAP73	1.96	0.1385783
PIP4K2B	1.76	0.1385836
ALS2CR11	-1.84	0.1386173
NIPBL	1.16	0.1386728
NEK1	-0.843	0.1387027
SH3TC1	0.961	0.1388115
NXT1	0.926	0.1388477
LOC646762	0.928	0.1389519
ALDOAP2	2.44	0.1389533
UBE2S	-0.878	0.1390556
GFPT2	1.19	0.1391536
LINC00472	-0.844	0.1391584
MAP3K14	1.01	0.1391894
LOC101929248	-2.2	0.1391941
KANK2	1.21	0.1393235
BATF3	0.875	0.1394098
IL20RB	0.939	0.1394383
LOC728613	-1.22	0.1394599
NDUFB1	1.09	0.1394733
CYP2E1	1.51	0.1395483
PMCHL2	1.47	0.1395525
ULK2	-0.851	0.1395783
GSS	-1.13	0.1395898
TPH1	2.23	0.1396158
ZNF540	1.02	0.1396267
GJC2	1.02	0.1396911
TNRC18	3.65	0.13973
LOC339568	1.03	0.139789
ESYT2	-0.89	0.1398956
ZDHHC8	1.75	0.1399799
GORASP1	-0.868	0.1400403
KIAA1324L	-1.03	0.1400517
LINC00955	-1.4	0.1400738
ALDH1A1	-0.88	0.1400803
CCDC6	-0.871	0.1401871
CSNK1G3	0.855	0.1402321
TRADD	-0.853	0.1402415
SYNPO2L	1.19	0.1402593
LOC105369921	1.23	0.1403211
GPATCH2	1.29	0.1403341
TRIM31	-0.911	0.1403814
SNTN	2.86	0.1403898
SOX4	-0.954	0.1404652
CCDC169	-2.53	0.1405016
NAGS	-1.87	0.1405037
TMEM108	0.964	0.1405296
AIFM2	-1.78	0.1406064
LOC105379143	2.58	0.140684
CACNA2D1	-1.69	0.1406927
CDH15	1.26	0.1406929
CKMT2-AS1	-0.852	0.1407455
NEK3	-1.21	0.1407568
LOC401312	1.86	0.1407823
RPLP0	-1.06	0.1407886
INTS1	2.45	0.1408954
OCLN	-1.61	0.1409005
HCP5	-2.4	0.1409934
P2RX2	-1.56	0.1409996
SPA17	-0.838	0.1410098
CARD16	-1.98	0.1410879
PALM3	2.14	0.1410961
LOC105378130	0.977	0.14112
DNAH3	-2.37	0.1411648
PRO1483	-1.19	0.1412266
SAMD4B	2.17	0.1412609
PATL1	0.911	0.1413203
LRCH3	3.04	0.141326
NUDT15	0.856	0.1413389
ZNF366	-0.884	0.1413829
IBSP	3.25	0.1414687
MIER2	1.92	0.1414888
PEX1	-0.932	0.1415165
ERV3-2	-0.928	0.1415206
COG4	-0.862	0.1415592
SERBP1	-0.839	0.1416108
SH3BP2	1.31	0.1416321
CASZ1	-2.09	0.1416411
RCOR2	-1.77	0.141667
RPGRIP1L	-0.916	0.1417473
ZFP36L2	1.11	0.1417705
LOC646383	-1.51	0.1417722
COL4A5	-1.43	0.1418023
LOC283674	1.48	0.1418185
RABGAP1	-0.844	0.1418232
TAF1L	-1.57	0.1418285
TTC39C	-2.1	0.1418433
MC2R	1.08	0.1418448
MBD2	0.923	0.1418483
RAB36	-2.24	0.141866
LINC01133	1.96	0.1418687
ARGLU1	0.9	0.1418778
MMRN1	0.901	0.1418948
ANKRD36BP2	-1.89	0.141928
LINC01241	-1.41	0.1419324
POLA2	1.03	0.1419848
STMN1	-2.0	0.1419926
CHN2	1.34	0.1420072
C2ORF72	0.9	0.1420106
DPH6-AS1	-2.69	0.1420163
LINC00339	-1.03	0.1420858
GKAP1	1.02	0.1421205
RIC8B	0.921	0.1421974
ISX	2.29	0.1422024
FLJ20712	1.44	0.1422143
BGN	-1.47	0.1422172
ZNF687	1.21	0.1422546
LOC105376360	1.93	0.1422921
ABCC4	-0.963	0.1423217
NR0B2	1.01	0.1423747
HEPACAM2	2.09	0.142404
ZNF567	1.05	0.1424291
RPL32P3	-0.935	0.1424538
KRTAP4-1	0.882	0.1424679
TMEM191A	1.27	0.142575
ALS2CR12	0.838	0.1425998
POLR2J4	1.91	0.1426465
LOC105370832	2.15	0.1426664
LOC101930415	1.45	0.1426843
LINC01004	1.31	0.1427181
LOC101929312	2.35	0.1428135
SLC3A1	3.43	0.1428267
TAF1A-AS1	-2.72	0.1428524
LOC101927348	-2.48	0.1428626
TMEM105	1.87	0.142909
TPPP2	1.83	0.1429338
MIR4307HG	-1.98	0.1429605
PHF14	1.03	0.1430605
IL36G	1.74	0.1430779
LDLR	0.832	0.1431552
OR10A5	3.01	0.1431596
IL1RN	0.889	0.1431808
ROBO2	-1.48	0.1431997
PWWP2B	2.18	0.1432184
LUC7L2	-1.29	0.1432205
PACRG-AS2	2.4	0.143261
REEP3	-1.49	0.1432846
CCDC8	-1.1	0.1432888
CBL	-1.16	0.1432934
HES5	-1.94	0.1433387
FOLR2	-1.97	0.1433452
ERBB2	-0.865	0.143348
OMA1	-0.88	0.1433549
VWC2	1.81	0.143381
DNAH5	0.894	0.1434106
MON2	1.43	0.1434183
PRCAT47	1.17	0.1434335
ADAMTS9-AS1	2.45	0.1434595
SLC35F5	-3.3	0.1434607
PXDN	1.32	0.143509
LINC01581	1.19	0.1435863
RARRES3	-1.02	0.1436179
LOC399884	-1.57	0.14363
TNFSF11	1.47	0.1436726
ZNF589	0.981	0.1437244
HINT3	-0.917	0.143735
GARNL3	-1.65	0.143743
AGPAT4	-1.32	0.1437539
ZFP14	-1.04	0.1437921
LCN15	-1.29	0.1438295
CMIP	0.83	0.1438429
LOC100507468	-1.04	0.1438448
SLC36A4	0.893	0.1438587
TPPP	0.873	0.1439159
TRNP1	-1.7	0.1439718
BPIFB4	-1.66	0.144036
GAPDHS	3.16	0.1440788
OPN1SW	1.94	0.1440985
EPT1	2.26	0.1441174
NHSL1	2.37	0.1441231
PECAM1	-1.03	0.1441237
MATN4	0.865	0.1441506
PDP2	0.926	0.1441758
CPT2	-0.923	0.1441847
RNF217	0.845	0.1441957
GALR2	2.07	0.1442246
PPP4R3A	0.91	0.144277
LINC00115	1.06	0.1443229
KIF13B	-1.11	0.1443324
TPGS1	0.843	0.1443357
SLITRK1	-0.854	0.1443423
CTB-12O2.1	2.23	0.1444537
MMP7	2.27	0.1445103
ANKDD1A	1.08	0.1445244
SLC11A1	2.03	0.1445821
MGAT5B	0.946	0.1447452
LINC01120	-0.853	0.1447763
ANKRD34A	1.33	0.1448065
CALN1	0.959	0.1448634
LOC101927020	0.991	0.1449682
ERO1B	1.24	0.1450208
HOXD1	1.34	0.1450579
GAP43	1.44	0.1451028
ANKRD12	1.16	0.1451458
ZNF429	-1.26	0.1451494
SLPI	-1.29	0.1452166
LOC102724612	2.64	0.1452232
ACVR1B	2.52	0.1452317
LOC645321	1.86	0.1452361
GPATCH4	-1.01	0.1452848
DCUN1D2	1.09	0.145295
RHNO1	-1.3	0.1453326
LOC100293211	1.12	0.1453449
ESRRG	1.76	0.1454248
SAMHD1	-1.13	0.145444
CENPT	1.03	0.1455209
FSTL4	1.99	0.1455333
EFEMP1	0.961	0.1455334
CD27	-1.67	0.1456417
CXCL5	0.93	0.1457114
PHKA1	1.03	0.1457464
RASA2	0.914	0.1458565
ONECUT2	0.955	0.1458699
DUSP3	0.862	0.1458736
GSTZ1	-2.08	0.1458879
KANSL3	1.21	0.1459218
CHST2	-0.923	0.1459363
SEMA6D	-0.915	0.1459443
LTBP2	-0.831	0.1459555
SHANK2	1.33	0.1459587
LHX5	1.37	0.1459674
PARD3B	1.09	0.1459999
TAGLN	-2.61	0.1460176
PPM1G	0.897	0.1460248
ELAVL2	-1.61	0.1460346
CDC37L1	1.06	0.1460764
PNPLA4	-1.06	0.1461108
GIF	-0.924	0.1461225
WDFY3-AS2	-0.849	0.1461492
CA5BP1	0.974	0.1461767
SVIL	1.78	0.1462236
CLRN1	1.35	0.1462336
SLC25A34	-1.95	0.1462676
KIF1B	1.04	0.1463489
LOC100505498	2.04	0.1463778
HGF	1.29	0.146382
LINC00028	-2.11	0.1463927
PTPN21	-1.13	0.1464017
KMT2B	2.0	0.1464064
LINC01467	-1.59	0.146535
TMEM120B	0.902	0.1465692
ERVH-3	1.67	0.1465792
BCL6B	1.8	0.146622
CTTN	-0.838	0.1466756
UAP1	0.857	0.1467367
PCDHB1	-1.2	0.1467448
CDC25C	-2.11	0.1467797
RNF144A-AS1	1.8	0.1468026
PRM2	1.38	0.1468039
SLC22A1	1.44	0.1468571
SLC2A5	1.32	0.146923
SECISBP2L	-0.815	0.1470251
TM7SF2	-2.43	0.1471389
TMCO5A	3.12	0.1471534
ERLEC1	2.34	0.1472409
ANGPTL4	3.52	0.1472439
LAMB2	-0.913	0.147284
FAM76A	-0.828	0.1473645
CRIM1	-0.815	0.1473864
NADSYN1	1.22	0.147401
KCNIP2-AS1	1.49	0.1474277
LOC101929162	3.04	0.1474494
EID1	0.858	0.1474618
TMEM198B	-1.2	0.1475064
TMEM25	0.886	0.1475348
NHLH2	0.984	0.1475447
RGS13	2.84	0.1475521
ACTR2	0.836	0.1475954
PAQR9	1.02	0.1476023
EIF4E3	1.02	0.1476064
KCNN1	0.855	0.1476602
DIDO1	1.14	0.1477014
CBR3-AS1	-1.6	0.1477073
IL9	-2.37	0.1477572
ZNF385B	2.12	0.1477629
ZNF663P	3.65	0.1477903
CHRNA5	1.66	0.1477935
LPXN	-0.89	0.1478053
LOC101927588	1.75	0.1478117
TMEM201	1.04	0.1478801
PPAT	0.879	0.1478814
TMEM229B	0.989	0.1479062
DHX57	-1.76	0.1479426
PTPN2	-1.08	0.147956
ASXL3	2.48	0.1479795
SLC7A13	1.69	0.147996
IGSF6	-2.09	0.1481245
KIF19	-1.07	0.1481485
HOPX	1.58	0.1482779
ZNF250	0.831	0.1483204
HYAL1	-1.3	0.1483481
LOC105370829	1.2	0.1483525
HNF1B	1.1	0.1483616
TRAM1L1	-0.847	0.1483926
ST6GALNAC5	-0.881	0.1484062
INS	1.62	0.1484122
HK3	-0.894	0.1484385
TICAM1	1.16	0.1485802
SNHG17	0.812	0.1485992
IRS4	0.824	0.1486201
ROMO1	-0.821	0.1486625
DZIP1	0.841	0.1487397
TTC30B	-1.08	0.1487563
NVL	-1.0	0.1487638
ZNF598	3.13	0.1488009
LIG3	-1.17	0.1488081
SNX24	1.08	0.1488129
NTN4	-1.11	0.148857
PAX8-AS1	-1.54	0.1489226
MSL3	-0.953	0.1489413
HLA-B	-1.15	0.1489485
LPGAT1	-0.825	0.1489659
DOCK6	0.818	0.1489742
C16ORF78	1.47	0.148988
WNT8B	-1.77	0.1489891
SERGEF	1.02	0.1489942
HPS4	1.06	0.1490173
SH3PXD2A-AS1	-1.56	0.1490581
RAB27A	1.06	0.14913
ESD	1.2	0.1491559
SLC7A8	2.2	0.149212
ZMAT3	0.823	0.1492391
LINC01215	-2.55	0.1492509
AQP11	-0.824	0.1492693
MR1	-2.28	0.1492739
PCDH8	-1.46	0.149301
FOXD2-AS1	1.42	0.1493492
LINC00610	2.27	0.1493802
LOC105377458	1.48	0.1494079
SIX3-AS1	1.97	0.1494159
VAV3	2.71	0.149485
RTKN2	-2.33	0.1495173
ASGR1	2.77	0.1495885
LOC102724382	0.999	0.149589
GLRB	1.37	0.1495891
LINC00165	0.819	0.1495954
GLT8D2	-2.03	0.1496441
MFSD11	0.82	0.1496688
PPP1R3B	2.16	0.1497045
PIKFYVE	0.841	0.1497525
LSM3	0.948	0.1497917
TMUB2	-0.895	0.1498011
ZNF500	0.884	0.1498548
PIK3CD-AS2	-1.59	0.1498683
PCMTD1	1.92	0.1498892
HNRNPDL	0.917	0.1499208
OR5I1	0.916	0.149958
GDPD1	1.31	0.1500639
ATP5S	-1.46	0.1500776
CYBRD1	-1.02	0.1500819
FGF14	1.55	0.1501353
TTC30A	-1.03	0.1501594
SNX16	-0.873	0.1501755
ASXL2	0.927	0.1501902
PDE9A	-1.86	0.1502052
FOLH1B	-2.01	0.1502062
SMIM10L1	1.08	0.1502119
CD7	1.42	0.1502525
TNNI3K	-1.87	0.1502613
LOC101928487	1.0	0.1502734
FAM181B	1.06	0.1503611
KANK4	-1.07	0.1503777
SH3GL3	2.35	0.1503961
NEK6	1.25	0.1504026
CXXC5	0.911	0.1504459
DCSTAMP	-1.42	0.1505196
TLCD1	-1.51	0.1505262
SRSF11	1.14	0.1506119
HENMT1	-0.806	0.1506212
JPH3	1.16	0.1506557
FUT8	-1.01	0.150708
NUP62CL	-1.6	0.1507602
DUOXA2	1.73	0.1508094
HSPA12B	-0.852	0.1508349
CELF4	0.871	0.1508364
PRSS50	2.65	0.1508371
TMPRSS6	-1.05	0.1509076
ARSB	-0.904	0.150941
LLGL2	0.81	0.1509709
LOC101929459	1.44	0.1510205
VAC14	1.01	0.1510414
KLHL5	-1.38	0.1510694
LARP1	-0.807	0.1510828
LOC101928409	1.23	0.1511339
SFTPC	-1.11	0.1511453
CYP2B6	1.35	0.1511699
OSM	1.55	0.1511705
FAM175A	-0.835	0.1511776
PSG5	1.86	0.1512358
ITFG1	-1.11	0.1512415
LOC105372762	-1.44	0.1512532
SNTG2	2.16	0.1512674
TEC	0.815	0.1512746
UBOX5	-1.12	0.1512762
FCN1	0.836	0.1513014
LOC284933	2.08	0.1513138
EXOC3L4	-1.75	0.1513328
LRRC25	-1.67	0.1514228
PPP1R10	-2.78	0.1514229
YTHDC1	2.15	0.1514892
SGCD	1.35	0.1515097
CCSER2	2.83	0.1516313
RAG1	1.4	0.1516733
LOC728485	-1.78	0.1516749
LOC100130642	2.15	0.1516894
LOC644090	1.95	0.1516905
SCARF1	-1.02	0.1516986
POU6F1	0.901	0.1517693
SAMD4A	0.891	0.1517958
FUT2	0.81	0.1518427
RTEL1	0.931	0.1518444
SERPING1	-0.9	0.1518713
IZUMO4	-1.06	0.1518904
LOC286114	1.02	0.1519384
RIDA	-1.09	0.1520378
MRPL47	0.889	0.1520453
LOC286272	0.894	0.1520592
MCAT	0.836	0.1520646
HIKESHI	-0.804	0.1520867
LOC101927701	-1.42	0.1520904
ERGIC3	-1.59	0.1521752
DNAJC15	-1.6	0.1521883
S1PR3	-0.804	0.1522066
KIAA1217	-1.62	0.1522249
HS3ST3A1	-0.974	0.1522797
DDHD1	1.04	0.1523023
MLF1	2.07	0.1524044
WNT7B	-0.954	0.1524387
ZNF154	2.06	0.1525195
RHBDL3	1.2	0.1526222
DNAH17-AS1	-2.06	0.1527218
CREM	-0.904	0.1527228
EGFL6	2.46	0.152758
SLC39A14	1.61	0.1527632
FAM120A	-0.904	0.1528322
HEBP2	-2.44	0.1528474
LEPROT	-1.15	0.1528636
RNF185	-0.857	0.1528831
TADA2A	1.82	0.1528938
CCNT1	1.08	0.1529229
ABTB2	3.04	0.1529464
ZNF420	0.923	0.1529776
UNC13A	1.23	0.1530236
SPACA7	0.91	0.1530254
HILPDA	2.95	0.1530264
PELI3	0.818	0.1530316
DOK5	0.967	0.1530535
LOC100505985	0.904	0.153063
ATP5G2P1	-0.938	0.153096
PPME1	-2.51	0.1531162
ALKBH5	0.833	0.1531188
MOCS1	1.02	0.1531231
LOC101928597	3.12	0.1531241
DAPP1	1.33	0.1532073
KDR	-1.62	0.1532872
SCN7A	1.65	0.1533036
COLGALT2	-0.871	0.1533067
RNF180	-1.08	0.1533353
DSC1	-1.29	0.1534047
LOC729970	0.967	0.1534243
FPGT	-1.0	0.1535826
NEFL	1.36	0.1536227
LINC01465	0.923	0.1536543
VHL	1.04	0.1536717
PRSS2	0.925	0.1537303
RPPH1	2.11	0.1537448
TMEM8A	-1.29	0.1537875
AGAP11	-1.16	0.1538383
SMIM22	1.07	0.1538501
PLEKHG6	0.799	0.1538857
STOML1	-0.931	0.1539264
LOC101929341	2.93	0.15397
SNX29	-0.996	0.1541149
CST6	2.76	0.1541198
ADAM33	-1.98	0.1541373
ADAMTSL4	-1.72	0.1542094
LLGL1	-0.848	0.154254
NFKBIE	0.995	0.1542679
FCF1	-1.09	0.1542838
HSD17B2	2.48	0.1543026
PIAS4	0.92	0.1543101
SENP6	0.976	0.1543298
SYNE2	1.57	0.154361
CENPBD1P1	0.824	0.1543656
MANEAL	-2.28	0.1543782
PDX1	1.68	0.1544117
ROGDI	-0.823	0.154444
GLIS3	0.843	0.1544548
PLA2G2D	0.845	0.1544986
NSMF	1.09	0.1545768
SLC16A9	-1.58	0.1545805
SRBD1	-0.996	0.1546569
LOC151174	1.16	0.1547845
SPTLC3	-2.1	0.1548861
KCNAB2	1.27	0.1549151
LINC01118	-1.46	0.1549262
SDHAF1	0.806	0.1549543
MUC5B	2.09	0.1549993
ZFYVE26	-0.818	0.1550011
RPS27L	-0.828	0.1550475
PRSS3	1.62	0.1550992
PNPLA7	-1.3	0.1551215
KIRREL3-AS3	-1.36	0.1551403
GBX1	0.868	0.1551452
KRBOX1-AS1	1.49	0.1552169
BMPER	1.61	0.155277
LOC441178	3.39	0.1552956
MTNR1A	-2.18	0.1552956
TRAF1	-1.43	0.1553016
LINC00354	2.53	0.1553977
KLHL4	-0.905	0.1554251
ZNF493	0.978	0.1554306
GPRC5A	1.08	0.1555314
STK38L	0.833	0.1555461
PDCD1LG2	1.45	0.1555795
LTBP1	-1.45	0.1556517
GCM1	1.27	0.1556719
HELQ	-0.927	0.1556753
BCAR1	0.878	0.1556977
HLA-G	-1.14	0.1557318
WASF2	-1.1	0.1557347
LOC101928658	-1.88	0.1558181
HHAT	1.02	0.1558628
MIR31HG	0.858	0.1558648
CHRDL2	-1.12	0.1558997
NLRP3	-1.32	0.1559558
NIPAL3	-0.915	0.1559809
ZNF252P	-1.05	0.1559873
FLJ11710	0.915	0.1560469
MGARP	1.71	0.1560489
KEL	2.49	0.1560812
PIGB	-0.91	0.1561257
UCKL1	-0.945	0.1561632
SEC22B	-2.05	0.1561649
SDK2	-0.817	0.1562343
CTDSPL	-1.49	0.1562432
PLPPR4	-0.82	0.1563577
ZNF99	-1.16	0.1564011
GLRX	1.08	0.1564333
SPATA21	-0.845	0.1564837
FSD1	0.896	0.1564902
KANSL1-AS1	0.978	0.156529
USP39	0.856	0.1565898
ZNF225	0.805	0.1565907
RNF141	-0.908	0.1566197
FOXD3-AS1	1.98	0.1566294
FAM168B	0.88	0.1566468
TH	-2.96	0.1566646
GPSM1	1.89	0.1566898
LINC01107	1.29	0.1566948
CCDC125	-0.813	0.1566967
MCM3AP	-1.66	0.1567091
LOC101928288	2.16	0.156715
EHD1	-0.98	0.156741
CRLF2	1.32	0.1567492
PDZD7	-1.33	0.1567506
CD69	-0.943	0.1567888
ZNF620	-1.2	0.1568208
PHBP19	-1.15	0.1568222
AP4S1	-0.999	0.1568235
IRAK3	-0.946	0.1568959
PLK4	2.5	0.156915
TMEM176B	1.19	0.156918
HES2	-2.18	0.1569465
ZKSCAN2	0.928	0.1569502
LOC100506314	1.2	0.1569706
CCNYL1	-1.27	0.1570013
PDGFB	-2.29	0.1570161
BRS3	-0.806	0.1570518
LOC105378589	1.82	0.1570682
PTBP2	-0.841	0.1570804
TRAPPC3L	2.67	0.1570822
PTPN14	-2.41	0.1571613
LCE1E	0.892	0.1571778
BAG2	1.01	0.1571787
ATG101	0.937	0.1571919
TAF7	0.82	0.1572113
BCL7A	0.95	0.1572558
RAP2A	1.1	0.1573064
PPP1R37	1.84	0.1574102
DDAH1	2.36	0.1574262
LYZ	-0.916	0.157497
PAXIP1-AS1	1.1	0.1575263
C11ORF31	1.24	0.1575664
EVA1B	0.842	0.1575863
ITGB1	-2.19	0.1576059
AHNAK	-0.839	0.1577822
CD79A	-1.16	0.1578488
SLCO2B1	-1.22	0.1578831
LOC100506446	1.48	0.1578839
SETD4	0.887	0.1580805
CAMK1G	0.902	0.1581035
CUBN	-0.902	0.1581183
ABCA7	0.891	0.1581282
RDH5	-0.95	0.15823
LOC102724891	-0.812	0.158273
LOC102723380	1.1	0.1583054
LINC00470	0.807	0.158316
SERPINA6	1.88	0.1583326
CCDC129	2.64	0.158431
CYP2A6	1.05	0.1584611
MYL12A	2.82	0.1584648
HIST1H2BD	0.9	0.1584716
OR51B4	-0.845	0.158695
BCHE	-0.801	0.1587081
CABS1	1.34	0.1588435
SYT17	-0.84	0.1589805
MAP2K1	0.91	0.1589901
FAM65A	-1.57	0.1590167
PAAF1	-1.48	0.1590698
PHEX	-1.06	0.1591107
LOC101928441	0.938	0.1591544
MYO7B	1.06	0.1591708
C20ORF85	2.63	0.1592145
TGM4	-1.34	0.1592169
GIPC3	-0.821	0.1592377
NAA25	1.21	0.1592556
PAGE5	-0.798	0.1592713
EMC1	-0.94	0.1592947
ZNF606	-0.82	0.1592978
EHF	-1.03	0.1592999
GSK3B	-1.57	0.1593454
KIF12	1.12	0.1593798
RAD21L1	2.08	0.1594111
ZNF358	0.795	0.1594477
NFIB	1.32	0.1594527
PRPF4B	2.89	0.1594986
DSN1	-1.03	0.1595132
GRK5	0.918	0.159605
C1ORF220	1.08	0.1596737
INSR	0.903	0.1596845
ELAVL3	0.809	0.1597212
ZRANB3	-1.93	0.1597214
OR5J2	2.07	0.1597599
ACOXL	-2.29	0.1598078
VNN3	1.92	0.1598135
CDKL3	0.804	0.1598349
SPIRE2	-1.14	0.159849
F11	1.47	0.1599257
TFAP2B	2.58	0.159928
F8	-0.837	0.1599397
VWA1	-1.4	0.1600373
RNFT1	-1.24	0.1600377
TREH	1.66	0.1600378
LINC00967	3.25	0.1600548
RALGPS1	0.834	0.160177
EMD	-0.877	0.1601883
CCDC187	0.909	0.1601958
TRH	-0.947	0.1601966
LINC01578	0.821	0.160226
MEST	-1.02	0.1603483
TMEM26	1.54	0.1603883
LOC101927647	1.07	0.1604138
AMMECR1	1.16	0.1604249
TRIOBP	-0.955	0.1604519
C20ORF141	0.956	0.160477
HNRNPLL	0.968	0.1604923
CLOCK	0.866	0.1605168
ACER1	1.81	0.1605195
SLC45A2	2.58	0.1605326
TOX3	-0.795	0.1605444
C1QTNF9B-AS1	-1.97	0.1605523
LDB3	-1.86	0.1605577
NEDD4L	0.968	0.1605984
CES5A	2.63	0.1605998
CEP250	2.11	0.1606034
ASH2L	-0.804	0.1606296
STX3	0.797	0.1606735
CYP4V2	-0.9	0.1606949
PPP4R1L	0.813	0.1607223
TAB3	-0.863	0.1608404
GSDMC	-0.832	0.1608738
CAPZA3	2.8	0.1608876
ACVR1	-0.801	0.160977
GIMAP1	-1.06	0.1610154
ZKSCAN4	-0.843	0.1610549
DNAI1	1.2	0.1611742
U2SURP	0.916	0.1612176
KLHL13	-0.796	0.1612901
GCG	2.28	0.161316
ZMIZ1	-1.52	0.1614034
ENTPD6	-2.33	0.1614196
TTLL3	-1.46	0.161491
RPA3	-0.85	0.1615195
MAN2A2	-0.807	0.161547
NFYC	-1.38	0.1616006
UNC13D	0.958	0.1616578
CRHR2	-0.907	0.1616615
SNX22	1.14	0.1616829
PCCA	0.795	0.1617216
PPP1R14D	0.941	0.1617346
TCP10L	0.947	0.1617462
KIF5A	1.07	0.1617559
TRMO	-0.934	0.1617944
OR5H1	1.65	0.1618258
ACSS1	-1.23	0.1618519
TARS	0.814	0.1619392
TRMT1L	0.838	0.1619684
SLC25A27	2.12	0.1620676
ACTR3B	0.884	0.1620773
RSAD1	0.842	0.1620989
EXOC6	-0.877	0.1621199
LOC339988	0.876	0.1621827
BUB1B	-1.61	0.1622482
MSL1	0.868	0.1622915
GAB4	1.51	0.1623176
LIPF	2.35	0.1623275
SSR4P1	-0.898	0.1623725
MYLK2	-2.38	0.1624034
PKP1	0.916	0.1624128
GFER	-1.06	0.1624394
LOC101927206	1.67	0.1624527
HHCM	-1.27	0.1624698
NRTN	3.18	0.1625228
RHBG	1.19	0.1625322
RAB3B	1.12	0.1625328
KIT	1.52	0.1625344
ATP5J2	1.28	0.162572
MBNL1	-1.22	0.1626102
SEMA3G	-1.54	0.1626507
CFHR5	0.781	0.1626799
BIN3-IT1	1.45	0.1628339
DOK2	-1.26	0.1628403
STYXL1	-0.92	0.1628447
APCDD1	-0.89	0.1628918
BHLHE40	1.01	0.1629062
LOC283788	-1.13	0.1629282
HNRNPH3	0.825	0.1629478
KIAA1211	0.787	0.1629537
MIA2	0.924	0.1629693
BRPF3	-0.97	0.1630397
ZNF7	0.926	0.1630689
FOXN1	1.24	0.1631617
NOC3L	-0.987	0.1631683
RFPL3	0.864	0.163181
KRT33A	1.32	0.1631879
NOL7	0.826	0.1631978
BTG3	1.69	0.1632137
TUNAR	0.999	0.1632634
NDST4	2.63	0.1633037
EXTL3	0.94	0.1633439
GDF5	1.84	0.1633824
PDXDC1	-0.829	0.16342
BCRP3	-2.46	0.1634892
COL23A1	1.11	0.1635381
NTF3	2.34	0.1635539
TMEM119	-1.15	0.163565
SMG7	-1.1	0.1635852
GPR135	1.93	0.163596
TFR2	0.866	0.163754
MROH1	-2.34	0.1638852
PRCP	1.04	0.1640655
PPM1A	0.862	0.1641089
UBBP1	-0.936	0.1641151
PDLIM7	1.48	0.1641392
SCAI	0.987	0.1641392
METTL6	1.04	0.1641594
SP4	1.48	0.1642366
PTBP3	-0.963	0.1642794
LANCL3	1.06	0.1643721
ELK1	-0.825	0.1643732
SIX3	1.83	0.1644048
ADGRG6	-2.32	0.1644404
ENOX2	0.841	0.1644469
HNF1A	1.87	0.1644677
C1ORF101	-1.79	0.1644968
THNSL1	-1.24	0.1644988
XPR1	0.888	0.1646778
DRC7	-0.775	0.1647856
SPAG16	-1.78	0.1648446
FOXP4	-0.839	0.1648716
MIEF1	0.94	0.164891
APELA	1.48	0.1649446
CRH	0.861	0.1649792
LINC00408	-2.67	0.1649804
LOC100130417	-2.34	0.1649914
NEBL	1.04	0.1650241
PDS5A	0.8	0.1650854
RLN2	-2.63	0.165155
MATN1-AS1	1.14	0.1651636
FNDC4	0.84	0.1652163
SYT15	-1.1	0.1652264
S1PR4	1.09	0.1653446
ANKRD10	0.858	0.1653736
FGFBP3	-1.06	0.1653783
EPS15L1	1.21	0.1653968
CRIPT	0.855	0.1654057
TYMS	1.67	0.1654061
CERS5	-1.05	0.1654089
JPH2	1.3	0.1654522
AHSA2	0.861	0.1655443
G3BP1	-0.775	0.1655487
SRD5A1	1.17	0.1655638
DIO1	0.879	0.1656236
SUSD3	-1.7	0.165626
RUNX3	1.53	0.1656292
GPHN	-0.818	0.1656399
PLA2R1	0.827	0.1656656
INCENP	1.38	0.1657007
VAPA	1.28	0.1657088
TMED5	1.39	0.165771
EPN1	1.1	0.1657759
PNMA2	-1.76	0.1658212
CEP104	-0.824	0.1658259
VASH1	-2.94	0.1658308
ZBTB20	-1.77	0.1658384
GNRH1	1.38	0.1659392
PGLS	-0.786	0.1659723
ERICH6	3.01	0.1659797
TECRL	-2.78	0.1660037
YPEL1	-1.1	0.1660377
LYPD1	-0.838	0.1660514
OXER1	0.87	0.1661068
FAM124B	-0.89	0.1661621
GUCY1B3	0.807	0.1662353
BHLHE22	1.76	0.1662688
CYTH3	1.27	0.1663364
PLPP1	-0.805	0.1663442
PLEKHG2	-1.1	0.1663836
PRDM10	1.78	0.1663972
COX8C	2.39	0.1664044
NUTM2B-AS1	0.803	0.166421
TAOK2	0.978	0.1665258
CKM	2.13	0.1665323
LOC100506725	-1.88	0.1665806
LINC00884	2.82	0.1666715
ACSM2A	-1.53	0.166703
C18ORF54	0.782	0.1667336
MRE11A	-0.915	0.1667559
FAM134A	0.777	0.1667829
CEP44	1.09	0.1667936
LINC00301	1.64	0.1669358
ZC3H15	-2.84	0.1669519
MUC6	1.13	0.1669965
MKI67	-2.79	0.1670372
CD99L2	2.14	0.1670904
LOC100652999	0.786	0.1671278
ALDH4A1	-1.26	0.1671729
LOC101060553	-1.47	0.1671733
INPP4A	0.853	0.1672824
SET	0.864	0.1673048
ZFAT	0.815	0.1673107
DENND2C	1.65	0.1673111
MORC2-AS1	-0.844	0.1674207
HADHAP1	-1.28	0.1674217
CLASP1	-0.896	0.1674536
C11ORF21	-1.88	0.167599
CMAHP	-0.849	0.1676214
MS4A3	1.56	0.1676223
ARHGDIA	-1.03	0.1677759
MTHFD1	1.03	0.1677785
ILDR1	1.41	0.167795
LOC283861	-0.983	0.1678574
GRK6	-1.69	0.1678613
RHO	-1.85	0.167883
FGF16	1.47	0.1679131
CARD11	1.63	0.1679351
ZNF197	-0.773	0.16797
CNTNAP5	0.84	0.1679861
STARD13-AS	2.47	0.1680243
SALL3	-2.15	0.1680528
HBP1	0.802	0.1681377
RRAS	-1.42	0.1682241
RPP25	0.82	0.1682653
OSBPL1A	1.69	0.1683101
CACYBP	0.926	0.1683988
CABP1	1.14	0.1684096
C5ORF63	-1.71	0.168412
LMTK2	2.81	0.1684264
LINC00269	1.62	0.168445
LINC00304	2.14	0.1684651
ATG5	0.96	0.1685945
KCNE4	0.935	0.168596
LOC101928833	1.21	0.1686318
LEO1	0.797	0.1686637
OR2J2	1.05	0.1687741
ABCD3	-0.811	0.1687843
KIAA1841	1.45	0.1687944
COL4A1	-1.56	0.168812
PPIC	-0.868	0.1688465
LOC102723645	1.49	0.1688733
HECW1	1.07	0.1688782
STX18-AS1	-2.94	0.1688861
LRRC45	1.6	0.1688913
RMST	0.978	0.1689027
SLCO1A2	-0.848	0.1689207
WDR35	-1.31	0.1689524
TMEM110	-0.927	0.1690122
CNTLN	-2.13	0.1690219
DNAJA4	0.765	0.1690473
BRCA2	-2.7	0.1691787
MAGED2	-0.845	0.169212
EYA3	1.21	0.1692693
ST6GALNAC1	-0.795	0.1692912
DGKB	1.08	0.1693059
GOLIM4	1.18	0.1693734
PDE1A	1.03	0.1694281
LOC100506082	1.63	0.1694641
EHD2	-2.44	0.1695887
DNAJC30	-0.888	0.1696063
DIO2	1.1	0.1696224
IL6ST	-0.796	0.1696355
NAMPT	0.879	0.1696443
RNF40	0.945	0.169706
LOC105378828	-0.858	0.1697393
DPY19L2P2	1.26	0.1698172
CSNK1A1	0.88	0.1698748
LINC00173	1.3	0.1698864
CD34	-0.94	0.1698937
PATJ	0.787	0.1699145
LOC283588	1.28	0.169943
HOXA1	1.05	0.17002
CSNK1E	-0.987	0.1700249
TNNI3	-1.8	0.1700464
SQLE	0.894	0.1700751
C1ORF53	1.65	0.1701051
BRCA1	-0.885	0.1701193
DPYSL3	-0.908	0.1701333
TNMD	-2.07	0.1701509
KCNJ13	0.915	0.1701664
HPSE	1.24	0.1701738
C16ORF45	-0.849	0.1702216
IDH3B	0.94	0.170277
TBL1X	-0.796	0.170282
TMEM135	-0.847	0.170318
BBS7	-0.87	0.1703417
KCNJ6	-1.79	0.1703543
IPO9	-1.19	0.1703862
PROSC	1.65	0.1705131
PITPNM3	1.1	0.1705424
MAD2L1	-1.3	0.1705503
SCN1B	1.06	0.1705516
PTGER4	-1.02	0.1705797
LINC01550	-1.85	0.1706642
ABCB11	-1.42	0.1706773
GRIK1-AS2	-2.12	0.1706793
COQ9	0.993	0.1706846
HIC1	2.38	0.1706912
SKIV2L2	2.76	0.1707069
MEF2D	0.827	0.1707176
C9ORF116	1.07	0.1708068
PRR9	2.29	0.1708482
WNT10B	1.06	0.1709116
ZNF844	-1.05	0.1709273
BCCIP	-0.816	0.170937
CAPZA1	-3.03	0.1709422
LOC100506538	-1.07	0.170947
RBL1	2.56	0.1709503
SLCO1B3	1.42	0.1709997
PARD3-AS1	2.03	0.1710715
MAB21L2	0.785	0.1711604
FUT1	0.836	0.1712872
HNRNPH1	-0.834	0.1713693
NDOR1	1.46	0.1714301
MYH6	-2.33	0.1714453
DOCK9-AS2	0.897	0.1714565
MDM2	-1.37	0.1714613
LOC286178	1.69	0.1715517
GCH1	-0.769	0.171553
ZBTB43	0.844	0.1715973
ZER1	2.75	0.1716408
FAM71D	0.933	0.1716411
TOPBP1	0.784	0.1716574
TCP11L2	-1.15	0.1716655
RSPO1	2.35	0.1716881
ZNF709	1.21	0.1717215
KMT2E-AS1	2.14	0.1717547
MEGF11	2.32	0.1717599
PLEKHG5	1.44	0.1717844
PLEKHA7	-1.38	0.171805
HSPA1L	0.793	0.1718102
MACC1	-2.16	0.171851
MAPKBP1	0.814	0.1718631
OTC	-0.78	0.171887
CNTNAP2	0.778	0.1718908
USPL1	0.829	0.1719567
MAPK6	-1.12	0.1719801
SLC16A10	1.28	0.1719863
POLR3B	0.839	0.1719985
SLC15A3	-1.65	0.1720395
SMG7-AS1	2.07	0.1720853
LOC101927038	1.47	0.1721066
THOC2	-1.04	0.1721218
LOC102723479	1.61	0.1722366
STRN	1.06	0.1722373
PPWD1	-1.04	0.1722395
SMAD5	-0.994	0.1723039
EFCAB11	0.774	0.1723447
CSRNP3	0.866	0.1723534
PARD3	-0.932	0.1724033
COL22A1	0.758	0.1725351
SNAPC3	-0.902	0.172571
LOC101929109	2.39	0.1725718
POU5F1P3	0.807	0.1725727
RAB1A	-1.3	0.1726087
MRPS10	-0.761	0.1726181
EPM2A	0.804	0.1726186
ARL4D	0.844	0.172697
FGF20	-1.02	0.172732
MLEC	-0.906	0.1727686
PURG	1.13	0.1728268
SNCG	-1.84	0.1728298
DTX4	-1.09	0.1728522
PLPP2	1.04	0.1728597
ANO3	1.48	0.1728791
ARHGAP33	0.991	0.172895
SLC20A2	0.803	0.1729039
ERVFH21-1	-2.89	0.1729849
ENAH	0.779	0.1729903
ZDHHC19	1.22	0.173032
LOC401052	-0.978	0.1730385
SPATS2L	-1.84	0.1730407
CES4A	-1.49	0.1730461
NOL10	-1.45	0.1730612
SGPL1	1.66	0.1731282
CA9	0.782	0.1731337
LOC103344931	-0.97	0.173192
ZNF182	0.819	0.1732962
HOXB6	2.07	0.1733519
KIAA0485	1.06	0.1734136
HOTAIRM1	-0.975	0.1734794
SERPINB7	-1.18	0.1734812
APOB	-3.21	0.1735706
C9ORF66	1.69	0.1735928
FARP2	-0.773	0.1735969
NR2C2	1.13	0.1736409
SPP1	0.881	0.1736707
LOC100506289	1.87	0.1736848
ZMYND11	-1.14	0.1737101
MYO5A	0.789	0.1737335
DCP1A	0.751	0.1737508
CNNM2	-0.937	0.1737681
GTF2IRD2	0.762	0.173782
NKAIN2	-0.986	0.1738342
KLF3-AS1	-0.839	0.1740624
DCC	-2.38	0.1740706
TLK2	-0.818	0.1741394
SNAP23	1.19	0.1741768
MDM1	-1.16	0.174207
ZNF322	0.773	0.1742317
TDRKH	-0.783	0.1742394
ESYT3	2.8	0.1742663
COA6	0.772	0.174292
MFSD4A	1.04	0.1742942
PHF21A	0.795	0.1742948
IL1RL1	-1.28	0.1742961
LOC100506497	1.92	0.1743085
NME5	-0.939	0.1743227
PI4K2A	1.85	0.1743628
MAP1LC3A	-0.865	0.1743654
FAM181A	0.78	0.1744272
FNDC5	0.782	0.1744293
MEIS3P1	-0.803	0.1744371
LANCL1	-0.883	0.1744492
TOX2	-0.874	0.1744525
HOXB8	2.7	0.1744584
SRRT	1.22	0.1744627
GPR155	0.756	0.1744686
CADM2	0.958	0.1745507
OTUD1	-2.3	0.1745948
BTLA	2.08	0.1746373
GTF2A2	0.946	0.174681
DBN1	0.825	0.1746846
LOC340017	2.27	0.174717
RNF170	-0.838	0.1747583
SLC30A4	-2.46	0.1747719
GABARAPL1	0.841	0.1748768
TNFRSF9	1.71	0.1748843
ANKFY1	2.78	0.1750532
LINC01088	-1.72	0.1750665
CAPN13	-0.881	0.1750711
TSHZ2	2.34	0.1750786
SEC62	0.996	0.1750826
FCRLA	2.32	0.1751019
ZNF787	2.29	0.1751148
PCDHA10	-0.789	0.1751335
LOC101928269	2.41	0.1751778
FNBP1	-0.794	0.1753912
ANKFN1	-1.38	0.1754246
MIB1	0.765	0.1754885
GPX8	-2.4	0.1754967
APCDD1L-AS1	2.22	0.1755426
RRAGD	1.04	0.175549
AOC1	-1.83	0.1755629
MTCH2	-0.905	0.1755897
HSD17B8	-1.05	0.1755976
AADACP1	1.71	0.1756597
LOC101929645	-2.24	0.1756793
ADAMTS20	2.03	0.1757216
SS18	-0.85	0.1757336
TBC1D8	0.777	0.1757453
LOC100505478	-1.1	0.1757705
HEXIM2	-2.15	0.1758343
ENSA	0.754	0.1758635
IL12A	2.08	0.1758878
C1ORF27	0.786	0.1759656
PXDC1	1.52	0.1759962
THRB	2.54	0.1760724
DDX54	0.784	0.1760799
WBSCR22	1.48	0.176087
FLJ31945	0.952	0.1760941
ZFYVE16	-1.33	0.1761057
EPHA10	1.91	0.1761059
ZNF518A	-1.08	0.1761171
MDGA1	2.46	0.1761739
CIB3	0.911	0.1761818
TSPAN4	-0.826	0.1762353
RBM7	-0.776	0.176236
NFATC1	0.827	0.1762378
IER5L	1.08	0.1762455
ATL3	-1.87	0.1762573
FFAR4	-2.15	0.176271
ATP6V1C1	0.776	0.1762738
ZNF204P	0.802	0.1763212
ZNF813	0.797	0.1763524
GNAT1	1.02	0.1763599
KSR2	1.48	0.1764408
LOC100996634	1.72	0.1764705
LOC101928161	2.37	0.1764773
ALOX12	1.18	0.1764881
KIAA0430	0.857	0.1765136
IGF2BP2-AS1	3.77	0.176595
AMN	2.47	0.1766126
CALB2	0.997	0.1766233
ACHE	1.73	0.1766369
LOC102724162	0.764	0.1767005
LINC00692	3.25	0.1767007
RRBP1	0.747	0.1767022
LOC101928710	-1.34	0.1767106
MELTF	-2.58	0.1767126
COX7B	0.904	0.1767145
TCL1A	2.03	0.1767602
STXBP5	0.842	0.177022
FAM166A	1.4	0.1770902
FBXL16	0.901	0.1770923
B3GNT8	-1.53	0.1771437
CTSG	1.15	0.1771539
STK4	-0.804	0.1773049
GNA15	-0.777	0.1773059
SPRY2	0.876	0.177319
KLRG2	-0.776	0.1773213
HEATR3	-0.863	0.177387
RCOR1	0.81	0.1774236
DIRC2	-1.2	0.1774464
LOC101927884	-1.27	0.1774971
ACSF3	1.88	0.1775035
HOXA11-AS	2.3	0.1775336
ATP8B2	0.787	0.1775483
ZIC4	1.59	0.1775678
C6ORF89	-1.33	0.1777209
LINC00880	2.04	0.1777326
ACE	-1.96	0.1777361
HSDL2	-1.19	0.1777424
ERVH48-1	1.08	0.1777636
LINC01098	3.84	0.1778103
OSER1	0.759	0.1778293
KRT31	1.27	0.1778763
LOC101927608	0.797	0.1779207
UCHL1	0.952	0.1779289
SPIN2A	1.04	0.1779306
LOC101927849	-2.14	0.1780276
ISM1	-0.757	0.1780977
PRSS55	-1.1	0.1781126
MIR100HG	-0.792	0.1781138
ZSCAN1	1.12	0.1781278
RBFA	0.742	0.178155
ZNF268	-1.11	0.1781943
ERN1	-1.79	0.1782556
C2ORF68	-1.15	0.1782756
LINC01085	-1.64	0.1782853
RGN	-0.789	0.1783326
HMGN3-AS1	-1.83	0.1783728
MED30	-1.91	0.1784205
ZNF117	-0.91	0.1784308
HOTTIP	0.79	0.1784355
MRPL9	0.747	0.1784873
LOC729307	1.88	0.1786131
AKAP4	1.63	0.1786839
NEFH	0.827	0.1786936
GPSM3	-1.06	0.1786943
LGALS8-AS1	0.903	0.1787052
NRL	1.28	0.1787058
PCDHGC4	-1.41	0.1787234
PDIA3	-0.758	0.1787447
STAT6	-1.02	0.1787728
NPM1	-0.781	0.1787977
MAN2C1	-0.792	0.1788233
ZFP92	0.881	0.1788291
RWDD3	-1.12	0.1788404
LOC105372526	-0.787	0.1788459
NEU3	-1.53	0.1789584
LINC00841	-1.03	0.1790771
INTU	-1.84	0.179144
APC	-0.951	0.1791527
LRRC17	-1.45	0.1792368
COL27A1	0.926	0.1792947
AVPR1A	-0.982	0.179331
CUL9	1.15	0.1793541
COTL1	-1.0	0.1794873
IQCK	-0.783	0.179538
GOSR2	-0.77	0.1795584
RAD52	-2.09	0.1795938
ANKS4B	-1.28	0.1795994
LDHA	0.97	0.179616
MBD6	-0.985	0.1796247
TAZ	-1.16	0.1796291
DCD	2.39	0.1796454
ELAVL4	0.913	0.1797016
ARMC10	-0.788	0.1797109
USH1C	-2.3	0.1797546
SLC8B1	1.24	0.1797787
TXN	0.865	0.1798254
HECTD4	1.08	0.1798494
DIAPH3	1.37	0.1798769
LINC00675	0.921	0.1798927
PRSS12	1.66	0.1799742
CFAP57	2.39	0.1799817
LVCAT1	2.92	0.1800913
TWISTNB	0.876	0.1801512
MAX	-2.1	0.1801573
NPB	-1.29	0.1801669
PLEKHH1	-1.23	0.18018
TBC1D23	0.846	0.1802092
CCNF	1.05	0.1802421
CASC18	1.1	0.1802663
ACCS	1.16	0.1802749
DENND6B	-1.47	0.1803021
LOC101928433	-2.44	0.180325
RAG2	1.16	0.1803278
DEFB129	3.11	0.180367
C20ORF144	-0.981	0.1803777
SNX11	-0.795	0.1803794
GRIN2B	-1.14	0.1803949
SLC37A4	-1.75	0.1804288
ZBED3-AS1	-1.23	0.1804535
HLA-F	-0.963	0.1804567
AP1S2	-1.19	0.1804581
FBXL3	1.14	0.1805093
ANGPTL7	-1.33	0.1805525
ATG7	-0.802	0.1805993
CA11	1.38	0.1806455
H1FNT	1.24	0.1807376
RAPH1	-0.85	0.1807747
LRRC29	1.32	0.1807766
ADRB1	-0.925	0.180846
CCDC171	2.52	0.1808573
SYK	-1.2	0.1808924
TMEM134	1.87	0.1809175
SGCG	0.91	0.1809246
CLCA1	2.26	0.180931
LINC01314	-0.919	0.1809331
KMT5A	-0.772	0.1809522
NPSR1-AS1	1.75	0.1809591
SFTPD	-1.1	0.1809741
LINC01056	1.04	0.1810078
ZC3H6	1.18	0.1810544
SLC46A1	-0.781	0.1811342
PSMA3	0.797	0.1812027
ATG4B	0.868	0.1812241
LOC101928101	1.22	0.1812761
CAMSAP1	1.05	0.1813011
EPHX2	-1.22	0.1813324
ERVK13-1	2.02	0.1813524
CAMK1	-1.47	0.1813665
EFS	-0.999	0.1813711
LRRTM1	1.22	0.1813852
LINC01213	1.94	0.1814049
CMPK1	0.872	0.1815855
ZDHHC5	1.02	0.1816247
LGALS2	1.41	0.1816262
FLJ37035	2.4	0.1816609
HSPD1	3.0	0.1816655
MIR205	1.7	0.1817064
FBF1	1.98	0.1817106
MUC3	1.13	0.1817137
SRRM5	0.906	0.1817338
C3ORF33	-0.789	0.1817471
NDUFC1	1.0	0.1817585
KIFC1	1.3	0.1817597
TAF5L	0.836	0.1818169
EPHX1	-0.754	0.1818298
KRT79	0.816	0.1818402
ADGRL1	0.763	0.1820049
BBS9	-2.32	0.1820052
MCRIP2	0.848	0.1820596
ALMS1	-0.741	0.1820747
CCT8L2	1.21	0.1820941
BDH2	0.765	0.1821325
STK32A	-1.91	0.1821782
OPCML	1.59	0.1821923
PYCARD	-1.74	0.1822534
C17ORF51	0.81	0.1822972
SNORA71A	2.29	0.1823039
FAF1	-1.07	0.1823368
FBXW2	2.27	0.1823492
LINC01297	1.55	0.18235
MC3R	2.17	0.1823539
GPS1	-0.782	0.1823755
TNFRSF10C	1.85	0.1824271
IRF1	1.03	0.1824309
MIR10A	1.64	0.1824715
RUNDC3A	-0.888	0.1825159
FAM129B	-1.01	0.1826038
C20ORF202	1.67	0.1826078
NIPAL4	-1.18	0.1826123
ZNF528	-1.44	0.1826708
RGS19	-1.05	0.1826752
SLC34A1	-0.769	0.1826926
MIPEPP3	0.803	0.1827177
HIPK2	-0.743	0.1827358
STX6	0.737	0.1827937
PHF19	1.03	0.1829344
NPTX2	1.74	0.1830169
FAM69B	-1.06	0.1830333
DLG5-AS1	1.06	0.1830402
CXCL3	2.05	0.1830536
UBE2B	1.13	0.1830674
RNF128	-0.77	0.1830768
HLA-DOB	-0.877	0.1830802
WDR7	1.58	0.183131
NUP210P1	-0.935	0.1831704
BRD2	0.744	0.183184
SCFD2	-1.03	0.1832073
DDX11	2.33	0.1832137
LOC102725382	-1.74	0.1832997
HHIP	-0.841	0.1833216
LTB4R	0.998	0.183359
N4BP2L1	-0.74	0.1834089
AKT3	-1.14	0.1834418
SUCLA2-AS1	1.61	0.1834501
LINC00487	1.95	0.183499
TMCO3	0.915	0.183511
JAK3	-1.62	0.1835128
ZNF670	1.2	0.1835307
MMP8	3.49	0.1835977
MRLN	2.84	0.183643
HUNK	-1.08	0.1836851
AADAC	2.54	0.1836967
SHISA9	1.25	0.183736
ASMTL	-0.734	0.1837517
HCAR3	-2.73	0.1837989
C22ORF15	2.18	0.1838036
ADAM28	-1.04	0.1838514
PALD1	-0.824	0.1839079
C11ORF70	-2.4	0.1839636
NGB	1.19	0.1839751
KCNJ2-AS1	-2.56	0.1839971
SSR3	-1.12	0.1840164
DNAJB12	-0.853	0.1840846
GLP2R	1.62	0.1841053
GALNT1	-1.25	0.1841349
LINC01504	-2.08	0.1841533
LARGE2	1.34	0.1841653
DUSP14	0.748	0.1841668
TLE2	1.02	0.1841697
ZNF138	1.13	0.1841751
PDGFC	0.879	0.1842137
SCT	1.1	0.1842677
FOXA1	-1.82	0.1843084
ANKEF1	0.936	0.1843242
CLUHP3	1.96	0.1843571
GBGT1	-0.943	0.1843654
PPP3CC	0.988	0.1844255
TIAL1	1.93	0.1844301
LOC400756	0.83	0.1844595
OPRM1	0.932	0.1844818
ULK1	0.903	0.1845559
HOXA13	-2.24	0.1845926
LINC00184	0.98	0.1846058
LRRCC1	-0.836	0.1846392
CUX2	-1.33	0.1846779
STPG1	-1.16	0.1847724
DCST1	0.749	0.1847806
FAM98A	0.868	0.18479
ACTN3	3.24	0.1848027
GABRB3	0.924	0.1848526
ETV6	1.7	0.1848669
PRMT2	0.819	0.1849234
TTC39A	2.23	0.1849332
TTLL5	-0.731	0.1849408
PCNT	0.851	0.1850598
PSPN	1.58	0.1850999
DLK1	-1.34	0.1851254
RGS12	0.835	0.1851575
C14ORF79	-1.57	0.1851655
NKRF	0.765	0.1851843
ADPRH	-0.737	0.1852447
LOC101928307	-0.834	0.1852583
ALX4	-0.877	0.1852672
RDH13	0.775	0.1852735
U2AF1	-0.73	0.1852817
LOC100131581	0.839	0.1852855
CAMK2D	0.984	0.1853182
DNAJB8-AS1	1.75	0.1853397
PANK4	0.828	0.1853749
VWA3A	1.45	0.185434
ASS1	-0.789	0.1854855
PDZD3	-0.931	0.185499
COPB1	0.933	0.1855014
TTC28-AS1	1.33	0.1855043
FAM132A	0.875	0.1856092
PRR32	-2.27	0.1856376
NXPH3	2.81	0.1856998
REG1A	-2.16	0.1857132
GNG12	-0.974	0.1857576
MFAP3	0.784	0.1858251
C11ORF94	2.18	0.1858336
ACOT7	0.733	0.1858708
CEACAM5	-1.52	0.1858719
NEXN	-1.11	0.1859088
LOC102725022	0.768	0.1859422
VSIG4	-1.28	0.1859571
RBAKDN	-1.32	0.1860098
ARHGAP1	-0.835	0.1860782
SPANXB1	2.46	0.1861116
NMU	0.769	0.186116
THOC6	0.76	0.1861721
GOLGA3	0.757	0.1862173
HTR7P1	1.04	0.186278
LOC101927814	-1.76	0.1862846
MDS2	2.02	0.1862918
FAM213A	1.01	0.1863012
LOC653160	1.83	0.186339
VPS50	-1.05	0.1863693
DNALI1	-1.22	0.18637
ZPBP	0.851	0.1863864
LOC339352	-0.804	0.1864904
TEX26	-0.846	0.1865798
GRM1	2.37	0.1865843
GPR4	-1.55	0.1865994
LOC284788	0.807	0.1866566
RBM12B	0.987	0.1867317
TAS2R38	1.91	0.1868733
LOC285147	1.29	0.1868915
BFAR	0.723	0.1869266
PAQR5	-0.741	0.1869752
TRIM51	1.02	0.1869753
HDGF	0.769	0.1869966
SLC25A12	1.28	0.187026
FANCC	0.763	0.1870464
MOS	1.08	0.1870656
HNRNPA0	0.94	0.1870852
FAM220A	1.08	0.1870916
NLE1	-1.9	0.1871705
CETN1	1.05	0.1871821
CFAP97	1.83	0.1872055
AHSA1	0.756	0.1872166
CASP6	-1.01	0.1872284
LOC101927358	2.21	0.1872329
HEMK1	-1.28	0.1872347
ZNF319	-0.888	0.1872635
CPEB4	-1.24	0.1872847
DERL1	0.788	0.1872955
MRC1	-1.16	0.1873162
STAMBPL1	-1.28	0.18736
GRM2	1.33	0.1874081
A2MP1	1.0	0.1874217
ELAVL1	0.784	0.1874627
HSPA5	0.931	0.1875302
IL1RL2	1.95	0.1875664
CREBZF	0.775	0.1875852
NAPEPLD	-0.874	0.1876057
LOC101928012	-1.49	0.1876325
POU2F2	0.835	0.1877208
HAVCR1P1	-1.88	0.1878422
P4HA2	0.827	0.1878565
DIO3	-1.55	0.18788
CNTRL	-0.857	0.1879033
LOC105370888	0.836	0.1879475
CBX3P2	-2.03	0.187954
SNORA78	1.38	0.1879871
LOC101060391	0.835	0.1880132
CTCFL	3.81	0.1881618
LOC101927204	-0.751	0.1881722
NOB1	0.785	0.1882131
TP53INP1	2.34	0.1882347
AP1M1	-0.787	0.1882625
MTG2	0.767	0.1883215
IFT80	0.778	0.1883352
LINC01144	-1.14	0.1883652
CRACR2A	1.37	0.188394
MAK	1.45	0.1883987
ZNF527	1.59	0.1884463
NEMP1	-0.948	0.1884531
FDX1	0.825	0.1884607
ZNF587	-0.739	0.1884609
LINC00540	-1.02	0.188461
ZNF385A	0.878	0.1885448
DDX46	0.937	0.1885542
CDH19	0.908	0.1885608
USP6NL	1.89	0.1887747
HEY1	-0.84	0.1887772
SLC25A18	0.769	0.1887842
RAB37	1.52	0.1887964
GPSM2	0.94	0.1888018
RER1	-0.802	0.1888302
DUXAP10	-1.87	0.188858
DPY19L1	0.739	0.1888697
FBXO39	3.76	0.1889571
LINC01339	-0.834	0.1889719
KIR2DL1	1.0	0.1890151
DNPH1	0.874	0.1890457
OSGIN1	2.13	0.1890482
LOC100507291	-1.56	0.1891414
WHSC1	0.757	0.1891645
COX6A1	1.01	0.1892313
FAM53B	0.759	0.1893324
SERPINA12	0.762	0.1894895
LOC101930657	0.736	0.1895412
TIMM17A	-3.18	0.1895554
FMO3	-1.99	0.1896185
LOC100288798	0.862	0.189692
ARNTL2	1.66	0.1897416
MED13	1.03	0.1897419
KRT81	1.03	0.1897903
AP2A1	-0.724	0.1899145
C20ORF194	-0.775	0.1899241
PPP2R2D	1.08	0.1900158
UTP23	-1.13	0.1901052
PTPN22	-1.15	0.1901347
CASC17	1.17	0.190173
NIT2	-0.812	0.1902746
GJB5	0.747	0.1902857
GPI	0.732	0.1902954
ACSL6	1.03	0.1903763
RAB4B	0.96	0.1904842
LOC105369705	0.873	0.1905575
PRRC2C	0.762	0.1905598
RNASET2	1.03	0.1905905
APOA4	1.58	0.1905954
KATNBL1	0.766	0.1906163
GABBR1	0.775	0.1906679
PIAS2	0.978	0.1907615
SYTL3	1.22	0.190763
TMEM161B-AS1	1.05	0.1907953
TIMM23B	-0.786	0.1908656
GPC4	-0.88	0.1908835
C8ORF76	0.744	0.190927
FECH	-1.34	0.1909615
POLR3K	2.52	0.1909956
TMEM107	-0.775	0.1910028
NLN	-0.732	0.1910751
NUDT14	1.8	0.1910817
FCHSD1	1.98	0.191191
YBX3	1.35	0.1912064
LRRC55	-1.54	0.1913054
C1ORF56	0.799	0.1913732
C16ORF74	1.63	0.1913904
GPR143	-1.81	0.191427
TMEM14B	-0.748	0.1915064
TMBIM4	-0.745	0.191516
C10ORF88	0.792	0.1915233
SLC1A4	-0.91	0.1915331
BRINP1	1.35	0.191611
AKT2	-1.18	0.1916146
ABLIM3	-0.862	0.1916224
IPO5	1.15	0.1916743
INF2	-1.87	0.1916953
TSC22D3	-0.766	0.1917191
DPYSL4	2.12	0.1917218
CIDEA	0.84	0.1917728
FAM120B	0.731	0.1918397
AKIRIN1	-0.903	0.1918526
YWHAZ	-0.712	0.1919186
LOC100130452	1.68	0.1919566
SLC43A3	0.924	0.1919798
LOC105378732	-1.74	0.1922032
LOC101927553	1.41	0.1922326
LOC151760	2.07	0.1922467
BCAT1	1.54	0.1922711
SEC23IP	-0.713	0.1922912
LOC101927138	1.19	0.1922959
NKIRAS2	-0.817	0.1922963
BPIFC	-1.17	0.192398
FAM9B	-1.04	0.1924599
USP40	-0.875	0.1924646
IFNAR1	2.13	0.1924671
LOC399900	0.923	0.1925326
ATXN2L	-2.45	0.1925379
ACO1	0.817	0.1925514
ELF2	0.721	0.1926157
LINC01128	-1.73	0.1926185
LOC101928590	0.742	0.1926453
TMEM184A	0.73	0.1926962
LOC101929586	0.907	0.1927154
GJB3	-1.35	0.1927381
ZMYM5	-0.929	0.1927636
SCAF1	-1.23	0.192776
UQCRC2	-0.732	0.1928567
CAPZB	-0.755	0.19286
LOC340107	0.821	0.1928638
VPS13B	-2.05	0.1928801
NUAK1	0.891	0.1929182
TAS2R41	1.07	0.1929581
ADAM19	0.877	0.1929932
CARNS1	-1.74	0.1929935
PAXBP1-AS1	-1.02	0.1930082
PHKG2	-1.96	0.1930572
SLC4A7	1.35	0.193112
C9ORF135	-1.73	0.1931281
AA06	0.961	0.1931549
ABLIM1	-1.95	0.1932444
WNT16	0.737	0.1933578
KRTAP4-2	0.714	0.193385
YBX2	-1.18	0.1934275
LOC100129112	2.68	0.193436
MACROD2	2.74	0.1936157
LOC101927123	1.81	0.1936618
EMILIN3	-1.43	0.1937185
SOX2-OT	-1.02	0.193753
LOC100287704	2.48	0.1937593
CLTCL1	-0.827	0.193774
MS4A7	-1.13	0.1937956
RNF214	-1.86	0.1938057
TEX26-AS1	1.54	0.1938174
LOC150005	1.67	0.1938259
GPLD1	1.45	0.1938334
UNC5D	1.12	0.1938644
SVEP1	-2.08	0.1939017
DTNA	-1.4	0.1939052
DACH2	0.813	0.1939324
SUN3	-1.21	0.1939733
DGAT2	1.04	0.1939924
DHX37	1.71	0.1940154
KIF24	1.67	0.1941253
WDR61	-0.747	0.1941442
NDEL1	0.784	0.1942116
USP33	-0.86	0.1942281
TRAM2	-0.965	0.194246
SULT1A1	-0.737	0.1942661
CSTL1	0.808	0.1943783
STAT4	0.847	0.1943833
LOC105375640	2.73	0.1943965
FOXRED1	-0.752	0.1944004
CFLAR-AS1	-1.46	0.1945543
KCNG2	0.832	0.1945872
FAM83E	-0.921	0.1946083
THBS2	0.986	0.1946249
SCARA5	2.24	0.194669
SLC44A5	-0.801	0.194694
DCAF4L2	1.92	0.1947016
FAM187B	1.39	0.1947152
LINC00889	-1.74	0.1948795
ZNF654	-0.802	0.1949042
SPATA24	-1.26	0.1949227
BRAF	0.776	0.1949891
ADD2	0.963	0.1949936
ABHD16B	0.707	0.1950166
C18ORF21	0.842	0.1950233
CLCC1	-0.976	0.1950438
LOC101928303	-1.07	0.1950945
PRDM1	1.5	0.1951794
MANF	0.897	0.1951872
CHODL	-1.9	0.1951906
LCP2	0.987	0.1952195
EML4	0.813	0.1952477
SRGAP1	-0.72	0.1952577
ZMYND12	-1.8	0.1954084
PASK	0.953	0.1954504
DEF6	-1.77	0.1954723
MS4A8	2.39	0.1954737
ATP5O	2.15	0.1955295
TEX36	-1.61	0.1955888
SIGLEC7	0.878	0.1956379
NLRP13	2.56	0.1956582
MARK1	0.708	0.1957487
ZNF599	-1.01	0.1957492
NKTR	0.833	0.1957827
BAG1	0.735	0.1957953
RASEF	-1.7	0.1958115
CENPE	-1.8	0.195846
DOCK9	-0.738	0.1958535
LINC01360	2.16	0.195968
LOC101927507	1.33	0.195973
LINC00176	0.866	0.1959811
CACNB1	0.844	0.1959879
SUMF1	-0.792	0.1960664
RAB23	-0.79	0.196088
PPP3R2	-1.58	0.1961836
LINC00645	-2.92	0.1961897
ART1	0.909	0.1962177
LOC145694	2.03	0.1962483
TTC12	-1.49	0.1962601
MYCL	-1.58	0.1962604
C2CD2L	-2.0	0.1962619
PTOV1-AS2	-1.08	0.1963225
DHX38	0.724	0.196372
LOC101929148	1.86	0.1963737
DKKL1	0.93	0.1963797
RSPH4A	-1.93	0.1964152
STON1	-0.959	0.1964386
EDDM3A	2.25	0.1964871
TCEA1	1.49	0.196555
ZNF333	-1.25	0.1965828
NOCT	2.82	0.1965888
LOC105370475	1.72	0.1966184
HLA-A	-0.998	0.1967238
CDK13	0.84	0.1967302
PAK1	1.55	0.1967932
DNAL4	-0.808	0.1968026
GSE1	0.833	0.1968239
TMEM86A	-1.32	0.1968279
MAFG	1.36	0.1968545
LOC100131262	1.02	0.1968806
PNP	0.742	0.1969113
CTNS	-1.68	0.1969127
NPY	0.802	0.1969705
HMHB1	0.775	0.1970134
MYOZ2	-1.82	0.1970505
IL22	2.4	0.1970586
PRMT8	0.915	0.1971058
TGFBR2	-0.942	0.1971359
OIT3	2.07	0.1971422
CD48	-1.9	0.1971639
C6ORF25	-1.28	0.1971733
LCE2B	1.72	0.1972032
ELF1	-1.11	0.1972737
CEP131	-1.98	0.1972938
DMRT2	-1.01	0.1973152
LINC01119	1.02	0.1973458
PURB	-1.94	0.197358
VPS13C	0.726	0.1973819
SDK1	0.827	0.1973871
AASS	-1.66	0.197449
PDLIM4	1.22	0.1975135
BCAP29	-0.738	0.1975726
MCUR1	0.847	0.1975759
TLR7	0.728	0.1976245
LINC00421	1.07	0.1976477
DDX56	0.719	0.1976911
MRPS18A	-0.845	0.1977507
IGFBP5	-0.868	0.1977652
LOC101927417	2.73	0.1978038
SEPT4	-0.934	0.1978234
OGDH	-0.811	0.197834
CACNA1D	-1.3	0.1978529
C1ORF74	1.21	0.197955
ADAMTS12	-1.12	0.1979836
LOC100129175	-2.79	0.1979886
AGRN	1.76	0.197991
LOC642852	-0.736	0.1979915
LINC01169	2.06	0.1980108
LINC01222	-0.761	0.1980894
LINC01419	1.01	0.1981522
CENPJ	0.823	0.198169
ZNF252P-AS1	-0.708	0.1982202
RPS15A	0.8	0.198222
SLC7A11	-1.49	0.1983251
PKD1P1	0.801	0.1983372
PTCRA	1.85	0.1983999
CDC14C	1.65	0.1984326
RPL36A	1.24	0.1984783
EDARADD	1.9	0.1985344
RNF125	-1.22	0.1985664
ATP13A4	-2.33	0.1986246
TCEAL1	0.725	0.1986311
HTATSF1P2	-1.2	0.1987238
VAPB	-0.705	0.1987981
GCSAML-AS1	2.35	0.1988207
PGR	-1.03	0.1988613
TBC1D22A	-1.81	0.1988626
MBNL1-AS1	-0.967	0.1989322
FBXO28	0.708	0.1990312
MAP1LC3B2	-1.03	0.1990457
UGGT1	-0.963	0.1990579
CCDC173	-1.18	0.1991733
TOPORS	0.747	0.1992786
COMMD10	-1.6	0.1993036
NDST1	-0.849	0.1993795
LINC01268	-1.11	0.1993896
ADD1	0.801	0.1994076
GTF2H3	-0.967	0.1994817
WDR18	-0.871	0.1995135
C1ORF210	1.71	0.1996081
NSMAF	0.879	0.1996409
FRMD4B	0.799	0.1996418
TBC1D29	-1.46	0.1997106
NOX4	1.12	0.1997147
DYNC1I1	1.05	0.199725
REL	0.717	0.1997257
USP31	-1.66	0.1997722
CRLS1	-0.842	0.1997751
CDH9	-1.72	0.1997884
KDELR2	0.735	0.1998123
LOC101927166	-0.912	0.1998229
ZNF641	-1.08	0.1998494
TAOK1	0.899	0.1998608
FAM122C	1.12	0.1998961
GTPBP1	-0.785	0.1999057
STPG3	1.2	0.1999773
WDR20	0.747	0.1999899
ZYG11B	0.843	0.2000303
CACNB4	1.15	0.2001042
GSC	0.706	0.2001322
HTR2A	-0.954	0.2002643
DMBX1	-3.31	0.2003269
FAXDC2	-0.797	0.2003285
MCFD2	1.11	0.2003994
ZCCHC11	-1.22	0.2004055
CLYBL-AS1	2.98	0.2004125
KCNU1	2.25	0.2004875
MFSD6	-0.73	0.2005166
MARCH1	-1.4	0.2005494
SYNC	-0.8	0.2005681
LOC100506286	1.08	0.200591
GPR61	-1.75	0.2006305
LOC101927734	1.63	0.2006962
PDS5B	0.791	0.2006994
CNOT3	-0.73	0.2007625
HTR3A	0.748	0.2007869
RBMS3	-1.94	0.2007949
LOC200772	0.939	0.2008241
RBM20	-1.34	0.2008486
TADA2B	-0.967	0.2008961
IL1F10	0.747	0.2009041
ADCY1	1.37	0.2009557
CNTN5	2.52	0.2009648
LOC100506122	1.45	0.2010819
MRPL38	1.72	0.2010998
FOXL1	1.35	0.2011059
PICALM	-0.976	0.2011068
KCNAB3	0.846	0.2011503
OPRL1	0.931	0.2012082
RBPMS	1.19	0.2012239
GTF3C3	1.01	0.2012358
UCHL5	2.17	0.2012394
SAV1	-1.03	0.2012621
ITPK1-AS1	0.732	0.2012644
ATP4B	-0.722	0.2012763
FBXO11	-1.8	0.2012797
SLC35D3	-2.3	0.2013078
ANO1	-2.28	0.2013329
DNAJC2	-1.86	0.2013332
FUT8-AS1	-1.57	0.2013438
CAMK1D	-1.99	0.2013615
CALD1	0.959	0.2013991
IPO11	1.56	0.201429
TRAPPC11	-0.695	0.201438
STOM	-2.34	0.2014387
LINC00919	-1.79	0.2015059
RPUSD2	-0.868	0.2015577
TEX38	-0.705	0.2016233
LINC00663	-1.19	0.201646
DPYSL5	-0.793	0.201649
HMMR	-2.45	0.2017485
POLR2L	-0.951	0.2018047
SLC10A7	-2.52	0.2018379
TMEM69	-0.947	0.2018481
C5ORF66-AS1	3.03	0.2018504
PPP1R27	0.749	0.2018522
CTDSPL2	0.962	0.2018945
SAMD12	-2.6	0.2019133
WFDC12	2.07	0.2019512
KRAS	-1.09	0.2019807
FAM185A	0.856	0.2020915
PRKD3	-1.43	0.2021057
LINC00698	-0.725	0.2021233
CHST15	2.3	0.2021249
MTF1	0.804	0.2021671
MICALL1	-0.97	0.2021806
ZNF780B	-0.954	0.2022053
LOC728114	1.08	0.2022692
HACD2	-0.743	0.2022748
SH3PXD2B	0.784	0.2022978
DKFZP586B0319	-0.788	0.2023657
MCM7	0.815	0.2024669
MALSU1	0.704	0.2025187
CILP2	-2.13	0.2026324
EP400	-1.26	0.2026496
BMP8B	1.61	0.2026837
ZCCHC4	0.993	0.2026856
DEPTOR	-0.749	0.2027916
AGPAT3	-0.861	0.2027991
PRO2958	2.2	0.2028401
ICAM5	-0.742	0.2028489
AGAP9	-0.705	0.2028704
CCDC116	0.719	0.2028758
NBPF3	-0.993	0.2028845
ZBED5-AS1	-0.89	0.2029518
LOC101927876	-1.3	0.2029725
FYB	-1.07	0.2029985
ROPN1B	1.21	0.2031413
GALNT10	-0.721	0.2031596
STK4-AS1	-1.2	0.2031876
GYPA	-1.89	0.203201
DIAPH2	-2.29	0.2032019
HECTD1	-0.742	0.2032372
OR1J2	1.56	0.2032498
CREG1	-0.817	0.2032523
DUBR	-0.94	0.2032541
DDX60L	-1.5	0.2032727
PGM3	0.693	0.2033526
CDK9	-0.892	0.2034059
DLGAP1-AS3	2.06	0.2034266
SLC39A2	1.44	0.2034409
EFNA5	0.702	0.2034709
FILIP1	-1.43	0.2035198
SPIDR	-1.66	0.2035335
PCCB	-1.21	0.2035842
LONRF2	0.904	0.2035927
HIVEP3	0.936	0.2036144
PHF20	-1.39	0.2036304
RPS6KA2	-0.934	0.2036469
SLC38A4	1.96	0.2036648
UBXN10	-0.927	0.203711
ZFC3H1	-1.5	0.2037261
CPXM2	-0.994	0.2037305
MCM8	0.738	0.203763
NEUROG3	0.726	0.203765
HAUS6	-0.729	0.2038147
KRTAP9-4	1.26	0.2038474
ANKRD40	-1.21	0.2038718
HNRNPU	0.92	0.2039461
PRKG1	-1.99	0.2039775
GJA4	-0.78	0.203988
LPCAT4	0.862	0.2040315
MFSD3	1.11	0.204049
CDS1	1.81	0.20407
AQP6	0.732	0.2041718
ERRFI1	0.742	0.2042741
FAM83H	-1.72	0.204293
EXOSC6	-2.26	0.2043115
PSEN1	-0.952	0.2043221
DZIP3	-0.699	0.204338
B4GALNT4	0.739	0.2043759
NFASC	-1.03	0.2044571
ALG14	-0.874	0.2044702
CDA	-2.41	0.2044752
PLCB2	-0.946	0.2045133
C10ORF107	-2.85	0.2045547
UQCRB	0.767	0.2045745
NOX5	1.5	0.2046087
ATP6V1G3	0.714	0.2046836
LOC100133131	-2.17	0.2047014
EIF2AK2	-0.709	0.2047621
C20ORF27	-0.725	0.2047923
EIF2S2	1.83	0.2048533
MYL5	-0.777	0.2049424
GABRB2	2.22	0.2049499
MPND	-1.27	0.2049686
GPAT2	-1.17	0.2050029
CLINT1	2.64	0.2050131
TEK	-0.722	0.2050304
PALLD	0.748	0.2051001
LOC101928730	-2.12	0.2051059
KIFC2	0.838	0.2051993
LOC101927653	-2.02	0.2052207
CCDC88A	-1.0	0.2052331
PPP2R5C	0.902	0.2052635
SCG2	-0.69	0.2053003
BEST4	1.61	0.2053578
LINC01122	2.43	0.2054417
CASP8	1.5	0.2054445
ABCG5	1.45	0.20545
TIGD2	-0.755	0.2055187
S100G	-0.791	0.2055321
TNIP3	1.13	0.2055327
PAX7	0.747	0.2055848
KLRC3	0.822	0.2055853
SLC2A10	-0.732	0.2056936
KLRF1	-1.09	0.2056942
ACOT8	-0.727	0.2057328
SPACA3	1.02	0.2057984
GH2	1.66	0.2058102
FAM19A2	-1.59	0.205815
MIAT	0.696	0.2058206
MTMR1	-1.76	0.2058256
LINC00208	0.981	0.205837
MED7	-0.827	0.2058513
EGFEM1P	-1.49	0.2058711
LOC338963	2.2	0.2059731
ACER3	0.92	0.2059758
KAZN	0.722	0.2059798
CNTN4	2.36	0.2059855
UCK1	0.796	0.2059955
FAM198B	-1.06	0.2060093
SLC4A8	0.796	0.2060766
PYGB	-0.941	0.2060889
ITGA6	-0.777	0.2061365
GPIHBP1	-1.53	0.2061566
PPP2R2C	0.994	0.206215
C9ORF131	2.13	0.2062191
CYB5RL	-1.35	0.2062581
LASP1	-0.689	0.2062588
GNS	-0.747	0.2062707
NDUFAF2	0.739	0.2063297
LOC644656	0.781	0.2063789
MGAT3	0.686	0.2063888
LOC100287015	-0.915	0.206428
GAS2L1	0.747	0.2064466
CLDN6	1.42	0.2064691
PTGER1	0.831	0.2064777
TIPRL	1.03	0.2064854
COLGALT1	0.691	0.2065898
YARS	1.11	0.2066477
LOC105377938	-1.38	0.2066847
LOC100133089	0.827	0.2068027
ATP1A2	1.02	0.206818
ZNF330	0.684	0.2068346
LINC01442	3.18	0.2068488
RHOA	-0.742	0.2068605
GRM6	-0.764	0.206894
LRFN1	0.707	0.2069267
KLHL22	0.915	0.2069337
ESRRB	0.787	0.2070148
EVA1A	2.86	0.207057
DKFZP434E1119	0.721	0.2070788
MYOM3	1.24	0.2071104
MIA3	-2.55	0.2072087
ADARB1	-1.14	0.2072737
ZDHHC18	0.978	0.2072817
ANXA4	-0.801	0.2072911
VIPR2	0.936	0.2073542
RAB35	-0.982	0.2073752
CCNJ	0.912	0.207396
GPR85	-1.05	0.2074322
LOC100134822	-0.911	0.2074401
ABCA2	-1.28	0.207453
BCKDHB	-1.3	0.2074669
AP3B1	-0.683	0.2074843
B3GALT5	-1.6	0.2075026
RASGRP1	2.77	0.2075495
XG	0.817	0.2076212
WARS2	2.17	0.2076429
P2RY4	0.808	0.2077025
ARIH1	0.895	0.207742
AXIN1	1.61	0.2077555
CD109	-2.32	0.2077882
TSSK2	1.33	0.2078015
URI1	0.684	0.207847
DIS3	-0.765	0.207857
PTN	1.38	0.2079673
AFAP1	0.953	0.2079678
ZXDB	1.28	0.2079977
ADH1C	-1.35	0.2080031
PAGE1	2.47	0.2080031
GOT1	0.883	0.2080032
OAF	1.81	0.2080389
ZNF569	-0.69	0.2080562
PXT1	2.0	0.2080972
KLHL18	0.707	0.2081281
FAIM	-0.717	0.2081544
OTX1	-0.971	0.2083069
GRHL1	-0.919	0.2083078
RAB6B	-0.75	0.2083482
BAIAP3	0.712	0.2083993
PDE10A	1.12	0.2084224
TIA1	-0.724	0.208472
MAPT	0.718	0.2084745
ABHD13	1.13	0.2084981
LINC01142	-1.29	0.2085018
C3ORF70	-0.731	0.2086363
CHPF2	-1.86	0.2086547
MIR3976HG	1.31	0.2087023
MKRN2	-1.39	0.2087229
RECK	-1.36	0.2087292
LOC101929526	0.784	0.2087535
GTF2IP20	-2.08	0.208771
LOC283038	1.97	0.2087834
IRF2BPL	0.705	0.2088445
LOC100129129	-0.757	0.2088589
LOC105378577	-2.03	0.2088611
KDM4D	2.05	0.2089593
SIT1	-1.26	0.2089936
LOC102725343	1.5	0.2090368
HRASLS2	1.26	0.2090878
SLC1A6	3.79	0.2091221
CCNI	0.74	0.2091503
LINC00944	1.4	0.2092332
ANO9	-1.86	0.2093294
TUBGCP6	-0.708	0.2093714
UTP14A	-0.685	0.2093746
ANAPC7	-0.848	0.2093837
ATP10A	-0.739	0.2093932
LMLN	-0.71	0.2094081
LOC101927934	-0.947	0.2094438
SH3GLB1	-0.829	0.2094503
MAP1LC3C	2.17	0.2095083
SCYL1	2.35	0.2095376
LAMA2	-0.845	0.2095405
ALDH1B1	-0.917	0.2095585
MOV10L1	1.33	0.2095873
CACNG3	2.05	0.2095947
POMGNT1	-1.39	0.2095998
RSRC2	0.687	0.2096037
ZNF544	-0.724	0.2096291
APOC2	0.831	0.2097065
SLC8A1-AS1	-1.97	0.2097677
DHRS7	-0.836	0.2097997
CLIC5	-1.18	0.2098179
DGCR10	2.36	0.2098353
LRRC2	-2.0	0.2098763
CACNG8	0.964	0.2099628
VEZT	-0.812	0.2099702
EIF2B4	0.678	0.2099876
SLC17A5	0.887	0.2100952
MIR9-3HG	1.39	0.2101288
MTBP	2.18	0.2101529
KPNA4	-0.72	0.2101785
CCDC91	-1.29	0.2101968
TGM6	0.84	0.2103084
MAN1A1	-0.87	0.2103282
ZC4H2	-0.93	0.2103597
HRG	0.682	0.210376
NRAS	-0.962	0.2104236
LPAL2	-1.02	0.2104442
COPS4	-2.57	0.2104732
PTCH1	-1.05	0.2104971
FBLN1	-0.835	0.2105147
MS4A4A	-1.35	0.2105258
STARD4	0.808	0.2105491
NCKIPSD	1.15	0.2106252
MORC1	1.72	0.2106377
TM4SF18	-0.907	0.2106545
CAND1	1.33	0.2106936
TNFRSF19	-0.728	0.210737
LINC00319	1.43	0.2107576
IGSF9	0.76	0.2107801
MIER3	1.03	0.2108051
MFSD7	-1.06	0.2108085
SLC25A21-AS1	-2.27	0.2108119
ALKBH1	0.7	0.2108153
HCN3	0.8	0.2108794
PSMD7	0.702	0.2109929
WNT9A	2.2	0.2111519
ARSE	0.934	0.2111758
MRGPRX1	1.59	0.2111791
DOCK10	-1.01	0.2111847
VPS16	-1.8	0.2111917
GMPR	-1.08	0.2112004
LOC101928107	2.68	0.2112018
TIMM21	0.719	0.2112273
NEK5	-1.3	0.2112807
ZNF674-AS1	-0.744	0.2112921
USP36	-0.972	0.2113311
ZNF543	0.746	0.2113391
ZNF850	0.723	0.2113429
FAM81B	-1.63	0.2114239
LINC00851	-1.82	0.2114844
JAKMIP3	0.813	0.2115466
UTP20	-0.73	0.2116544
MNT	0.887	0.211691
FAM26F	1.38	0.211693
HSD17B7P2	-1.98	0.2117585
GNB5	1.98	0.2118523
LAMC1	-0.788	0.2119465
ATP11C	-2.45	0.2119578
LOC101928647	-1.07	0.2119637
TMEM106B	-0.692	0.2120028
ST3GAL4	0.757	0.2120201
C2ORF80	-0.702	0.212025
PFKFB3	0.887	0.2120482
FAM95A	2.33	0.2120723
FEZ1	0.71	0.2121157
APOBEC3F	-1.0	0.2121576
SNX29P2	0.8	0.2121637
CSNK2A1	0.718	0.2121738
GABRG2	1.62	0.2122337
FAM120AOS	-0.909	0.2122881
LOC105374676	1.84	0.2123654
LOC390705	2.73	0.2123983
CYLC1	2.09	0.2124181
LYRM2	-0.749	0.2124281
TSNARE1	-1.68	0.2125614
SERPINB4	-1.87	0.2125633
TPTEP1	-0.741	0.2125798
CYTH4	-1.01	0.2126369
CLIC4	-0.922	0.2126505
ZNF785	0.722	0.2126656
KHK	0.902	0.2127157
LINC00997	0.977	0.2127403
ANAPC11	1.5	0.2127631
PP14571	0.867	0.2127637
CXORF56	-0.685	0.2128329
HS1BP3	0.891	0.212963
LOC100506459	-1.27	0.2130045
FRS2	-0.677	0.2130483
PDZD9	2.39	0.2130694
CHD6	0.739	0.2130729
KCNA6	-0.686	0.2131294
PIGQ	-0.861	0.2131954
TBL1XR1	-0.942	0.2132454
ATP13A5	-1.51	0.213253
FBXL20	1.17	0.2132629
DNM1L	-0.732	0.213297
PLGRKT	-0.828	0.2133024
FBXL15	0.784	0.2133157
ZNF821	2.49	0.2133423
WDR4	0.757	0.2133509
NDC80	-2.02	0.2134195
ICMT	1.62	0.213429
SLC39A3	1.94	0.213455
FLG2	2.29	0.2134634
LYNX1	1.11	0.2134939
GCK	2.34	0.2135129
LOC101928823	2.35	0.21363
IKZF2	0.739	0.2137117
RXRG	-1.39	0.2137129
RIPPLY2	1.13	0.2137178
FDXACB1	-0.781	0.2137557
KLF7	-0.864	0.2137843
AFF4	-0.711	0.2138039
G6PD	-1.17	0.2138776
CRADD	0.715	0.2139101
LOC101928403	-1.4	0.2139234
ICAM2	-0.724	0.213928
SKIL	1.8	0.2139408
PITX1	0.957	0.2139609
RDM1	-0.752	0.2139757
IGSF3	1.16	0.2139886
HNRNPC	1.26	0.2140431
PLEKHA2	0.813	0.2140605
TMEM155	-1.65	0.2140722
LOC101927272	-1.54	0.2140969
METTL9	1.02	0.2141225
SPARCL1	-0.722	0.2141388
ADAM3A	1.08	0.214166
NOL6	-0.916	0.2142944
NDUFS7	1.78	0.2143008
HBB	-1.26	0.2143071
ZNF215	1.94	0.214336
SLAIN2	0.859	0.2143798
ZNF12	0.895	0.2143863
GPN2	-0.817	0.2143974
KANK3	-0.685	0.2144048
RIMKLB	-0.783	0.2144563
FABP4	1.18	0.214463
LOC101927526	-2.68	0.2145093
LOC283731	1.84	0.2145322
SLC4A9	2.39	0.214572
ENC1	0.69	0.2146095
ZMYM2	0.822	0.2146124
SPG11	-0.776	0.214626
RNF115	0.812	0.2146519
LOC171391	-1.72	0.2146739
GCNT4	1.66	0.2146774
KCND1	1.88	0.2147321
PQLC2L	-1.05	0.2147841
GMNN	-0.931	0.2148001
PLEKHS1	1.67	0.2148221
UTS2R	1.96	0.2149041
ULBP3	-0.879	0.2149206
LYSMD2	0.862	0.2149759
MOB1B	-0.81	0.2149924
CCDC97	1.47	0.2150307
TVP23C	-1.17	0.2150402
IFI6	-0.771	0.2150573
LMO7	-1.65	0.21506
CRYBA4	1.36	0.2151021
GON4L	-0.732	0.2151225
ZNF229	0.764	0.2151603
CD22	-0.84	0.2151899
HADH	0.775	0.2153616
LHFPL3	0.721	0.2153721
EPB41L4A-AS1	0.807	0.2154073
LOC440704	2.02	0.2155049
NCKAP1	1.09	0.2155704
DLC1	0.71	0.2156197
SH3RF3-AS1	-1.52	0.2157302
RPAP3	1.11	0.2157458
RC3H2	0.921	0.2157541
PIP4K2C	0.728	0.215782
FAN1	-0.947	0.2157878
CABP2	1.24	0.2158058
INO80D	0.676	0.2158139
TOB2	0.721	0.2158692
LYPLA2	0.695	0.2158819
LOC574538	0.92	0.2158859
NFATC2IP	0.717	0.215893
CLEC2B	0.847	0.2159232
NSFL1C	-1.54	0.2159573
ANKRD53	-1.05	0.2159905
DDN	0.863	0.2160421
DOLK	-0.807	0.2161371
BET1L	-2.19	0.2161716
ZSCAN26	-0.744	0.2161939
ZNF143	0.771	0.2163017
LOC100505727	-0.856	0.2163145
IDNK	-0.734	0.2163791
MOG	-1.36	0.2164345
LOC102723661	0.866	0.2164635
ARHGAP21	-0.825	0.2164868
FGD2	-0.717	0.2165
CRYBB3	0.757	0.2165051
KIAA0100	-0.691	0.2165519
CRAT	-1.31	0.2166086
SH2D2A	0.999	0.2167075
RAD18	-1.58	0.2167884
ZP4	0.699	0.2168249
DAGLA	-2.46	0.2168485
MANBA	0.67	0.2168562
LOC101929497	-0.691	0.2168583
DNAH14	-1.46	0.2169282
CD59	-0.69	0.2169411
LAMTOR5-AS1	-1.69	0.2169763
TMEM52B	-1.63	0.2171225
TCONS_00029157	1.38	0.2171931
SNAP25	2.5	0.2171933
COPB2	0.815	0.2172555
GREM1	1.1	0.2172688
TNR	-2.04	0.2172719
LMCD1	0.964	0.2172999
PPP2R3A	-1.06	0.2173023
UACA	-2.1	0.217355
ZNF85	-1.1	0.2173591
MAZ	-2.16	0.2174255
LINC00665	0.892	0.2174263
GNAQ	0.667	0.2174851
PRKCD	-1.55	0.2174852
CXCL17	-1.7	0.2175728
CCKBR	1.36	0.2176038
TIPIN	-0.719	0.2176084
INTS10	-0.688	0.2176143
ODF4	0.76	0.2176207
TMPRSS4	0.857	0.2177431
GRTP1	-0.877	0.2177819
DNM2	-1.47	0.2178677
FAM171B	0.928	0.217923
GLIS1	-1.47	0.2179349
REST	1.49	0.2179557
ZNF292	-2.15	0.2179602
DHRS1	0.788	0.2179622
CDCA8	1.2	0.2179649
TP63	1.39	0.2181307
KDM8	1.7	0.2181512
SEC24A	-2.93	0.2182458
RECQL4	0.745	0.2182526
ZNF710	0.826	0.2183014
OLFML3	-0.669	0.2183174
FGF22	1.5	0.2183324
COL26A1	1.44	0.2183665
ADH6	-1.53	0.2183848
KLK12	-1.0	0.2184431
SZRD1	-0.821	0.2185434
LOC100996654	-2.39	0.2186467
AQP3	1.47	0.2186647
ZDBF2	1.11	0.2187431
RNF220	0.689	0.2187442
LHX4	1.12	0.2187518
PCP2	0.717	0.2187745
FER1L4	0.734	0.2188111
RIT1	0.763	0.2188271
ENKUR	-1.54	0.2188805
EFCAB14	-0.771	0.2190246
UBXN7-AS1	-1.37	0.2190429
FSCN1	-1.02	0.2190674
PLAGL1	-0.692	0.2191335
MUC19	1.65	0.2191936
FGR	-0.708	0.2192146
BANP	0.952	0.2192254
ARPP19	0.68	0.2192541
FLJ16734	0.926	0.2193122
NBR1	-0.736	0.2193182
SGMS1	-0.831	0.2193343
ACTL6B	2.65	0.2193375
SP3P	1.26	0.2194316
RGS16	0.707	0.2195055
OXNAD1	0.746	0.219522
ZNF596	-2.33	0.2195236
LOC100506813	-1.36	0.2195374
TRIM61	0.913	0.2195483
SERTAD3	0.941	0.2195788
SLC38A10	1.62	0.2196305
CPNE1	0.756	0.2196373
DNMBP	1.68	0.2196774
AR	-0.705	0.219697
C3	-0.896	0.2197189
SDCCAG3	-0.898	0.2197537
FHL1	-0.76	0.2198548
REPS1	-0.719	0.2198564
TMED1	0.747	0.2198583
PIN1	-0.773	0.2199138
USP12	-0.926	0.2199295
ZNF662	-0.675	0.2199652
NDUFAF4	0.941	0.2200321
HAGHL	0.722	0.2200337
SMARCE1	-1.21	0.2201016
TMEM246	0.702	0.2201241
PCDH11X	0.927	0.2201277
PARP14	-0.791	0.2201379
NDST3	1.06	0.2201771
KLLN	1.73	0.2202036
HPS1	0.863	0.2202135
C1ORF234	-1.43	0.2202494
LOC100289061	1.12	0.2202518
NPL	-0.863	0.220277
GNRH2	1.4	0.2203421
PLAUR	0.752	0.2203507
DDX23	0.725	0.2203552
LOC339685	1.63	0.2203629
TOR3A	-0.661	0.2204023
OPA3	0.879	0.2204307
LOC101929705	1.06	0.2204358
LOC441454	-1.72	0.2204425
HEPH	-1.09	0.2204902
LRRC66	1.17	0.2205002
LOC101929741	1.94	0.2205422
UBE3A	1.57	0.2206006
STRIP2	-0.774	0.2206154
LOC101929123	0.911	0.220627
SYNGR1	0.695	0.2206854
LOC285857	-1.98	0.2206951
SELP	1.27	0.220823
TRAFD1	1.56	0.2208276
CARD8-AS1	-1.47	0.2208415
KIN	-1.61	0.2208779
TPRA1	0.886	0.2209496
WAS	-1.65	0.2210026
DHTKD1	-0.91	0.2210058
ALG1	-0.681	0.2210113
FAM101B	0.995	0.2211306
LOC100507630	1.27	0.2211402
IL2RB	1.84	0.221159
AKIRIN2	0.74	0.2211856
ERGIC1	0.661	0.2211877
TRPV6	-1.58	0.2211934
UBN1	1.56	0.2212086
TNFRSF11B	0.991	0.2212223
LOC100507395	0.663	0.2212318
TTC23L	2.14	0.2213378
SNORA74A	-1.33	0.2213591
MINK1	0.842	0.2214566
PTK6	-0.698	0.2214892
SP8	1.09	0.2214944
FAM3B	-2.38	0.2215142
NPHP4	1.4	0.2215296
LOC100506022	-0.85	0.2215447
SGK494	0.807	0.2216394
ATP2B2	1.5	0.2216691
CEACAM4	-1.68	0.2216815
LOC729683	-0.68	0.2217643
BRD7P3	0.672	0.2217808
IFNLR1	0.67	0.2217923
DDX51	0.955	0.2217934
G6PC2	0.929	0.2217966
GGT7	1.32	0.2217993
CSF1	-1.8	0.2218063
PYGL	-0.791	0.2218107
BTBD7	-1.18	0.2218205
RANGAP1	0.714	0.2218342
RPS29	0.74	0.2218515
OSBPL11	0.981	0.221854
PRUNE1	0.692	0.2219455
UNC5B	0.75	0.2219928
DXO	0.702	0.222036
CXCR4	1.08	0.2220903
FAM111B	1.8	0.2220926
IGHV1-69	-1.42	0.2221184
ANKRD42	-0.766	0.2221218
RSPO2	-2.44	0.2221359
HRCT1	-0.833	0.2221662
TMEM87B	-0.698	0.2221793
TRPM3	-0.975	0.2221862
ZNF503	1.37	0.222211
SLAIN1	-1.09	0.222234
TTPA	0.671	0.2222475
PEX2	0.853	0.2222997
SERPINA2	1.51	0.2223031
TMC1	-2.59	0.222312
ERVFRD-1	-0.78	0.2225616
SARS	0.765	0.2226013
HMGB1	0.666	0.2226312
GPR132	1.08	0.2226683
DUSP16	0.661	0.2227246
SVOPL	-1.91	0.2227898
THUMPD3	-0.698	0.2228209
LINC01448	1.1	0.2228427
ZFP3	-0.723	0.2229566
CDCA4	0.842	0.2229628
SLC48A1	-1.09	0.2229902
DIRAS2	-1.94	0.2229902
LOC105371038	1.77	0.223078
LOC101928386	-1.39	0.2231106
GIGYF1	0.791	0.223154
TMEM230	-0.698	0.2231912
ERCC6L2	-0.937	0.2232064
TMEM235	-1.14	0.2232215
MMP16	0.848	0.2232834
CFAP74	-1.6	0.223304
ADAMTS18	2.19	0.2233229
MLK7-AS1	1.2	0.2233637
APOOL	0.672	0.2234684
MYLPF	0.786	0.2235264
FBRSL1	0.714	0.2235429
CYAT1	0.816	0.2235886
PIH1D2	-1.57	0.2236211
GREB1	-2.01	0.2237189
LOC101927534	-0.665	0.2237201
SLC38A6	-0.747	0.2237393
HIST1H4G	-0.807	0.2237416
TEAD2	0.819	0.2238074
SMAD1-AS2	-2.14	0.2238082
TFPI2	-1.14	0.223816
IAH1	1.73	0.2238188
OGG1	-0.909	0.2238565
USP3	1.29	0.2238571
NUCKS1	0.676	0.2238821
LINC00545	0.658	0.2238975
RUVBL2	-1.31	0.2239503
IL1R1	-1.26	0.2239611
COL15A1	-1.68	0.2240286
QDPR	0.837	0.2240893
MBOAT2	-0.901	0.2240981
CDC42	1.04	0.2241216
LOC100126784	1.3	0.2242022
NOM1	-0.869	0.2242156
CTSA	-0.777	0.224238
CCL26	-1.19	0.224252
LOC101930608	1.17	0.2242576
SNX4	-0.663	0.2242603
FOXN4	-1.31	0.2242757
CHURC1	-0.89	0.2242936
COPRS	0.742	0.2242956
SPATA5	-1.07	0.2243355
TANK	-0.684	0.2243441
AQP5	-0.678	0.2243777
MATN1	0.839	0.2244216
LOC105374989	1.98	0.224538
ZNF649-AS1	1.52	0.2245545
LOC101927286	2.42	0.2245578
LINC00161	1.37	0.2245789
C9ORF47	-2.61	0.2247064
AKAP8	0.67	0.2247201
CHST11	0.731	0.2247339
ARHGAP27	-1.0	0.2248358
SYT4	2.12	0.2248462
KNG1	-1.01	0.2248788
LOC101930067	-1.59	0.2249265
DAAM1	0.816	0.2249577
DHRS11	-0.783	0.2249973
DLG3	0.763	0.2250535
PRR16	0.68	0.2250668
CSRNP1	0.852	0.2250875
ADD3	-0.864	0.2250914
LMOD3	-1.92	0.2251554
ADCYAP1	2.97	0.2252623
IFT57	-0.744	0.2252796
BCR	-0.779	0.2252908
DBIL5P2	1.46	0.2253355
C17ORF58	-0.727	0.2253763
TMEM145	1.29	0.2254398
WASL	0.897	0.2254591
GNA11	0.723	0.2254734
PCDH9	-0.889	0.2255258
C2ORF69	0.654	0.2255488
C5ORF66	-0.665	0.2255582
GJD3	0.725	0.2255795
SNTG1	-1.63	0.2255934
PARVA	-1.82	0.2256653
TRAK1	-1.24	0.2256721
DFFB	0.735	0.2256857
CARS	1.03	0.2257057
ONECUT3	1.01	0.2257731
LOC101930026	0.884	0.2258698
LOXL1	-2.2	0.2259726
ZNF672	-1.82	0.2260364
IQSEC3	1.71	0.2260794
LACTB	0.715	0.2260834
NEU2	2.01	0.2261417
PAFAH1B2	1.79	0.2262201
TRPC4AP	-0.704	0.2262862
LMX1B	0.756	0.2263711
PCDHB6	-0.671	0.2263765
ZNF444	-0.836	0.2264035
HESX1	-2.32	0.2264062
RHPN1-AS1	0.691	0.2265001
LUC7L	0.656	0.2265004
RNF31	-0.982	0.2265017
CYP8B1	0.686	0.2265104
LOC84843	0.668	0.226541
FOXP1-AS1	0.717	0.226647
LOC105375075	-2.62	0.2266671
CDC42EP4	-0.898	0.2267468
KIR2DL4	-1.6	0.2267534
TREML1	1.6	0.2268232
KAT6B	-0.808	0.2268259
RBM19	-0.711	0.2268491
MESDC2	-0.708	0.2268846
PPARD	-1.7	0.2269523
BFSP2-AS1	0.993	0.2270099
RAB3GAP1	0.66	0.227044
PKHD1	1.51	0.2270597
TTBK2	0.681	0.2270664
RSL24D1	0.669	0.2270828
TMEM151B	-0.72	0.2271288
GABRA4	-1.05	0.2271356
JARID2	2.23	0.2271694
MOB3A	-0.763	0.2271988
NOXA1	-0.684	0.2272273
WNT11	1.31	0.2272337
BIRC5	-1.9	0.2272438
SH3GLB2	-0.817	0.227276
NUP88	1.52	0.227277
COQ2	1.04	0.2273294
CCDC155	0.706	0.2273769
ARNTL2-AS1	2.04	0.2275087
ZBTB21	0.759	0.2275362
ADAMTS14	-1.53	0.2275482
FCHSD2	1.13	0.2276071
PNLIPRP1	2.12	0.2276694
F5	-0.847	0.2276845
UCN3	1.88	0.2277329
NPY2R	-1.97	0.2277444
IFNB1	1.59	0.2277755
LOC101926997	-1.63	0.2277824
AVL9	-0.763	0.2278354
ZNF503-AS1	-1.67	0.227845
PANK1	1.29	0.2279224
RBBP4	0.676	0.2280268
LOC102724714	1.28	0.2280813
MIR17HG	-1.97	0.2280976
LOC101927314	-1.01	0.2281539
SLC38A7	-1.31	0.2281709
NUB1	-1.9	0.2282116
ATP6V1G1	0.682	0.2282512
IL13RA1	-0.993	0.2282536
LOC645261	-1.83	0.2282646
SEC22C	0.854	0.2282684
SETD5	0.686	0.2283196
SMURF2	0.68	0.2284303
MYNN	0.762	0.2284996
EIF4G2	0.814	0.2285014
DNASE1L3	-0.845	0.2285168
SF1	-0.758	0.2285208
PPP1R21	-0.655	0.2285669
ERMARD	-0.675	0.228603
SHROOM4	-1.91	0.2286254
HMGB2	-1.14	0.2286308
PBX1	-1.49	0.2286374
RSPH3	-1.18	0.2286565
FZD3	0.859	0.2287012
PASD1	-1.2	0.2287101
LOC101927494	-2.03	0.2287302
EPHA8	-1.05	0.2287342
ACYP1	1.01	0.2287649
SPRED2	1.63	0.2288058
MBD1	1.04	0.2288184
NAGA	-0.688	0.2288274
LOC101927164	-1.65	0.2288545
SLC43A1	-0.712	0.2288779
C6ORF58	0.826	0.2288904
SOS1-IT1	0.902	0.2288956
PRKCI	0.983	0.228942
LOC400568	1.67	0.2290072
SRI	-0.785	0.2290341
LINC00606	1.32	0.2290597
CXCR6	-0.794	0.2291138
SLC5A2	-1.1	0.2291198
LOC285300	-1.3	0.2291448
GLB1L2	-1.87	0.2291813
LOC728175	1.44	0.2292893
MIRLET7BHG	-0.804	0.229386
PTRH2	0.656	0.2294119
PLEKHA1	-0.692	0.2295483
OLFM1	1.06	0.2295571
LOC339666	-0.971	0.2295861
POGK	0.651	0.2296273
EMILIN2	0.748	0.2296648
LINC01187	-1.68	0.2296865
NUP155	-0.699	0.2297921
XPNPEP3	1.04	0.2298218
TGM1	0.918	0.2298235
OTUD5	-1.72	0.2298244
LINC00959	-0.656	0.2298404
COG8	0.655	0.229867
LOC339975	1.47	0.2298991
WDR89	0.723	0.2299594
MIOS	-1.04	0.2300166
PRTFDC1	-1.1	0.2300179
NR1D2	1.21	0.2300385
B4GALT5	0.725	0.2300563
PEX7	-0.71	0.2300574
UCP1	-0.716	0.2301775
ZFP28	-0.662	0.2302058
USP7	1.57	0.2302793
TEX12	1.98	0.2302857
BCL2A1	1.1	0.230462
MRPL12	1.0	0.2304776
C16ORF72	0.702	0.2304911
NRIP3	0.97	0.2305377
LOC645984	-1.21	0.2305707
BMP7	-1.06	0.230582
B3GALT1	1.42	0.230588
SS18L1	0.794	0.2306902
HYPK	0.663	0.2307073
SPINT1	-0.655	0.2307159
CTBP1	0.74	0.2307335
KIAA1211L	0.929	0.2308114
CNOT4	0.728	0.2308299
SFMBT2	0.888	0.2308512
LOC440934	0.654	0.230865
LINC01490	1.64	0.230918
CLRN3	1.15	0.2309216
GMIP	-0.948	0.230952
TAS2R1	-1.33	0.2310034
ADAMTS8	-0.674	0.2311353
ARRB1	-1.92	0.2312077
HTRA4	2.5	0.2312681
LEF1	-0.714	0.2313708
MRPS26	1.88	0.2314026
EPHX3	-1.2	0.2314119
MRS2	2.86	0.2314876
PAPOLB	2.48	0.2315045
APOA2	-2.24	0.231521
NLRP14	-1.42	0.2316045
LOC100506860	1.22	0.2316082
C4ORF45	1.92	0.2317127
KIF23	0.864	0.2317579
ODF3L1	-2.37	0.2318131
LINC01333	-1.98	0.2318229
MAGI1	0.643	0.2318356
GDF11	0.704	0.2318534
MORN3	-1.04	0.2318555
MRPS25	-0.66	0.231865
LOC101928291	0.728	0.231899
NUDCD1	1.09	0.2319319
GRIP2	0.766	0.2319331
KRT78	1.63	0.2319419
GSAP	-1.02	0.2319453
MYEOV	-1.6	0.2319556
ZDHHC4	-0.748	0.2319764
LINC00641	-1.41	0.2320863
TRIP11	-0.727	0.2320946
KIF26B	-0.716	0.2321454
ZNF2	0.686	0.2321648
ADAMTS2	1.66	0.2321913
KBTBD3	0.848	0.2322357
LOC101928725	-1.05	0.2322643
DNA2	0.77	0.232294
GYPE	-1.64	0.2323588
PNPLA2	-0.944	0.2324039
OPA1	0.712	0.2324179
DOHH	0.693	0.2324297
TSPAN2	-1.19	0.2324543
NOG	1.31	0.2324929
SERPINI2	-0.647	0.2324974
CAP1	-0.682	0.2326178
PPM1N	1.83	0.2326588
OSCAR	0.982	0.2326672
POLG	0.739	0.2326844
ZC3H3	0.882	0.2326997
LOC101927829	0.942	0.2327896
CCDC150	1.74	0.2328368
FAM47A	1.8	0.2329167
QPCT	-0.696	0.2329462
ADAP2	-1.19	0.2329541
ERVMER34-1	2.71	0.2329817
FANCA	-1.8	0.2329956
MAVS	-0.785	0.2330295
FSHR	0.848	0.233045
PRTG	-1.04	0.2330586
TMED3	2.26	0.233076
LOC728730	0.909	0.2331356
SEC61A2	1.04	0.2331438
LINC00693	-1.36	0.2331765
HNRNPUL2	0.715	0.2331895
MOSPD2	-0.793	0.2332172
ABHD11	1.24	0.2332286
LINC01587	0.955	0.23329
CABLES1	-1.72	0.2333719
NT5DC1	-0.84	0.2333876
DUT	0.787	0.2334059
LOC101927244	0.65	0.2334541
NOL9	-0.738	0.2334742
DNAJC9	1.18	0.2335484
EBI3	-2.03	0.2335594
LOC105369635	0.767	0.2335604
KIAA0141	-0.666	0.2335792
SPOUT1	0.746	0.2335847
GUSBP11	1.3	0.2335941
GRN	-0.652	0.2337073
ESM1	-2.24	0.2337361
ADCK5	-1.03	0.2337567
LRRC37A7P	0.737	0.2338308
BCL2L11	1.17	0.2338848
KRTAP5-8	0.851	0.2338898
USE1	0.858	0.2338935
LINC01366	1.73	0.2339568
MOV10	-0.844	0.2339652
BIRC3	-0.893	0.2339857
HRK	-1.92	0.2340355
TCF25	2.23	0.2341219
LOC100507670	1.62	0.2341759
CBX3	0.691	0.2342188
LOC101928278	1.87	0.2342334
EPB41L2	-0.884	0.2342385
NOC2L	-1.26	0.2342475
PTK2	-0.86	0.2343008
ZNF443	-1.6	0.2343258
LOC101928111	0.944	0.2343787
LINC00960	2.23	0.2344873
ZNF224	0.662	0.2345055
AGK	2.93	0.2345307
ITGA2B	-1.55	0.2345867
SPG7	-1.21	0.2346173
CCZ1B	-1.14	0.234629
CKS1B	0.64	0.2346592
CPQ	0.778	0.2348487
ANKRD37	1.19	0.2348815
PSG2	2.46	0.2349135
ZFP36L1	-0.877	0.2349398
CARF	0.789	0.2349418
SRMS	-1.43	0.2349877
EPHA1	1.42	0.2350252
NACA	0.646	0.2350448
ARHGEF11	-0.657	0.2350521
PADI3	0.958	0.235069
CEP89	-1.89	0.2350758
NIPA2	-0.696	0.2350914
MGAT4C	-0.643	0.2351266
IGK	0.894	0.2351616
SLC35G2	-0.78	0.2351916
COPZ2	-0.909	0.2352188
CHRNA4	0.911	0.2352454
SLC22A17	0.733	0.2353067
NFX1	-0.78	0.2353081
RHBDL1	1.69	0.2353207
TMTC1	-0.855	0.2354216
MED12	-1.39	0.2354476
GID8	0.634	0.2354619
TLE6	1.23	0.2354689
TMEM168	-0.887	0.2356065
SAFB2	0.806	0.2357078
PRKDC	-1.76	0.2357642
NUP43	-1.68	0.2357649
DNM3	0.731	0.2357813
CLK4	0.641	0.2358687
VMA21	1.84	0.2359098
LOC101927237	1.93	0.2359608
PCGF5	1.93	0.2359628
RNF24	0.652	0.2360383
GALNT15	-1.33	0.2360657
NADK	0.707	0.2360739
CKB	0.648	0.2360748
SFSWAP	-0.662	0.2361007
DNTT	-1.44	0.2361022
TMEM262	0.881	0.2361291
SULF1	-0.919	0.2361923
CPVL	0.828	0.2362255
MYCN	1.94	0.2362295
ETS1	-1.23	0.2362689
LOC100506731	1.46	0.2363021
HEY2	-1.01	0.2363118
KIAA1661	-1.35	0.2363161
SLC9A8	-0.675	0.2363412
FBXO38	-1.1	0.2363455
DAB1-AS1	1.79	0.2363561
SPRR2B	-1.55	0.2363689
DDC-AS1	2.29	0.2363814
PCDHGC5	2.38	0.2364355
CPEB1	0.659	0.2364567
CRX	1.19	0.2364601
TRPA1	2.08	0.2364668
CR1	1.01	0.2364672
IGF2-AS	0.678	0.2365044
RAD23B	-0.661	0.2365121
NEB	-0.836	0.2365134
EPHA3	-1.46	0.2365759
C22ORF42	-1.3	0.2365898
GOLGA6L6	1.59	0.2366139
CUL5	-1.81	0.2366218
SLC2A1	-1.67	0.2366717
PLEKHA8P1	0.758	0.2367476
THEG	1.44	0.2367578
ARL3	0.795	0.2368572
PER4	-1.76	0.2368769
PYGM	0.929	0.2369023
LOC102724880	-2.12	0.236938
JCHAIN	2.7	0.2369408
DCTN4	1.1	0.2369596
POMK	1.17	0.2370328
LRRC37BP1	-1.17	0.2370862
TMCO5B	0.971	0.2371091
LOC101928327	1.34	0.2372101
PACRGL	-0.744	0.2372106
ACY3	1.61	0.2372518
NIT1	-1.82	0.2372599
TRPC5OS	-3.17	0.2372808
LOC100505782	1.87	0.2372981
HUWE1	1.6	0.2373633
EXO5	-2.05	0.2373722
ZNF703	-1.71	0.2374094
HNRNPK	-0.712	0.2374464
USP16	-0.693	0.2374625
LOC729732	0.765	0.2374676
PDE6A	-1.85	0.2375259
CALML3	-1.21	0.2375656
ALG12	-1.63	0.2375774
TNFAIP8	1.37	0.2376067
DRP2	-0.841	0.2376967
MIER1	0.898	0.2377477
NID1	-1.32	0.2377515
UBAC2-AS1	-1.12	0.237775
LOC100128108	-0.753	0.2378095
RP1	1.7	0.2378251
CDC42EP5	-1.36	0.2379314
IPP	-0.866	0.2381405
FATE1	0.663	0.2382863
LINC01010	-1.02	0.2382932
RNASEH2B	-0.752	0.2383255
PPP1R3E	0.694	0.2383326
CTD-2350J17.1	2.31	0.2383362
STRA6	-2.08	0.2383755
TBC1D30	-0.877	0.2383916
PLA2G4C	1.01	0.2384327
SEMA6C	1.7	0.2384742
RYK	-0.719	0.2385531
ZNF839	-0.758	0.2385747
ABCC8	-0.878	0.2385776
KLF15	-1.22	0.2386848
LINC01255	2.28	0.2387415
SAT2	0.638	0.238745
OR7C2	0.656	0.2387624
CCSER1	0.845	0.238781
AHCYL1	0.864	0.2388077
MRPL2	0.708	0.2388262
ALAD	-0.725	0.2388335
LOC400794	-1.05	0.2388496
SERPINB1	-0.849	0.2389058
DLGAP2-AS1	0.874	0.2389098
KCNA4	-1.56	0.2389232
ANKLE2	0.797	0.2389298
NLRC5	-0.631	0.2389522
MDM4	-0.659	0.2389934
HERPUD2	-0.653	0.2390692
SLC25A51	0.834	0.2390771
MCL1	-0.75	0.2390816
ITGBL1	1.58	0.2391468
HDGFRP3	0.65	0.2391637
KIAA1804	1.37	0.2392538
MSANTD1	-1.1	0.239287
MSMB	1.34	0.2392931
PGM5	-1.02	0.2393643
LOC374443	-1.09	0.2393992
CFAP47	-0.916	0.2394151
ZNF124	0.712	0.239477
BDH1	-0.981	0.2394809
LOC102606465	-1.09	0.2395126
ZNF234	-1.27	0.2395461
CHD2	1.24	0.2395562
NFE2L3	-0.878	0.2396165
ABHD1	0.848	0.2396247
GINS2	-0.63	0.2396869
ACOT4	-0.766	0.2397141
MMAA	-1.86	0.239758
FBRS	-1.35	0.2397622
BMP8A	-1.86	0.2397676
GLTPD2	1.2	0.2397703
FAM13A	0.995	0.2397855
RASGRF1	1.18	0.2398963
C20ORF96	1.81	0.2399356
MAP2K4	0.766	0.2399603
DCAF17	-0.763	0.2399803
OR1Q1	0.783	0.2399994
ZNF79	1.06	0.2400691
ANKRD22	-1.16	0.2400704
COL28A1	-0.807	0.2400856
SLC25A31	-1.03	0.2401265
LOC101927310	1.92	0.2401481
KCNB1	-0.874	0.2401533
LOXL2	0.858	0.2401559
U2AF1L4	1.19	0.2401808
DR1	0.673	0.2401966
LINC01487	1.36	0.2401976
CSE1L	1.14	0.2402403
NEDD8	-0.669	0.2402785
FUK	-0.711	0.2403095
TPX2	-1.32	0.2403218
PPA2	1.05	0.2404022
JDP2	0.813	0.2404773
LINC01541	-1.7	0.2404916
ADAT1	-0.703	0.2405737
LINC00616	-0.641	0.2405958
GRPEL1	0.632	0.2405978
SDHC	0.637	0.2406254
KMT2A	-0.801	0.240664
DENND4A	0.685	0.2407565
SUCLG2-AS1	-1.16	0.240764
LOC100133461	1.7	0.2407717
FOXC1	-0.866	0.2408696
LOC100128239	1.7	0.2408956
MERTK	1.87	0.2409239
USP25	0.764	0.2409543
LOC101929734	0.626	0.2409721
TBCEL	0.754	0.241
NEK8	0.642	0.2410033
EPS8	-0.788	0.2410056
RCAN1	1.82	0.2410369
LOC100505851	1.95	0.2410967
LOC79999	1.91	0.2411519
P2RX6	-1.36	0.2411758
FLJ32154	1.21	0.2412922
SIRT1	0.818	0.2413041
IGHV5-78	1.55	0.2413241
LRRK1	-0.991	0.2413816
LILRP2	-1.9	0.2414047
MARVELD1	-1.17	0.2414119
SPRED1	0.834	0.2414548
POLR3F	0.68	0.2414609
STYX	-0.85	0.241486
EXOC7	-0.797	0.2414885
SORL1	-0.805	0.241495
ATF6	0.748	0.2415226
FLJ10038	1.12	0.2416108
ADCY5	1.22	0.2417919
KCND3	-0.818	0.2418186
CLEC4G	1.17	0.2418251
ZNF559	-0.826	0.2418786
ZNF148	0.869	0.2418998
TAPBP	1.94	0.2419202
DNAJC12	1.05	0.2419988
PMS2P1	-0.647	0.2420036
VAMP4	0.653	0.2420093
CHM	0.68	0.2420252
TMSB4Y	1.81	0.2420811
LOC283075	1.65	0.2421763
ADAMTS16	1.25	0.2421792
SLC22A5	0.627	0.2421852
LOC284240	1.97	0.2422331
TST	-0.925	0.2422366
ATF4	0.644	0.2422501
LOC101928271	1.68	0.2422662
SULT4A1	1.23	0.2422736
RCAN3	-2.24	0.2422782
PPRC1	0.625	0.2422802
ATXN1	0.726	0.2422946
HEATR1	-0.823	0.2422967
C10ORF99	1.82	0.2424435
LINC00311	0.828	0.2424634
LOC101927537	0.697	0.242481
SLC25A16	0.644	0.2424997
PPM1B	0.711	0.2425287
APLNR	-1.96	0.2425653
GRIK4	-0.794	0.2426251
CBFB	-0.931	0.2426499
FAM135A	-0.892	0.2426749
LOC100505622	-1.1	0.2426861
WDSUB1	0.631	0.2427363
LINC00427	-1.21	0.2427776
MFSD1	-0.704	0.2427843
SFXN2	1.58	0.2427924
PIRT	1.34	0.2428047
FZR1	-0.851	0.2428476
GMEB1	0.757	0.2428509
LINC01547	-2.18	0.2428613
C12ORF50	0.872	0.2429521
GMPS	0.688	0.2429608
SOCS6	-0.623	0.2429858
OARD1	-0.64	0.2429985
HDAC11	-0.829	0.2430011
YTHDC2	-0.66	0.2430045
EIF5B	-0.678	0.2430689
ZNF184	0.72	0.2431974
SMAD9	-0.794	0.2431996
TBX15	-1.75	0.2432132
C7ORF62	1.36	0.2432652
DHX30	0.697	0.2432798
C11ORF65	-1.93	0.243286
HLA-DMA	-1.41	0.243289
SIAH1	-0.939	0.2433276
EGLN1	0.707	0.2433282
AP4B1	1.67	0.2433556
DCAF5	-0.929	0.2433653
SMCHD1	1.29	0.2433765
LCAL1	1.04	0.2433998
FUT10	0.873	0.2434613
DPH5	-0.643	0.243566
FCGRT	-0.651	0.2435666
HOXA11	1.09	0.2435721
C14ORF159	0.764	0.2436308
GIPC2	2.55	0.2436775
NAT8L	0.75	0.2437412
SRRM4	1.94	0.2437549
GNAI2	-0.709	0.2438717
APOE	-0.699	0.2438751
CALR	-0.709	0.2438895
AZI2	0.871	0.2438983
TMIGD2	0.625	0.2439201
C17ORF64	-1.23	0.2439928
RRS1-AS1	1.74	0.2441143
PON3	-0.694	0.2441155
WNT2B	0.654	0.2441479
PTPRS	1.75	0.244162
TAF6L	-1.22	0.2441867
S100B	-0.978	0.2441994
STK11IP	0.814	0.2442367
F11R	-0.784	0.2442793
DENND1B	0.628	0.244401
EXOC8	-0.716	0.244425
SZT2	0.849	0.2444483
CPSF6	-0.632	0.2445057
FBLIM1	-1.84	0.2445075
PTGES2	0.649	0.2445553
MPHOSPH9	-1.36	0.2446107
LMBRD1	-0.65	0.2446334
TMEM237	-0.712	0.2446729
KRTAP1-5	-1.38	0.2446868
RNF212	1.49	0.2448586
MED26	1.41	0.244872
RANBP17	-2.29	0.2449065
NPRL2	0.686	0.2449302
NPY1R	-0.924	0.2450016
TMEM71	-3.06	0.2450269
IL9R	1.48	0.2450915
CYP2C8	2.11	0.2451347
LUZP1	0.686	0.2451632
PROX1	0.705	0.2452072
SOCS4	-0.777	0.2452492
CKS2	1.32	0.2452543
WRNIP1	0.821	0.2453214
RIPK1	-0.627	0.2453317
PDLIM2	-1.12	0.2453649
ZAK	-0.857	0.2453752
KRTAP5-2	1.49	0.2453927
API5	-0.863	0.2454663
HSD17B14	0.635	0.2454974
LOC652276	1.23	0.2455057
LOC554206	1.52	0.2455348
PCED1B-AS1	-0.659	0.24554
PRND	-0.927	0.2456429
SLC17A7	2.76	0.2456797
C14ORF105	0.742	0.2457677
DLGAP4	1.57	0.2457936
RAB21	0.743	0.2458049
LOC728073	0.708	0.2458278
PAG1	1.0	0.2458294
PDZD2	-1.15	0.2458324
PCDH10	-0.773	0.2458679
TECTA	-2.01	0.245922
ZNF326	0.629	0.2460103
RSBN1	0.792	0.2460391
CHCHD5	-0.948	0.2460564
MOGAT1	-2.39	0.2460674
SPSB1	0.776	0.2460876
NTMT1	0.733	0.2461161
ARAP3	-1.44	0.246144
OLIG2	-0.837	0.2461618
LOC654841	-1.77	0.2461927
BRWD1	0.674	0.2461928
DCUN1D1	0.762	0.2462124
INHBC	0.657	0.246244
OR1C1	1.42	0.2462692
LOC105372953	-1.41	0.2463043
TIMM22	0.689	0.2463736
GALM	-0.774	0.2464712
LINC00544	1.24	0.2465935
ZNF226	0.722	0.2466023
WDR38	1.01	0.2466241
CARMN	-1.94	0.2467012
PDE4D	1.46	0.246728
ZNF683	0.679	0.2467292
SPTAN1	-0.664	0.2467308
ZBTB38	0.908	0.2468081
NDUFA3	-0.713	0.2468264
MAJIN	-1.22	0.2469005
LOC101928651	1.67	0.2469128
TNS2	-0.629	0.24696
TMEM238	1.14	0.2469614
LOC101927657	2.72	0.2469651
RPL37A	0.726	0.2470001
CRTC1	0.706	0.2470017
NFE2L1	-0.626	0.2470863
RBM15	0.749	0.2471101
TROVE2	0.616	0.2471414
LINC00092	-0.674	0.2471509
ABCB6	-0.645	0.2472005
TMEM37	1.64	0.2472309
CAST	-0.835	0.2472362
VCPIP1	0.662	0.2472455
CYLD	-0.645	0.2473373
REXO1	1.65	0.2474016
IL2RA	-1.05	0.2474114
CNST	-2.35	0.2474812
MKRN7P	-2.03	0.2475457
VSTM2A	0.632	0.247601
MAGEA11	1.94	0.2476016
UNC80	2.08	0.2476034
TEX37	0.885	0.2476339
NSL1	-0.716	0.2476518
MOB1A	0.748	0.2476525
C15ORF40	-0.985	0.2476659
ZNF236	-0.993	0.247799
GAS6	0.627	0.2478239
THEM4	-1.24	0.2478355
CHADL	-0.995	0.2478486
RARS2	1.77	0.2479169
MARCH8	2.1	0.2479192
KLF8	-1.9	0.2479271
CYB5R4	0.615	0.2479523
ALKBH3	0.623	0.247978
BEST1	-1.42	0.2481344
LACE1	-1.83	0.2482048
NRBF2	0.647	0.2482152
MIR4300HG	2.05	0.2482558
CASK	0.872	0.248298
CALHM3	1.92	0.2483154
CCDC114	1.46	0.2483639
SERPINB10	-1.23	0.2484029
POLDIP3	1.16	0.2484465
AOC3	-1.83	0.248464
LINC00397	-2.69	0.2484729
SLC25A5	0.628	0.2485144
KCNJ4	0.67	0.248522
LOC101927539	-1.74	0.248536
TBC1D19	-2.13	0.2485637
HYLS1	0.849	0.2485678
ATG9B	-0.786	0.2486071
CLPTM1	-0.759	0.2486076
XPO4	-0.672	0.248612
LRPPRC	0.686	0.2486184
MYBL1	0.696	0.2486834
AFM	1.2	0.2488108
GRIP1	-1.35	0.2488934
NSUN6	0.785	0.2488958
CHD4	0.656	0.2489495
BICD2	0.664	0.2489508
BIN2	-2.23	0.2489589
INPP5D	-0.995	0.2489656
NBR2	-0.76	0.248974
LINC01538	-1.25	0.2490167
MT1F	0.616	0.2490488
ADAL	0.7	0.2490951
CCL7	-2.8	0.2491107
MC4R	-1.19	0.2491225
SLC30A3	0.669	0.2492644
CLEC14A	-0.79	0.2492647
NYAP1	0.78	0.2493002
RPP40	-0.739	0.2493287
FGF6	1.2	0.2493334
FADD	0.635	0.2493562
HTR5A	2.29	0.24938
C17ORF50	0.775	0.2494394
LOC101927460	-1.76	0.2494427
FAM162B	-0.738	0.249505
METTL7A	-1.18	0.2495404
KIAA0319L	-0.637	0.2496226
POU6F2-AS2	-2.5	0.2496229
CTBP2	-0.715	0.2496241
LOC102724870	0.675	0.2497217
PLEKHA3	0.742	0.2497327
EIF2AK1	-0.767	0.249733
KHNYN	0.823	0.2497484
PTP4A3	-1.26	0.2497745
TNFSF9	0.839	0.2498928
PEMT	-0.617	0.2499065
SSH3	0.737	0.2499094
IL27	-0.654	0.249916
OR10A4	-0.773	0.2499483
LOC101928707	-0.749	0.2499606
LINC01580	-1.23	0.2500411
CFB	-0.715	0.2500692
PHOSPHO2	-0.897	0.2501075
LOC100507351	-0.645	0.250121
ALKBH6	-0.614	0.2501277
TUBB7P	-1.14	0.2501508
SBNO2	0.748	0.2501772
KMT5B	-1.05	0.2501805
TRIM52	-0.642	0.2502346
CDH5	-0.664	0.2503089
LINC00396	-1.9	0.2503537
NRSN1	0.918	0.2503574
FAM53A	1.02	0.250365
CSPG4P5	-1.6	0.2503784
MECP2	0.679	0.2504098
RGS11	-2.06	0.2504413
SIK1	0.729	0.2504426
TRPM7	0.816	0.2504433
LAMA5-AS1	0.651	0.2504832
DNAJA1	0.624	0.2505101
ATP1B1	0.635	0.2505969
CACNG2	1.18	0.2506026
PIGL	0.906	0.2506296
LOC101927253	0.775	0.2508235
LOC100506368	0.749	0.2508248
ADAMTS3	0.709	0.2508288
REXO1L1P	0.628	0.2509667
CACNA1B	1.26	0.2509903
SEPT9	-0.979	0.2510036
MAP7D3	-1.01	0.2510041
PCSK4	-1.19	0.2510177
CBFA2T2	1.04	0.2510499
ADH1B	-2.69	0.2510769
CA5A	-1.36	0.2510942
ZNF517	-1.77	0.2511391
WDR11-AS1	-0.72	0.2511879
LINC00700	2.44	0.251208
LCMT2	-1.34	0.2512458
NARF	0.674	0.2512991
CDR1	2.31	0.2513171
DANCR	0.73	0.2513497
MAF	0.793	0.2513632
AP4E1	2.09	0.2513827
HMOX1	-1.01	0.2514305
LINC00964	-2.79	0.2514479
KLHL8	0.699	0.2515059
MALT1	0.717	0.2516776
SCN3A	0.776	0.251714
BRD4	-1.22	0.2517626
SUPT20H	-0.89	0.2518015
ZNF425	1.04	0.2518424
PDE4DIP	-0.664	0.2518694
PIGO	-1.01	0.2519399
CASC10	-0.943	0.2519563
P2RX3	1.13	0.2519997
MUC3B	1.36	0.2520494
KIF22	-0.869	0.252088
LY86-AS1	0.622	0.2520974
LOC157562	0.945	0.2521026
LOC100505530	1.67	0.2521664
CAMK2N2	0.814	0.252179
KIR3DX1	0.611	0.252186
LOC100507480	0.852	0.2522815
SCGB1A1	-1.53	0.252331
LOXHD1	-0.718	0.2523986
ZNF506	0.628	0.2524155
PRDM16	-1.54	0.252421
LOC100134368	-0.643	0.252449
FMOD	-0.783	0.2526063
LOC284294	-2.01	0.2526426
SLC11A2	-0.665	0.2526511
CCDC181	-3.15	0.2526546
CCL18	1.37	0.2527039
ICK	2.17	0.2527603
TLX1	1.42	0.2527766
ANKRD18B	0.776	0.2528194
SLC22A16	-0.968	0.2529525
RPA1	-1.3	0.2529958
C16ORF58	-0.797	0.2530088
HSPC324	-0.803	0.2530948
ANP32E	0.701	0.2532337
SLFN5	-1.6	0.2532379
RBM14	0.745	0.2532484
SMG9	-0.837	0.2532495
LMBR1	0.667	0.2532539
GLIDR	-0.704	0.2532743
SPTSSA	0.647	0.253305
LRP1	0.81	0.2533191
FZD4	-0.805	0.253351
CCDC85B	1.7	0.2533843
PKP3	0.995	0.253418
SPATA12	1.29	0.2534424
CDH3	-1.11	0.253473
PTPN20	1.5	0.2535449
NRXN1	2.07	0.2535737
PHF1	0.621	0.253615
IGFALS	1.05	0.2537187
AMZ1	-1.01	0.2538189
LMNB1	-0.731	0.2538342
MRPL44	0.654	0.2538746
GPR75	-1.94	0.2538808
MPC2	0.697	0.2539915
MTHFD2	1.95	0.2540331
GAS2L3	1.86	0.2541773
FOSB	2.02	0.254272
TRIM45	0.703	0.2542877
ZNF837	2.06	0.2543196
BCOR	0.923	0.2543357
HSPA4	0.61	0.2544248
THSD4-AS1	0.862	0.2544539
PAX9	1.01	0.2544641
SOX21	1.61	0.2545457
GINM1	-0.619	0.2545528
MYD88	-0.695	0.2546014
TMEM239	2.06	0.2546021
ZNF876P	2.85	0.2546939
RWDD1	0.676	0.2546977
TRAC	1.52	0.2547453
DAW1	1.22	0.2548065
GATAD1	0.675	0.2549418
EHMT1	0.635	0.2550182
STATH	-2.02	0.2550191
LOC100131756	-2.39	0.2550417
SLC19A2	0.669	0.2550595
SNRPA1	0.653	0.2550781
DET1	-0.721	0.2550981
TRIM33	-0.799	0.2552145
HGH1	0.762	0.2553301
LOC283484	-1.58	0.255343
ACAN	-0.772	0.2554061
NECTIN1	-1.0	0.255414
BEND5	0.987	0.2554976
ITGAX	-1.71	0.25552
LOC101929384	-1.17	0.2557019
PTDSS2	-0.648	0.2557125
STRAP	0.646	0.2557214
ATXN10	-0.64	0.2558319
AQP8	1.37	0.2558601
TSGA10	-0.773	0.2559095
MYL6	0.617	0.2559704
RBAK	0.663	0.2559729
SULT1C4	-1.35	0.2560569
TLR3	-0.906	0.2560654
RGS6	-0.921	0.2560814
C3ORF36	0.917	0.2560825
CRYBB2	0.814	0.2560939
ZFP30	0.606	0.2561888
GPR37L1	-0.878	0.2562003
DOK4	-1.29	0.2562129
TOP1MT	0.878	0.2562261
LOC100131864	1.36	0.2562465
RGS17	1.19	0.2562703
MEGF10	0.618	0.2562742
LAMP5	-0.668	0.2562976
DEFB119	0.88	0.2563349
PIK3R5	-1.42	0.2563454
LOC101928668	1.43	0.256359
CCSAP	-0.639	0.2563811
MEX3C	2.05	0.2564556
APOC1	-1.16	0.2564687
KNOP1	0.62	0.2565313
TESC	0.813	0.2566446
LOC101927648	0.899	0.2567338
RTP3	1.02	0.2567553
PIF1	-1.95	0.2567876
LOC101929167	-1.91	0.2567957
IL23A	-1.62	0.2568505
RDX	-0.718	0.256862
SERTAD1	0.673	0.2568653
ZNF814	-1.79	0.2569296
LPAR5	-0.89	0.2569854
CLDN7	2.56	0.2569989
LINC00527	2.8	0.2570541
NLGN2	0.768	0.2570786
KRTAP17-1	0.675	0.2570978
BRD8	-1.74	0.2571048
CYS1	-2.25	0.2571393
COX7B2	0.735	0.2571592
OR5P3	-0.857	0.257179
SLC39A1	-0.797	0.2571821
LINC01569	1.44	0.2572843
TCF4-AS1	1.47	0.2573032
ZBED6CL	-0.819	0.2573169
FAM171A2	0.614	0.2573961
LOC100507065	-2.48	0.2574024
VAV2	0.835	0.2574311
LIMS2	-0.611	0.2574759
LOC728196	-1.56	0.2574806
EDDM3B	1.92	0.2574993
MFAP5	0.633	0.2575033
LINC00202-1	0.957	0.2575537
SIX2	1.16	0.2575941
SERTAD2	0.657	0.2575998
C8ORF46	-0.946	0.2576337
LINC00494	-1.92	0.2576514
TBXA2R	0.745	0.2576594
HYI	-0.64	0.2577719
PAK2	-0.848	0.2578
KIAA1429	-0.84	0.2578104
LOC400627	0.657	0.2578576
PTH1R	-0.626	0.257878
ARL13B	-0.699	0.2579009
NAA11	0.64	0.2579742
WIZ	0.671	0.2580601
SLC22A31	1.43	0.2580768
CD163	-3.96	0.2581166
MED20	0.746	0.2582368
RGS22	-1.51	0.258241
SIVA1	0.766	0.2582833
FAM49B	-0.931	0.2583755
INSC	1.95	0.2584899
SSTR3	0.787	0.2585046
DBF4	0.722	0.2585169
SHPK	0.73	0.2585705
BHLHB9	0.7	0.2585947
ANKRD17	0.653	0.2586071
SHANK2-AS2	1.79	0.2586793
STAM2	-0.789	0.2587221
SLF2	0.964	0.2587308
PRPF38A	0.649	0.2587654
CPLX1	1.09	0.2587756
KALRN	0.749	0.2587914
ARHGEF6	-0.737	0.2587929
ARL9	-1.55	0.2588343
CDK14	0.601	0.2588378
CSNK2A2	-0.606	0.2588616
LINC00574	-1.63	0.2588693
KIAA2022	0.778	0.2589161
BEND7	-2.18	0.2589562
RGS7BP	1.4	0.2590228
USP48	0.616	0.2590986
TRABD	1.06	0.2591159
TEP1	-1.04	0.2591945
ABCD4	0.805	0.2592045
PPIG	0.663	0.2592228
SUN5	1.13	0.2593068
ASMT	-1.46	0.2593145
PID1	0.942	0.259325
STS	0.696	0.2593494
CSGALNACT1	-1.86	0.2593498
HACD4	0.963	0.2593551
TMEM206	-0.82	0.2594136
NCOR1	0.611	0.2594754
KRT1	0.854	0.259536
NOD2	-1.16	0.2595372
KLK13	-0.623	0.25957
LOC100506526	1.84	0.2596185
GRIK3	-0.644	0.2596234
LOC101929752	1.27	0.2596247
FAM169B	1.66	0.2596311
NOTCH4	-0.719	0.259658
PAGR1	0.787	0.2596852
PPIL1	-0.747	0.2596945
PRADC1	-0.675	0.2597086
SCCPDH	-0.605	0.2597945
PAFAH1B3	0.91	0.2599118
LOC101928087	0.838	0.26005
TCTN1	-0.764	0.260152
COA1	-2.19	0.2601807
MAGI2	-0.761	0.2601831
IL18BP	1.38	0.2601864
KCNE3	2.09	0.2603277
MFHAS1	0.78	0.2603469
RIMBP2	-0.596	0.2603825
MAP3K7	0.632	0.260387
PRELP	-1.23	0.2604097
CEP68	-0.699	0.2604842
NFATC4	0.749	0.2605138
CLEC16A	1.55	0.2605674
LINC01551	-1.87	0.2606839
YWHAEP7	-0.813	0.2607587
MTSS1L	2.49	0.2607619
TBC1D13	-0.943	0.2607635
FAM135B	0.759	0.2608275
FANCD2OS	0.661	0.2608393
PRO2012	0.935	0.2608618
CA3	0.602	0.2609159
MGME1	-0.603	0.2610613
TMSB10	-0.765	0.2610647
AADACL2	-2.71	0.2610693
LOC101929076	1.35	0.2611022
ZSCAN22	0.796	0.2611133
UBTD2	1.06	0.2611768
CORO6	0.655	0.2611864
TXNDC9	-0.714	0.2612295
MAT2B	-1.78	0.2612495
MYADML2	-1.15	0.2613083
CNOT9	-1.82	0.2613385
INO80C	0.602	0.2613691
KPNA1	0.599	0.2613917
HMX1	0.628	0.2614206
TANC1	0.693	0.2614267
HUS1B	-0.874	0.2614746
NMT2	-0.604	0.2615364
IL4	-1.62	0.2615627
ECSIT	0.654	0.2615628
BARX2	-1.57	0.2616455
LOC654342	1.39	0.2616672
DYX1C1	-2.79	0.2616698
FHDC1	0.737	0.2617707
H2AFJ	-0.811	0.2617732
MSI2	-0.661	0.2618396
LPAR3	-2.66	0.2618461
RBM12	-0.615	0.2618464
USB1	-1.77	0.2619248
SBSPON	-1.07	0.2619733
PTTG1	0.727	0.2619811
TCTN3	-0.598	0.2619942
ENY2	1.49	0.2620791
WDR26	0.626	0.2621804
TRIM62	0.763	0.2622578
AKAP9	-0.607	0.2622645
GBE1	-0.653	0.2622872
ZSCAN12	-0.737	0.2623275
ACOX2	-0.831	0.2623727
SLITRK6	-0.723	0.2624487
FAM149A	-0.604	0.262451
MAP2K5	-1.74	0.2624905
DNAH7	-2.59	0.2624967
CELA2B	0.625	0.2625188
NCS1	0.738	0.2625431
H1FOO	0.921	0.2625743
UVSSA	-2.14	0.2626171
FLYWCH1	0.598	0.2626348
TMEM63B	0.619	0.2626802
SOX10	-0.911	0.2627177
DAZAP2	-0.605	0.2628102
CHCHD4	0.632	0.2628114
HGC6.3	1.51	0.2628275
TDRD1	-1.5	0.262842
DLX1	-1.76	0.2628504
MEI1	-0.675	0.262888
NAT2	-1.59	0.2629902
VPREB1	-1.27	0.2629932
SLC29A4	1.04	0.2630133
CRCT1	2.4	0.2630256
DNMT3A	-1.08	0.2630421
PFKFB2	-1.01	0.2630523
DYRK1A	-1.11	0.2630752
DUSP2	1.73	0.2630821
MTMR9	1.18	0.2631642
AGPAT1	-0.64	0.263176
ADAD2	-1.35	0.2631993
LOC102723932	-0.77	0.2632181
UBE2H	-0.914	0.26325
ZSCAN20	0.608	0.2633613
ATXN2	-0.653	0.2634229
PDCD7	-1.26	0.2634377
ATM	-0.769	0.2634459
DGCR5	1.16	0.2635019
VSNL1	1.9	0.2635736
RIBC1	-1.33	0.2636068
MIR4290HG	-2.08	0.2636556
OSBP2	0.636	0.2637516
ADGRG3	-1.07	0.2637796
TGFB3	0.704	0.2638196
MDC1	-0.639	0.2638327
F3	1.44	0.2638377
OTOF	0.606	0.2638427
SPATA22	-0.879	0.2638979
PLAC8	-1.57	0.2640504
NDUFAF7	0.591	0.2641351
CD81	-0.686	0.2642114
OMP	0.616	0.2642247
CADM1	1.31	0.2643053
ZDHHC21	1.38	0.2643126
UBXN7	0.688	0.2643278
PTRF	-0.719	0.2643641
SLC27A2	0.849	0.264439
TMCC1	1.3	0.2645601
TYMSOS	-0.627	0.2645716
KHDRBS1	-0.648	0.2647279
PHAX	-0.674	0.2647838
COL12A1	-1.11	0.2647868
GTF3A	0.767	0.2648125
SLC16A1	-1.05	0.2648448
HEXA-AS1	-1.23	0.264872
LLPH	0.606	0.2648898
HMCN2	-0.909	0.2648926
LRRC7	1.37	0.2649035
HPGDS	-0.637	0.2649054
PARP12	-0.695	0.2649895
PRX	0.827	0.2649908
ATF6B	1.2	0.2650478
ACTBP9	-0.77	0.2650878
FKBP9	-0.701	0.2651363
DMGDH	-0.837	0.2652097
PMAIP1	-1.6	0.2652105
HPR	-0.886	0.2652123
AGR2	0.725	0.2652196
SCGB1D1	-0.856	0.2652639
OR10C1	2.33	0.2653118
TMX3	0.775	0.2653541
CAMKK1	1.88	0.265356
CADM3-AS1	0.925	0.2654391
MLLT1	1.78	0.2655543
TNKS	1.74	0.265644
CCDC148	-1.01	0.2656503
SMIM5	-0.912	0.2657475
PKNOX1	0.928	0.2657497
POLG2	0.623	0.265774
POLH	-0.708	0.265774
TPTE	2.53	0.2658823
SEPT7P2	-0.629	0.2659277
SERPINA5	-0.897	0.2659714
NETO1	0.652	0.2659799
TMEM139	-0.783	0.265985
LINC01158	0.619	0.266088
CSF3	0.642	0.266161
FAM3D	1.41	0.2661804
GATAD2B	-0.653	0.2661925
RNF168	0.953	0.2662456
IL7R	-0.729	0.2662665
EDN3	1.61	0.2662794
FBXO7	0.764	0.2663086
LOC105374428	1.76	0.2663122
WDR34	-0.68	0.2663424
MTRF1L	0.671	0.2663504
UROD	-0.725	0.2663724
PRSS30P	-1.19	0.2663874
R3HDM1	-0.994	0.2665121
CHPF	0.749	0.2665453
LOC105374690	0.683	0.2666105
POLE4	-1.39	0.2666368
DKFZP564C152	0.757	0.2666552
ZNF585B	-2.07	0.2667744
MT1E	0.694	0.2668085
NTS	2.0	0.2668585
NOL4L	0.907	0.2668875
RYBP	0.683	0.2669375
ERCC4	-1.35	0.2669457
MCF2L-AS1	2.35	0.2670428
YPEL3	-0.655	0.2670729
C10ORF67	-0.639	0.267142
IFITM3	-0.981	0.2671544
UNC79	0.697	0.2672493
ADM5	-1.25	0.2673251
CDV3	0.621	0.267367
LOC101926942	0.616	0.2673939
C4ORF19	0.843	0.2674019
MAMDC2	-1.06	0.2674052
NPHS2	1.72	0.2675146
HHLA3	0.876	0.2676017
CCT8	0.612	0.2676154
FGFR1OP2	-0.946	0.2676429
ACOX1	0.785	0.267655
LOC100131532	-1.03	0.2677006
WWP2	-0.611	0.2677351
NUP205	0.625	0.2677407
MAML2	-0.963	0.2678136
HFM1	-2.73	0.267855
PTGIR	-0.624	0.2678786
TBRG1	0.601	0.2679077
SLCO4A1-AS1	0.679	0.2679227
MFSD6L	0.857	0.2679768
LOC105372404	1.9	0.2680193
UBE2V2	0.908	0.2680316
C6ORF201	-1.62	0.2681212
CST9	1.13	0.2681524
DLL3	1.2	0.2681553
PTPRD	-0.754	0.2681758
ZNF507	0.627	0.2682306
LOC285766	0.755	0.2682427
LOC101927181	0.725	0.2682445
LOC101929460	0.844	0.268329
TBC1D12	-0.841	0.2683422
FRMD3	-1.25	0.2683748
OR10A3	-1.83	0.2683777
INTS7	0.911	0.2683801
CYP3A5	-2.04	0.2684015
LANCL2	1.78	0.2684068
PFKFB1	1.39	0.2684437
MAD2L2	0.602	0.2686432
SFPQ	-0.913	0.2686521
POC1A	-0.915	0.2687075
KIAA2026	0.606	0.2687091
PVR	0.839	0.2687376
TBCD	0.812	0.268768
PCDHB12	0.713	0.2688271
GALNT7	-0.878	0.2688298
LOC100130744	1.15	0.2688299
LOC613266	1.1	0.2688345
CELF3	-1.17	0.2689029
ZNF592	-0.6	0.2689178
FBXO6	-0.712	0.2689253
THSD7B	-1.99	0.2689312
ZNF107	1.8	0.268984
BAZ1A	0.653	0.2689905
ZNF200	-0.65	0.2690374
PSG6	0.622	0.2690547
MCM2	-0.845	0.2690725
OR2C1	0.709	0.2690941
AIF1	-1.12	0.2691137
KLHL26	-0.755	0.2692371
PCDHB9	0.727	0.2692429
FA2H	-0.698	0.2693346
HAPLN1	0.957	0.2693423
EVPLL	1.06	0.2693976
SLC18B1	0.677	0.2693988
IFRD1	0.631	0.2694087
TMC2	1.42	0.2695287
LOC100506790	0.699	0.2695508
TEX15	-1.68	0.2695517
GALNTL5	0.876	0.2695829
PDGFA	-0.735	0.2698958
PCNX2	-0.698	0.269914
SCIN	1.5	0.2699517
TFEC	-0.787	0.2699872
LOC441025	0.887	0.2700773
UBTF	0.586	0.2701158
RPL29	-0.664	0.2701472
STX8	1.32	0.2701598
CAND2	0.871	0.2701968
TONSL-AS1	1.04	0.270199
IFNGR1	-0.702	0.2702312
ARHGAP23	0.768	0.2702531
CHDH	0.589	0.270274
PPP1CB	0.757	0.2703324
MMACHC	-0.989	0.2703329
DAZAP1	0.702	0.2704004
NPTXR	0.71	0.2705443
CPPED1	-0.91	0.2705766
COX10	0.76	0.2706187
OPN4	1.23	0.2707188
LINC00441	-1.28	0.270751
MYSM1	-1.51	0.27076
KLF9	1.57	0.2708406
SYNPR	1.56	0.2708885
ILVBL	0.753	0.2709597
SLC25A26	0.589	0.2710033
CHAF1B	0.931	0.2710574
GOSR1	0.593	0.2710621
FAM161A	-1.6	0.2712226
CLN5	-0.673	0.2712365
LAMP2	0.727	0.271243
GKN2	0.99	0.2712557
GLYR1	0.602	0.2712589
MAPK13	-1.33	0.2712646
LSM10	0.654	0.2713013
SH2D3C	-2.3	0.2713132
WT1	0.945	0.271388
GFRA1	-0.604	0.2713905
GINS3	0.981	0.2714001
NAXE	-0.619	0.2714075
SSBP1	0.92	0.2714077
LOC102724537	-1.86	0.2714506
NUDT6	-0.587	0.2714522
ULK4	-1.13	0.2715126
ARFGEF2	-0.61	0.2715238
GTF2IP7	2.32	0.2716503
C21ORF91-OT1	-0.644	0.2716551
CCNY	0.641	0.2716635
ANP32C	1.41	0.2716776
MAP3K10	-0.607	0.271679
NFYB	0.633	0.2716872
FBL	0.603	0.2717155
ABHD14B	-0.942	0.2717315
AGO4	-1.39	0.2717784
LOC101927305	-1.58	0.2718296
ANKRD44	-0.586	0.2718556
HOMER2	-1.98	0.2719721
SBF1	-0.72	0.271992
LINC01561	0.76	0.2720456
PRKAR2B	-0.643	0.272091
POLR2F	-1.01	0.2721425
PACRG-AS3	-1.09	0.2721529
HSPBAP1	-0.626	0.2721724
LMAN2L	-0.787	0.2722161
BCDIN3D-AS1	-0.79	0.2722312
SLC13A5	0.829	0.2722962
CLEC4D	-1.2	0.2724264
TSEN2	-0.695	0.2724405
GMDS-AS1	-1.39	0.2724617
NECTIN2	-1.02	0.2725288
NRAP	0.779	0.2725305
CCL22	0.734	0.2725728
RAP2B	2.55	0.2726636
ERCC8	0.67	0.2727063
ESYT1	-0.627	0.2727074
FOXD2	-0.784	0.2727143
ZHX3	0.639	0.2728208
ALOX12-AS1	-1.01	0.2728643
ANO2	-2.21	0.2728663
RNF157-AS1	-1.25	0.2728897
B2M	-1.57	0.2729116
MVB12B	0.59	0.2729769
SRRD	-0.785	0.2729809
C21ORF91	-0.955	0.2730272
KIF5C	0.613	0.2730366
MMP14	0.766	0.2731263
LRRTM2	0.598	0.2731326
MARCH9	0.631	0.2731864
GAGE3	-0.906	0.2732318
KLHL35	-1.67	0.2732501
PITHD1	0.95	0.2732964
ZNF668	2.05	0.2733015
ING3	1.0	0.2733282
FKBP8	0.73	0.2733561
KIAA0368	-0.585	0.2733607
XPO7	0.64	0.2734746
CCDC14	-0.687	0.2735305
RXFP2	0.734	0.2735856
FOXRED2	-0.81	0.2736013
PPP1R17	0.959	0.2736953
DBH	1.42	0.2737561
TSC22D1	-1.98	0.2738181
PLD3	-0.587	0.2739148
TPCN1	0.772	0.2739829
ADCY8	0.835	0.2740342
OR10D3	2.0	0.2741374
SLC41A2	-1.06	0.2741386
LOC648987	1.26	0.2741596
CXORF23	-0.66	0.2742713
ZSCAN16	-0.945	0.2743045
CDT1	-0.723	0.2743446
FEV	0.979	0.274352
SLC12A6	-0.632	0.2743668
SEPT7	-0.585	0.2743771
PRKAR1A	-0.589	0.2743788
C11ORF63	-1.35	0.2743919
LRRFIP1	-0.679	0.2744608
DLGAP5	-2.33	0.2744645
LGALS3BP	-0.779	0.2745543
ZNRF1	0.611	0.2745614
ABCC13	-1.76	0.2745665
KIAA0196	-0.666	0.2745708
ATP1B2	0.58	0.2746082
TCF20	0.673	0.2746221
SGSM3	0.695	0.2746269
DNAJC4	0.926	0.2746484
IL33	-1.04	0.274658
ZNF286A	0.716	0.2747225
LOC101930164	-1.5	0.2747793
LOC101928779	-1.11	0.2748045
E2F2	-1.42	0.2748081
NOTCH1	-0.596	0.2748322
SLC24A4	-0.61	0.2748938
RASAL2	-2.36	0.2749392
SAC3D1	0.743	0.2749469
MRPL36	0.604	0.2749706
CTCF	0.654	0.27503
LIN28B	1.69	0.2750724
CMPK2	-0.691	0.2751298
AK1	-0.661	0.2751518
CFH	-1.23	0.2752048
KCNJ5	1.17	0.2752908
ZDHHC9	-0.868	0.2753233
UBE2D1	1.81	0.2753366
OR7E14P	-2.31	0.2753434
DEFB114	2.8	0.2754055
TNIP2	0.591	0.2754148
FLG	1.23	0.2754373
NR1I2	-0.779	0.2754653
NDFIP1	0.612	0.2754948
CLTC	1.39	0.2755102
SLC46A2	2.17	0.2755426
NUDT16P1	1.24	0.2755503
LOC100507506	1.87	0.2756232
C10ORF25	-1.5	0.2756773
MEOX1	0.601	0.2756911
FIBCD1	-1.92	0.2757534
UQCRFS1	0.587	0.2757606
ELOVL5	0.607	0.2757676
RBMS2	-1.2	0.2757927
OFD1	-0.585	0.2758127
LOC100422526	1.26	0.2758343
DEFB108B	2.06	0.275863
TRAPPC1	-0.723	0.2758812
NUDT19	-0.726	0.2759406
BLZF1	-2.13	0.2759463
DAP3	0.592	0.2759569
FOXJ3	0.612	0.2759814
DOPEY1	-0.685	0.2759828
QRFPR	-1.74	0.2760533
CIAO1	-0.667	0.2760616
GPNMB	-0.828	0.2760854
AP2B1	-0.596	0.2762053
HOXD-AS2	-1.83	0.2762502
QPRT	-0.7	0.2762696
NOXO1	1.36	0.2762701
BAG5	0.716	0.2762748
ARL5B	0.599	0.2763114
LINC00299	1.5	0.2763789
LTK	0.952	0.2764679
KCNV1	1.66	0.2764681
ITPR1	2.14	0.2764834
CYTH2	0.675	0.2764854
ZNF276	0.596	0.2766286
LOC105376166	0.665	0.2767022
LINC00926	1.19	0.2767126
HECA	0.587	0.2768274
YIPF5	-0.59	0.2768841
OLFML2B	-1.06	0.2769822
MLLT6	0.804	0.2770082
CHRNA2	2.0	0.2770958
BLOC1S3	-1.04	0.2771126
MRPS14	-0.629	0.2771417
ARHGEF5	-1.95	0.2771631
TAF10	-1.7	0.2772538
GYPC	-0.761	0.2772701
DCHS1	-1.22	0.2773581
LOC101927709	0.714	0.2773884
HYDIN	-2.23	0.2774006
CLMN	0.64	0.2774161
LSMEM1	1.01	0.2774605
SIGLEC10	-1.1	0.2774946
PDCD4	0.637	0.2775296
ZNF781	-0.717	0.2776682
ST7-AS1	-1.76	0.2776863
LRRC34	-0.824	0.2777179
SIM1	-1.09	0.2777308
TRIM67	0.607	0.2777683
MTSS1	-0.807	0.2778596
ATP23	1.11	0.2778913
ZBTB26	-1.08	0.2780493
LGALS9	-0.707	0.2780777
KRT72	1.53	0.2781873
HAS3	0.58	0.278218
AFAP1L1	0.719	0.2782193
ZNF490	-0.592	0.2782347
POU2F1	2.79	0.2782918
IL1B	0.867	0.2783838
AMER2	-0.794	0.2784748
NUP35	-0.666	0.2784762
LINC01410	-0.664	0.2784787
C4ORF32	-1.08	0.2785032
SUSD4	0.607	0.2785164
MYOCD	-1.47	0.2785449
MYO18B	2.76	0.2785898
SBSN	1.02	0.2785986
PCED1A	-0.659	0.2786124
RASSF3	-1.67	0.2786548
TTC9B	2.15	0.2786941
SERPINB5	1.49	0.2786987
ALAS1	0.586	0.2787885
IGSF11	-0.725	0.2788187
TGM2	-0.995	0.278823
SGIP1	-0.571	0.2788593
DIP2C	0.596	0.2789501
HSPB8	-0.643	0.2789668
CLDN1	-0.582	0.2789703
IL1RAP	-2.44	0.2789777
VWA9	-0.803	0.2789888
DKFZP434A062	0.877	0.278993
BMS1P5	0.718	0.2790697
GCNT1P1	-1.33	0.2790806
FBN2	1.82	0.2791155
EPHA5	-0.657	0.2791966
FAM83C	1.94	0.2792734
SMPD3	-0.994	0.2793258
TRO	0.71	0.2794119
LIPJ	-1.66	0.2795342
RTF1	-1.01	0.2795476
SMTNL2	-1.05	0.2797131
PPFIA2	-0.62	0.2797508
PSAT1	0.629	0.2797684
MKNK1-AS1	1.24	0.2797757
MGEA5	-0.967	0.2798443
IL18	-1.28	0.2799711
GBP5	-1.35	0.2799745
LOC102723448	-1.39	0.280034
AP2A2	1.08	0.2800485
IQCF1	0.641	0.2800518
MYH1	2.29	0.2800849
PEX19	-0.655	0.280144
PHACTR4	-0.604	0.2801646
SCN10A	-1.86	0.2801826
GNB3	0.78	0.2802147
NUP50	1.93	0.2803225
LRRN1	0.835	0.2803239
LOC440602	2.07	0.2803269
METTL5	0.717	0.2803313
NUDT3	0.808	0.2804527
C21ORF62-AS1	-0.736	0.2804596
XAGE-4	0.646	0.2804821
DNAJC3-AS1	1.03	0.2805525
ZFHX4-AS1	-0.784	0.2806325
MYT1	0.741	0.280637
FBXW11	0.568	0.2806456
SMIM1	0.604	0.2806824
LINC00266-1	0.873	0.2806937
ECHDC2	-0.618	0.2807184
NAPA-AS1	0.958	0.2807737
TNNI2	0.667	0.2808702
LOC100287877	-0.571	0.2808734
APOH	1.64	0.2810027
NR2F2	0.586	0.2810768
KCNN3	-0.594	0.2811209
PITPNA-AS1	0.697	0.2812028
RNF135	-0.601	0.2812355
R3HCC1	-0.583	0.2812741
PGAM5	0.61	0.2813699
CCDC102B	2.23	0.2813794
XAB2	0.694	0.2813838
MIR663AHG	-2.42	0.2813845
PRDX5	0.628	0.2814172
ZNF175	0.661	0.2814188
TRAF7	1.52	0.2815445
ABL2	-1.5	0.2815684
SLC6A20	1.42	0.2816051
ZBTB33	0.632	0.2816635
RAPGEF6	0.66	0.2816734
ARFGAP3	0.667	0.2817213
SEC61G	0.65	0.281726
GP9	0.746	0.2817321
BORCS8	-2.1	0.2817738
DECR1	-0.62	0.2817797
RAB26	1.31	0.2818047
BCAM	-0.641	0.2818333
YWHAQ	0.573	0.2818385
ACP5	-0.778	0.2818424
TMEM123	-0.85	0.2818712
LOC101927342	1.68	0.2819486
CSNK1D	-0.607	0.2819993
TCL6	-0.904	0.2820591
NBAS	-0.837	0.2820997
GLYAT	0.628	0.2821516
KPNB1	-0.576	0.2821919
CLTA	-0.618	0.2823306
CCDC88C	-1.35	0.2823515
KCNV2	0.702	0.2823986
NECAP2	1.13	0.2824768
ABHD2	0.608	0.282536
ZNF254	0.566	0.2825751
KRT14	-1.32	0.2825846
AGER	-2.69	0.2826
LOC102723847	0.619	0.2826616
HCG4	-0.744	0.2826928
ZNF331	0.564	0.2827642
OR1A1	1.28	0.2828468
MYH9	-0.85	0.2829351
DNAJB13	0.696	0.2829649
LOC101929607	-0.636	0.2829844
HLA-J	-0.896	0.2830182
DUSP6	-0.684	0.2830717
KLHL40	1.74	0.2830843
ABCA13	-2.68	0.2831631
SLFN12	-3.02	0.283209
HOXB-AS1	-0.958	0.2832992
TTLL4	-0.837	0.2833377
PSMB8-AS1	-1.06	0.2833508
TRIM46	-1.53	0.2833663
ZNF19	-1.03	0.2833926
NT5DC4	-2.28	0.2834381
FREM2	1.1	0.2834488
DNAJC19	-0.658	0.2834986
SENP8	0.703	0.2835629
CDCA5	-1.34	0.2835709
PGAP1	0.694	0.2835715
SIGLEC9	-0.76	0.2835752
FXYD3	0.584	0.2836516
C6ORF47	0.613	0.2837236
MOGAT2	1.37	0.2837429
HP11014	-1.77	0.2837983
LINC00587	1.16	0.2838005
CEP295	-2.27	0.2838278
NBPF8	-0.573	0.2838285
FES	0.824	0.2838317
LZTS3	1.22	0.2838614
DDX6	-0.687	0.2839166
PCDHB18P	1.1	0.284009
LRRC2-AS1	1.3	0.2840736
PPM1D	0.818	0.2841087
H1FX-AS1	0.665	0.2841923
KCTD19	0.938	0.2842138
HERC1	1.04	0.2842275
LOC101929089	-0.834	0.2842834
CDK2AP1	0.635	0.28432
ACAD10	-2.15	0.2843351
SLC25A30	0.604	0.2844147
HOXD11	-0.796	0.2844594
BRF1	-1.25	0.2844763
DGCR7	-1.2	0.2844806
LINC00558	1.83	0.2845402
OXGR1	1.92	0.2845623
LINC00963	2.07	0.2846085
LOC105373958	0.817	0.2846106
LMTK3	-1.24	0.2846759
CETN2	-0.572	0.2847133
LOC643201	-0.638	0.2847197
FIG4	-0.6	0.2847551
USP37	0.603	0.2847662
DOCK4	-0.6	0.2848138
PRKCZ	0.705	0.2848597
GLYATL2	-1.65	0.284881
KIAA0087	2.24	0.2849391
TMEM144	-1.11	0.2849476
IDH3G	0.582	0.2849557
SULF2	-0.568	0.2849634
VCPKMT	0.755	0.2849673
CLDN11	-1.7	0.2850244
DBIL5P	1.39	0.2850514
TRIM69	1.41	0.2851323
CA12	0.834	0.2851461
LOC146795	1.92	0.2851685
RTCA	-0.619	0.2852535
WDR24	0.694	0.2852574
CNIH4	-0.766	0.2852602
PPFIBP1	0.73	0.2852678
LOC101930421	-1.73	0.2855348
UNC5B-AS1	-0.643	0.2855553
FAM65C	1.02	0.2856373
LOC646778	0.561	0.2857278
SYCP3	0.955	0.2858331
DMRT1	-1.04	0.2859272
RNF185-AS1	-1.32	0.286
CNOT2	0.606	0.2860196
MUC17	1.65	0.2860544
NOS3	-1.18	0.2860701
LINC01013	0.943	0.2861391
FMO5	-1.29	0.2861482
UTP15	-0.562	0.286166
MFSD8	-0.566	0.2861709
ICA1L	0.569	0.2861919
C3ORF30	1.45	0.2861998
MELK	0.805	0.2862195
GSTM3	0.715	0.2862216
LYPD6	0.795	0.2862354
SLC15A2	0.869	0.2862529
CDSN	1.21	0.2863019
TRIM15	0.697	0.2863227
TMEM261	-0.908	0.2864366
MOB3B	-0.782	0.2865003
FGGY	-2.28	0.2865776
IGFBP1	2.1	0.2866491
MORF4L1	0.575	0.2867055
B3GALT6	-0.562	0.2867633
FAM173B	0.559	0.2868584
ZNF883	-0.619	0.2868895
EIF2AK3	-1.22	0.2869038
GAS7	-0.742	0.2869245
GRM4	1.32	0.2869485
SPATA31E1	0.629	0.2871778
MGST2	-0.562	0.2871825
PCBD2	-0.564	0.2871839
LRRC4B	0.634	0.2872022
MYADM	-0.582	0.2872641
LOC105375240	-2.41	0.2872658
MACF1	0.676	0.2872749
DDB1	-0.702	0.2872798
LOC93429	1.4	0.2872822
CLDN4	0.669	0.2872984
RACGAP1P	2.62	0.2873469
RAET1E	1.52	0.2873508
SOX15	0.819	0.2876325
PRR22	-1.66	0.2876493
PPP2R3B	-1.02	0.2876567
CYP2U1	0.983	0.2876588
CEPT1	0.609	0.2876672
PLEC	-0.704	0.2876674
PIGC	-1.36	0.287693
SLCO2A1	-2.27	0.2877495
GEMIN8	-0.749	0.2877711
SERPINF1	-0.915	0.2877829
TSEN15	-1.28	0.2878423
TIPARP-AS1	-1.41	0.2878593
PIANP	-1.11	0.2879076
WFDC11	1.54	0.2879289
PWWP2A	1.7	0.2880001
LOC105377105	-1.22	0.288003
IFT122	-1.04	0.2880585
FAM30A	-1.99	0.2880836
ABCC2	1.27	0.2880999
MOSPD1	0.591	0.2881011
TRAF5	-1.14	0.2881155
HIST3H3	-1.45	0.2881527
MSC-AS1	2.09	0.2881546
LOC101927346	-0.78	0.2882229
LCE1B	2.18	0.2882266
TMOD2	1.63	0.2883352
C6ORF163	0.57	0.2883534
SALL1	-0.79	0.2883552
LRRC71	0.622	0.2883722
USP35	0.623	0.2884418
TSC22D4	0.904	0.2884651
CLN8	-0.819	0.2884735
CAMK2N1	-0.734	0.2885215
RRM2B	0.609	0.2886508
CDYL2	-1.1	0.2887479
GAPVD1	0.568	0.2887895
BCL2L1	0.584	0.2888292
GAB3	1.53	0.2888351
DDX5	0.597	0.2888435
ENO1-AS1	-1.66	0.2888752
GMCL1	-0.604	0.2888793
ITGA4	-1.11	0.2888887
TBCB	-0.596	0.2889302
ADH5	-0.614	0.2890351
ESPNL	0.631	0.2890634
ATP1A1-AS1	-0.75	0.2890876
SCUBE1	-1.39	0.2890941
TBX10	0.767	0.2891113
ABCF2	0.601	0.2892232
LOC100505774	1.44	0.2892576
FGD4	-0.744	0.2893035
LDLRAD4	-1.14	0.2893104
HSD17B10	-0.577	0.2893311
DLGAP2	0.828	0.2893854
JAK1	-0.916	0.2894552
FGD1	0.697	0.2895237
SDC2	-0.677	0.2895285
SOWAHA	1.1	0.2895666
TNNT3	-1.26	0.2895973
FBXO2	0.558	0.2896278
E2F8	-1.45	0.2896329
HIST1H1C	-0.686	0.2897357
PODXL2	-0.611	0.2897362
MAP7D2	0.813	0.2897368
HMBOX1	0.769	0.2897471
CDADC1	0.607	0.2897473
TMEM115	-0.577	0.2897804
ZNF615	0.66	0.2898254
KCNK15	1.14	0.2898924
TESMIN	2.01	0.2899103
RNF10	-0.603	0.2899818
UBE2G2	-0.701	0.290011
CLEC4A	1.77	0.2900572
HAUS7	0.621	0.2900884
LINC01619	2.02	0.2901747
REV1	0.995	0.2901761
RASIP1	-0.586	0.290178
BTRC	-1.21	0.2901856
DPPA4	1.65	0.2902083
NCOA2	-0.558	0.2902267
STAB1	0.992	0.2902302
LOC399716	-1.68	0.2903231
NMNAT1	-0.832	0.2903753
FNDC3A	-0.71	0.2904085
RAB17	1.51	0.2904672
LGI4	-0.598	0.2905395
LINC00661	1.15	0.2905824
SLC9A9	-0.857	0.2905825
CAMLG	0.566	0.2905967
SNORA65	0.599	0.2906656
ELK3	1.83	0.2907442
TFCP2	-0.726	0.2907596
KCMF1	0.584	0.2908748
MICALL2	0.647	0.2908836
LCTL	0.654	0.2909587
LOC389765	0.716	0.2909617
NUP50-AS1	-1.36	0.2909904
RTKN	-0.941	0.2910275
C3ORF18	0.693	0.2910787
MARCH5	0.579	0.291144
SOCS3	1.42	0.2912162
PLA2G4A	-0.801	0.291221
LRRC36	-1.86	0.2912254
HTRA2	0.556	0.2913564
LOC101927377	-1.31	0.2913749
UBE2J2	0.684	0.291392
RPL34-AS1	-1.74	0.2914096
NREP	2.09	0.2914504
RAD54L	1.53	0.2914666
PI4KA	0.749	0.291499
CDK5RAP2	-0.571	0.2915317
WIPF1	-0.967	0.2915385
TRIM38	-0.892	0.2915409
GM2A	0.658	0.2915993
RPRD2	-0.569	0.291618
C16ORF91	0.677	0.2916851
LOC100505902	0.594	0.2916856
ADGRA1	0.565	0.2917006
TMCO2	1.77	0.2918283
KRT6A	-1.02	0.2918439
GRK2	0.83	0.2918483
RNASE3	-1.95	0.2918881
EIF2B2	0.608	0.291905
ADRA1D	1.74	0.2919767
FARS2	-0.552	0.2920039
LYRM7	-0.648	0.2920751
DNAJC6	0.603	0.2921043
IFNW1	1.08	0.2921373
IL17RA	-0.857	0.2921895
ST18	0.615	0.2922176
NIFK	2.7	0.2922273
PACRG-AS1	-1.45	0.2922352
PHACTR1	1.06	0.2923035
LINC00639	-1.3	0.2923429
AGBL1	2.31	0.2923573
PDK2	-0.645	0.2923817
SIN3A	-0.618	0.292386
PPP2R5E	0.605	0.2925008
WIPI2	0.563	0.2925377
LIN37	-0.559	0.2926185
HMGCLL1	0.574	0.2926395
ACTA2-AS1	-0.862	0.2926538
CSF1R	-0.877	0.2926985
USP14	-0.665	0.2927155
MAGEA10	0.661	0.2928087
INHBA-AS1	-1.33	0.2928109
CELP	-0.884	0.2929484
ABHD16A	1.05	0.2929555
CHD1L	-0.692	0.2930082
KIR3DL1	1.69	0.2930172
DSCAM	-0.941	0.2930577
LRRC37A4P	0.903	0.2930653
GHRL	-1.0	0.2930667
CNKSR2	1.1	0.293116
C20ORF197	-1.86	0.2931218
TMEM179	1.59	0.2931269
NRIP2	0.846	0.2931302
PDCD1	1.36	0.2931472
IKZF4	-1.65	0.2931598
CUL7	0.951	0.2932153
LOC101928526	0.788	0.2932174
KRT74	-0.611	0.2932249
LOC619427	-0.94	0.2932399
SERPINE2	-0.695	0.2932716
EPHB6	0.657	0.2932928
TFB1M	-0.698	0.2933028
ATP1B4	0.788	0.2933945
NDNF	0.949	0.2934403
MYH7	0.845	0.2934668
PRM3	0.561	0.2934845
ZNF483	0.631	0.2934997
PKN2	-0.614	0.2935597
SRGN	-1.75	0.2936153
LOC101928988	-2.05	0.2936305
TTC9C	0.643	0.293685
RAB3A	-0.735	0.2936908
GGT1	0.672	0.2937988
CEP170B	0.641	0.2937999
NPC2	-0.738	0.2938233
DRAM2	0.594	0.2938383
PRDM8	-1.18	0.293846
LRIG1	0.553	0.2938484
CHTOP	0.837	0.293877
AHI1	0.668	0.2939126
DEGS2	-1.07	0.2939343
USP34	0.6	0.2939995
PQLC2	0.743	0.294014
CHD3	0.727	0.294121
SHC3	0.909	0.2942123
CAPRIN2	1.72	0.2942932
CBR3	-0.589	0.2944
ATP2B1	0.978	0.2944003
ALDH3A2	0.73	0.2945119
MSS51	-1.81	0.2945139
TRIM11	-0.866	0.2945444
PEX3	1.11	0.2945527
RAC1	-0.696	0.2945699
EXOSC3	0.592	0.2945719
CREB3L1	-1.37	0.2947155
FUT11	0.57	0.2947621
CD4	0.652	0.2947802
PHYKPL	-1.14	0.2949032
RIOK3	-0.68	0.2949189
TNFSF14	-1.15	0.2950433
HS2ST1	-0.609	0.2950514
PIGR	-0.877	0.2951213
LOC91450	0.616	0.2951213
RBP7	-0.944	0.2951352
PIGT	-0.64	0.2951397
PDE1B	0.83	0.2951707
BAG4	0.808	0.2951928
LMO1	0.819	0.2952466
CCNO	1.41	0.2952676
DRICH1	-1.55	0.2953944
ARF6	0.795	0.2953948
C11ORF88	-0.608	0.2954155
LOC145845	1.42	0.2954473
ASB13	0.566	0.2954675
OR7E37P	-0.714	0.2955063
NTSR1	-1.2	0.2955202
PLCL2	1.17	0.2955461
SRSF6	0.629	0.2955726
ATP8B4	-2.65	0.2956382
OR2A4	2.32	0.2956516
LOC101927508	-1.24	0.2956956
MEGF6	-0.628	0.295736
LOC105374177	-1.36	0.295867
ZNF721	0.634	0.2958797
NAAA	-0.63	0.295913
CAMTA1	0.838	0.2959316
SENP7	-0.619	0.2960226
KCTD6	0.69	0.2960917
RNGTT	-1.06	0.2961088
ADM	1.47	0.296127
TEKT5	0.942	0.2961338
NDUFA2	-1.65	0.2961632
LPP	-1.02	0.2961668
LOC101927447	1.56	0.2961771
PRPF40A	0.592	0.2961922
C1ORF61	-1.02	0.2962231
POLR3G	-1.24	0.2962697
KIF18B	-1.8	0.2963324
PPM1K	-0.551	0.2963331
ASTN2	0.627	0.2963594
HILS1	0.877	0.2963857
MKL2	0.65	0.2963898
MCPH1-AS1	0.709	0.296397
UBAP1	0.58	0.296443
APOBEC4	0.564	0.2964475
HOXD8	0.988	0.2964484
CASP10	-1.02	0.296456
FAM71E2	0.806	0.2965308
CRYBG3	-0.827	0.2965319
DHX8	0.639	0.296557
TMEM45B	1.78	0.2967341
LOC101928865	0.823	0.2967822
KCTD4	-0.892	0.296795
MYO1G	1.62	0.2968313
TNRC6B	0.648	0.296888
PIK3CA	0.553	0.2968966
CCDC42	-1.7	0.29691
CXCL11	-2.48	0.2969159
HTR3C	1.02	0.2969266
SMIM6	-2.54	0.2969538
MTA2	0.706	0.2969716
STK36	-0.603	0.297094
TOP1	0.564	0.2970968
PCSK7	-0.685	0.2971447
MT1G	0.58	0.2971897
TMEM92	-0.744	0.297219
RCC1L	-1.41	0.2972195
LINC00957	0.571	0.2973219
ZNF45	0.572	0.2974172
GJB1	-0.672	0.2974411
UBXN1	-1.23	0.2974746
FSIP2	1.85	0.2974949
ART5	-0.761	0.2975107
CEP83	1.17	0.2975112
KIAA0232	0.644	0.2975857
ZNF365	0.596	0.2976595
PSMA5	-0.554	0.2976669
RNF130	1.06	0.2977654
SART1	-0.571	0.297804
SGSH	-0.694	0.2978213
NAA40	-0.638	0.297848
MAP6	-1.24	0.2979039
FADS2	-0.624	0.2979187
SRRM1	0.678	0.2979325
SPG20-AS1	-1.14	0.2981362
BCO1	0.63	0.2982818
REEP5	-0.558	0.2982877
RGS1	-2.14	0.2984733
SLC20A1	-0.599	0.2984808
ASPHD2	1.42	0.2985669
CCDC18-AS1	1.13	0.2985817
OGN	-0.944	0.2985933
KCNMA1-AS1	-1.38	0.2985945
GPR20	0.961	0.2986266
NCLN	-1.29	0.2986882
ARFGEF3	-0.568	0.2987102
EPHX4	-0.732	0.298716
BPIFA4P	1.15	0.2987677
LRRK2	-0.712	0.298772
EML5	1.25	0.2987752
PHLDB1	-0.597	0.2988142
TPPP3	-1.31	0.2988376
C5ORF34	-0.863	0.2989329
NSUN3	-1.56	0.2989381
NANOG	-1.26	0.298955
THEM5	-0.73	0.2990007
PPP4R2	-0.586	0.2990408
YTHDF3	-0.611	0.2992415
MAOB	-0.701	0.2993258
ZNF227	0.636	0.2993784
FOXF2	-0.581	0.2994122
NQO1	-1.05	0.2994806
CACNA1H	1.24	0.2995174
PCYOX1L	-0.837	0.2995299
BANF1	0.586	0.2996759
LOC100996349	0.828	0.2997236
CFDP1	0.546	0.2997495
QSOX2	0.838	0.2997864
LRRFIP2	-1.6	0.2998788
LINC01279	1.1	0.2998931
KCNMB1	-1.11	0.2999137
LOC148696	-1.28	0.2999227
LINC01293	1.37	0.2999406
LINC01477	1.51	0.3001754
DUSP5P1	1.6	0.3003679
ZNF441	-0.776	0.3004052
CCDC69	-0.64	0.3004151
TIMM17B	-0.681	0.3004412
FEM1B	0.617	0.3005426
LARP4	-0.604	0.3005522
IP6K3	0.691	0.3005575
SLK	0.577	0.300661
LRR1	1.68	0.3007357
ZNF782	-0.762	0.3007507
BLM	0.59	0.3008765
NEMP2	-1.32	0.3008961
ZFYVE21	-0.67	0.3008975
SPANXA2-OT1	1.74	0.3009739
TBC1D25	0.543	0.3010408
RAB22A	0.569	0.3011212
GALNT6	-0.914	0.3011448
PLAG1	0.652	0.3011631
TDO2	0.772	0.3011857
PLBD1	-0.663	0.3012132
DNAJB4	0.623	0.3012204
AXIN2	1.58	0.3012239
TAS2R9	-0.573	0.3012258
VIT	0.855	0.301255
SIGLEC16	1.24	0.3013
PSMB7	-0.543	0.3013499
TLR6	-1.43	0.3013589
LINC00293	-1.49	0.3013883
NAALADL2	-1.85	0.30141
NMNAT3	0.609	0.3014298
GMFB	-0.638	0.3014482
CCDC50	-0.707	0.3014991
DAGLB	0.688	0.3016101
PRB1	1.09	0.3016503
MRPL30	0.541	0.3016628
LOC101928748	0.558	0.3016728
LOC105373418	-0.573	0.3016976
ETF1	-0.572	0.3017823
RCOR3	-0.589	0.3018109
MEG9	-0.596	0.3018309
E2F5	-1.54	0.3018601
STXBP2	-1.66	0.3018656
MASP1	0.966	0.3018979
TRIM17	-1.32	0.3019014
LOC158863	-0.603	0.3019022
RAB33A	0.686	0.3019497
TMPRSS3	-0.641	0.3020399
TP53BP2	-0.651	0.3020642
SFXN5	-1.48	0.3021101
KRT4	1.47	0.3021139
TMEM260	-0.715	0.3021242
SATB1-AS1	0.558	0.3021658
SIRPA	0.547	0.302283
ITPRIP	-1.29	0.3022857
ARPC1B	-0.853	0.302341
ADTRP	0.54	0.3023653
PRPS2	0.559	0.302389
TNK1	0.834	0.3024217
LOC100507388	0.799	0.3024232
ODC1	-0.639	0.3024381
NET1	-0.587	0.3024554
GABRG1	-0.888	0.3025153
CCDC126	0.679	0.3025611
LOC100505942	1.12	0.3025797
ZRANB1	0.822	0.302586
LOC102546299	-0.778	0.3026235
ACTR6	-1.97	0.3026431
ZNF414	-1.44	0.3027791
FOXN3-AS1	0.715	0.3028101
SEMA4A	0.636	0.3028418
BEX2	0.571	0.3028435
NME1	0.559	0.3029051
PTPRA	0.708	0.3029289
ATG2B	0.564	0.3029618
FAM13C	-0.664	0.3029729
TCL1B	0.746	0.3030292
ASPA	0.57	0.3030379
GGCX	0.592	0.3031635
MYO1F	-0.889	0.3031811
AIF1L	-0.587	0.303188
COL6A1	-0.622	0.3032074
CD24	-0.796	0.3032943
NHLRC4	0.688	0.3034335
FAM57B	1.29	0.3034677
SLC26A6	-0.563	0.3034746
ZEB1	0.778	0.3034827
C8ORF74	-0.693	0.3034919
ASTN1	0.619	0.3035447
MYOT	0.69	0.3035548
AP3D1	0.605	0.3035584
TMEM8B	-0.697	0.3035806
AP1G1	0.588	0.3035933
TXNRD1	-1.87	0.303619
SLC7A1	-1.2	0.3036393
DNAJC17	-0.661	0.3036753
HTR2C	1.22	0.303681
C8G	1.61	0.3036955
HMBS	0.545	0.3037747
TOP3B	-1.19	0.3038179
CYP11B2	0.6	0.3038394
SELE	-1.72	0.3038804
EDF1	-0.549	0.3039526
CLEC11A	0.638	0.3040375
PIAS1	0.727	0.3041124
TAAR3	0.772	0.3041196
SEMA3C	-0.602	0.3042308
ACER2	0.595	0.3042445
PKP2	1.07	0.3042566
PRKAB1	-0.669	0.3042813
LOC100129550	-0.673	0.3043003
DUX1	-0.967	0.3043208
INPP5F	0.666	0.3044355
B4GALT1	-0.871	0.3045632
LGALS8	-0.696	0.3045679
PHF7	1.31	0.3047389
EXT1	0.674	0.3047594
MED23	-0.546	0.304763
KCTD21	-0.675	0.3049039
IGF2BP3	2.2	0.3049751
RARG	-1.81	0.3049752
CLCN7	-0.786	0.3049907
KRBA1	-0.542	0.3050032
SLCO6A1	1.31	0.3050288
RCN3	0.764	0.3050321
PSMG3	0.563	0.3051122
CTTNBP2NL	-0.805	0.3051419
OR1G1	0.877	0.3051437
SLC5A8	-0.581	0.3052842
WBSCR17	1.08	0.3053033
TRIM9	0.603	0.3053196
LINC01069	1.58	0.305516
PLD6	-1.69	0.3056692
GPR82	-0.77	0.3057495
SWSAP1	-0.615	0.3057503
CYP2A7	0.969	0.3057752
LINC01197	-1.87	0.3057824
PLEKHA6	-1.17	0.3057971
TMEM51-AS1	2.06	0.3058064
PRPF31	1.54	0.3058178
ME3	0.542	0.3058264
SLC6A13	0.675	0.3058367
TMEM62	1.58	0.3058664
HOXB4	0.938	0.3058668
DCLRE1B	0.538	0.3058972
LOC151121	0.546	0.3059181
HYDIN2	1.08	0.3059365
RCHY1	0.595	0.3060251
ELP5	0.577	0.3061026
TNFRSF10B	-0.564	0.3061113
LOC101929748	0.564	0.3061553
UBQLN1	0.66	0.3062047
SRXN1	0.797	0.3062106
MORN2	-0.578	0.306281
HCCS	0.604	0.3063034
CYP11A1	1.04	0.3063319
TRIM59	-1.13	0.3063837
LOC202181	-0.728	0.3065184
KRT40	1.54	0.3065475
LIX1L	0.538	0.3067506
NCBP1	-0.899	0.3068043
MAPK12	-0.835	0.3068615
TRIM52-AS1	0.539	0.3068656
CPNE7	-0.826	0.3069496
SEPHS1	-0.568	0.3069883
RASGRF2	-0.968	0.3070155
CD1B	1.78	0.3070274
PPP2CA	0.731	0.30707
TRPC7	0.544	0.307106
LOC100288123	-2.04	0.3074467
FSIP1	-1.56	0.3074819
RNF126P1	-0.929	0.3075414
UPF3A	0.82	0.3075707
CHRM1	-0.926	0.3075923
ZSWIM7	0.659	0.3076397
C6ORF136	0.586	0.3077815
ADCK2	-1.59	0.307862
IFT20	0.57	0.3078999
KAT2A	0.622	0.3079007
ANKLE1	2.2	0.3079061
CCDC153	-0.655	0.3080013
SLC25A45	-2.28	0.3080699
RGL4	0.916	0.3080959
ERVK3-2	2.38	0.3081436
FLJ45513	-1.28	0.308223
BTG2	-1.33	0.30829
TTLL6	-0.555	0.3083207
SUPT16H	0.81	0.3083263
P2RY12	0.608	0.3083312
DKFZP564H213	-1.17	0.3083637
DHX15	0.596	0.3083913
SSPN	1.29	0.3084143
TMEM185B	-0.921	0.3084465
SDC4	0.85	0.3084885
TANC2	-0.557	0.3085284
SPERT	0.577	0.3085592
OR2M4	-0.814	0.3085824
WDR36	0.831	0.3086509
SOX13	-0.682	0.3086706
BAHCC1	0.849	0.3087262
MRPS22	0.532	0.3087434
ECI1	0.543	0.308765
LOC646522	1.72	0.3087655
LAMP3	1.22	0.308789
FAM186A	-1.72	0.3088052
ARHGEF37	-0.666	0.3088122
GTF2H1	-0.553	0.3088199
DNAJC3	-0.558	0.3088684
PLEKHM1	1.64	0.3089376
BOC	0.605	0.3089426
NLRC4	-0.928	0.3089649
METRNL	0.626	0.3090446
DLX2	-1.4	0.3090979
PLA2G5	2.11	0.309202
DRC3	-0.745	0.3092215
KCNK10	-2.74	0.3092619
ADCY9	0.557	0.3092777
IRF8	-0.648	0.3092967
NDUFA11	0.806	0.3093255
LINC00309	-0.614	0.3093537
SLC25A44	0.577	0.309471
ZBTB11-AS1	2.14	0.3095075
BBS4	-0.544	0.3095307
CEP164	-0.772	0.3095373
ABHD12	-0.703	0.3095414
ZNF563	-0.592	0.309543
LOC84214	1.54	0.3095789
SUGP2	-0.554	0.3095946
LOC283045	-0.589	0.3096009
LOC93444	1.09	0.3096197
KLF16	1.06	0.3097757
C3ORF38	0.662	0.3097885
CANX	-1.45	0.3098245
ADIPOR2	-0.634	0.309834
LMO2	0.628	0.3098407
ZBP1	-0.602	0.3098422
LINC00908	1.33	0.3098504
SMARCD2	0.583	0.3098966
SRSF10	0.695	0.3099015
COLEC12	-0.536	0.3099232
SEC61B	0.924	0.3099448
NAA20	-0.532	0.3099752
MED29	-0.79	0.3099841
CLCN4	0.767	0.3099963
PTPRD-AS1	-1.11	0.3100156
LINC00867	1.98	0.3100959
LINC00881	-0.667	0.3101964
PCNP	0.537	0.3102716
NBAT1	1.14	0.3103169
SLC7A10	1.05	0.3103614
PDCD6IP	-0.666	0.3103952
SEMG1	-1.53	0.3103966
NPR1	0.562	0.3104064
VAMP5	-0.6	0.3104322
UBBP2	-0.84	0.3104402
COX19	0.72	0.3104432
TFG	-0.767	0.3104523
ZNF395	0.535	0.3105078
TTC6	1.81	0.3105297
SPHK2	-1.05	0.310549
AKR1C6P	-0.803	0.3106075
NLGN4X	1.0	0.3107007
LOC101928618	-2.46	0.3107199
GRIK1	0.62	0.3107709
SDPR	-0.647	0.3108696
SLC39A4	0.92	0.3110026
LINC01304	1.26	0.3110058
ACTB	-0.789	0.3110091
LOC100131662	-0.848	0.3111834
BBIP1	-0.532	0.3112397
LOC100128751	-0.583	0.3113199
BNC2	-2.16	0.3113763
VWA5B1	0.77	0.3114641
TCEANC	0.543	0.3115342
CHEK2	-1.16	0.3115449
PUS10	-0.919	0.3115452
IER3	-0.655	0.3116432
EP400NL	-0.681	0.3116633
COMMD8	-0.534	0.3116664
NOTCH2	-0.608	0.3117314
WDR77	-0.632	0.3117421
SAMD8	-0.57	0.3117943
DDX58	-0.674	0.3118523
GCFC2	-0.596	0.3119108
DNAJC7	0.609	0.3119892
ALDH1A3	-0.768	0.3120796
HIST1H1B	0.711	0.3120847
CMAS	0.656	0.3122419
TXLNB	-2.03	0.3123429
ERF	-0.832	0.3123622
BAIAP2-AS1	0.585	0.3123691
TLX3	2.47	0.3124128
LINC01104	1.15	0.312464
ZNF503-AS2	-1.73	0.312575
SELENBP1	0.557	0.31265
MAPRE3	-1.47	0.3126799
GRK3	0.727	0.3126832
NUFIP2	0.55	0.3127453
RBM38	0.561	0.3128489
HIST1H4PS1	2.21	0.3128693
PCAT6	0.788	0.3130931
HIF3A	-0.601	0.3132033
C20ORF166-AS1	0.585	0.3132113
NMRAL1	-0.669	0.3132321
C1GALT1C1L	-0.534	0.3132872
UTS2	2.89	0.3133018
CCDC185	-2.18	0.3133117
LOC253573	1.91	0.3133505
PTP4A1	1.57	0.3133539
LGI3	-0.708	0.3133648
USP24	0.538	0.3133857
DSTN	-0.528	0.3134183
PHEX-AS1	0.988	0.3134282
CASP2	0.825	0.3134383
IL12A-AS1	0.567	0.3134639
CTSO	-0.546	0.3134948
FZD2	0.972	0.3135051
ALOX12P2	0.932	0.3135658
ZNF627	0.573	0.3135715
PTPRF	0.561	0.3135898
CD93	-2.07	0.3136051
RFC1	-2.22	0.3137228
SP1	0.527	0.3137242
WDR59	0.534	0.3137517
LOC401068	-2.44	0.3138735
FGF14-AS2	-0.53	0.3139043
ZNF10	-0.614	0.313965
ADGRF4	-0.851	0.3140255
GNG8	-0.914	0.3140642
GPR158	1.29	0.314265
NAA16	0.571	0.3142978
LAMA5	0.774	0.3143047
LOC102724094	0.668	0.3143378
PTEN	0.758	0.3144274
GAPT	-1.53	0.3144926
INTS4P1	1.67	0.3145165
BARHL1	1.82	0.3145248
VPS53	1.28	0.314583
FAM219B	-0.558	0.3146598
SLC25A42	0.59	0.3146896
WDR48	-0.586	0.3147659
SSTR2	0.803	0.3147793
NCAPD2	0.712	0.314783
BMPR2	-0.561	0.3148936
ADAMTSL3	-0.981	0.3149131
ZNF689	0.583	0.3149396
NCL	0.888	0.314945
LINC00667	-0.749	0.3149851
ANKRD44-IT1	-0.562	0.3150126
PKIB	2.38	0.3150358
DTWD2	0.585	0.3150497
RASL11A	0.862	0.315089
ARID2	0.679	0.3151399
LAMB3	0.594	0.3151781
ROR1-AS1	1.7	0.3151985
PIGW	-0.59	0.3152117
BARX1	1.09	0.3152486
LOC401176	0.683	0.3152494
DNTTIP2	0.523	0.3152659
AK3	-0.603	0.3153217
ZFPL1	0.768	0.3153566
PSMA8	-0.892	0.3153798
NTRK2	0.696	0.3154647
AFTPH	0.681	0.3155423
TECPR1	-0.595	0.3156487
FBXL14	0.587	0.3156747
WDCP	0.598	0.3156778
ATP13A3	-0.903	0.3157514
TMEM38A	0.675	0.3157574
MMP11	0.533	0.3157609
LINC00642	0.543	0.3158385
POPDC2	-0.926	0.3158449
ZNF572	-0.796	0.3158898
RNASEH2A	-0.586	0.3159159
LOC100288490	-0.629	0.3159281
RACGAP1	0.603	0.3159636
MGC15885	-1.44	0.315978
SH3BP5-AS1	-0.993	0.3160011
ZP2	2.43	0.3160531
TMEM132D	0.785	0.3160903
SIGLEC8	-0.88	0.3161181
PGRMC2	0.522	0.3161201
GNPTAB	0.733	0.3161434
ATP10D	-0.544	0.3161523
EPB41	2.61	0.3161999
RPL12	-0.617	0.3162094
TLDC2	1.5	0.3162604
LOC101928968	1.56	0.3162751
SRGAP2C	0.919	0.3162952
MAP3K15	-1.36	0.3163336
DISP3	0.751	0.3163695
AGXT2	-1.38	0.3163811
LSM8	0.954	0.3165591
CCDC93	-0.731	0.3165625
ZNF256	-0.631	0.3165846
ATG10	-0.578	0.3167072
CCDC53	-0.556	0.3167703
CYP7A1	2.48	0.3168284
GATAD2A	0.615	0.316902
C1GALT1	-0.569	0.3169308
FAM71C	0.648	0.3170121
RP2	-1.48	0.3172896
C6ORF62	-0.646	0.3173519
IER2	0.563	0.3173652
BLNK	-0.774	0.3173809
TRNT1	0.587	0.3174271
FLJ37453	1.45	0.317577
WDFY3	0.522	0.3175773
IFT88	-0.62	0.3176178
LOC101929084	-1.49	0.3176255
ENDOU	-1.16	0.3176609
SAE1	0.574	0.317721
WDR1	-0.564	0.3177532
ADPRHL2	0.519	0.3177653
TMSB4X	-0.535	0.3178427
FFAR2	-1.97	0.3178518
ZBED2	-1.49	0.3178937
KLHDC4	0.519	0.3178997
MRPL27	0.528	0.3179575
LPO	-2.01	0.3179652
CAB39L	-0.662	0.3180274
LUM	-2.37	0.3180742
EIF2S1	0.527	0.3180856
PHGDH	0.703	0.3180887
GUSBP1	-0.702	0.318108
C14ORF178	-0.976	0.3181509
C3P1	1.42	0.3182262
C9ORF78	0.581	0.3182539
ADGRG2	0.634	0.3183424
GALNT8	0.557	0.318368
UBL3	0.546	0.3184045
CHD9	-0.884	0.3184103
NUDT18	-1.31	0.3184205
SLC35A2	0.619	0.3184439
CRB1	1.25	0.31846
NRK	2.6	0.3184802
HAGH	0.562	0.3185195
ZBTB45	-0.942	0.3185267
NAA15	0.541	0.3185485
JAKMIP2	0.584	0.3186378
ZAN	0.664	0.3186463
ATP5D	0.518	0.3186548
C19ORF70	-0.579	0.3187605
AGXT	1.42	0.3187658
NIPSNAP3A	-0.76	0.3187831
CASP4	-0.612	0.3188014
ACTL8	0.847	0.3188616
MORN4	-0.641	0.3188816
NDE1	0.622	0.318883
SSBP4	1.06	0.3189857
CHMP6	-0.545	0.3190165
GLCCI1	1.05	0.3190933
PRPF38B	0.739	0.3191044
RDH12	-1.18	0.3191154
CRB3	1.7	0.3191657
HMGXB4	0.525	0.3191794
PHYH	0.522	0.3192191
LINC00935	1.1	0.3192811
SLC39A5	-1.24	0.3194193
ZFHX4	-0.877	0.3194405
AFF2	0.908	0.3194583
HAUS1	-0.618	0.319468
COL11A1	0.715	0.3194808
GNRHR2	1.28	0.3194963
WDR83	0.519	0.3195531
PART1	-1.78	0.319641
STX18	-0.735	0.3196659
SPON1	-1.86	0.3196758
TMEM65	0.573	0.3197009
SNORA72	0.595	0.3197632
KCNT2	-0.557	0.3197681
JPH1	1.36	0.3197954
ABCC3	1.52	0.3198085
MBOAT7	-0.614	0.3198153
GPR153	0.62	0.3199137
CFP	1.07	0.3199925
SNX13	-0.786	0.319998
CCT4	0.646	0.3200353
CIB4	2.05	0.3200463
ESRP1	1.76	0.3200493
DCTD	-0.542	0.3200503
ATP6V0A2	-0.644	0.3200538
HAGLR	-1.65	0.3200833
SEMA4D	0.818	0.3201686
SNRPD3	-0.527	0.320184
LOC100130691	-0.624	0.3202004
ARL11	-0.53	0.3202695
RAB20	0.864	0.3203203
RNA45S5	-1.17	0.3203255
TBC1D31	0.524	0.3203309
GRAMD2	0.566	0.3204179
CMTM2	-1.29	0.3204267
JRK	-0.818	0.3205993
TNFRSF11A	-0.53	0.3206546
ZNF808	1.32	0.320661
KANK1	-0.669	0.3206633
GSTCD	-0.603	0.3207552
SMIM13	0.76	0.3207559
SOCS5	0.776	0.3207717
FAM83C-AS1	-1.92	0.3207881
VGF	0.563	0.3208634
RLBP1	-0.604	0.3210509
LRRC32	-0.714	0.3211138
SNAPC5	-0.526	0.3211374
MSLN	0.914	0.3211746
SLC30A10	-1.2	0.3211989
TCAF1	1.2	0.3213046
RSL1D1	0.745	0.3213102
SETBP1	0.669	0.3213137
LCT	0.841	0.3213445
LATS1	-0.763	0.3213602
TTC23	-0.665	0.3213928
PSD4	0.66	0.3214201
APOBEC3G	-0.75	0.3214276
SLC25A47	1.8	0.3214684
BCAN	-0.642	0.3214773
MAMLD1	0.868	0.3215774
LDOC1	-0.526	0.3215873
FAM126B	0.868	0.3216994
GTF3C4	0.801	0.3217057
B9D1	-1.6	0.3217568
TNP2	-0.77	0.3218152
IGHMBP2	-0.745	0.3218297
APPBP2	-0.642	0.3218319
ZNF583	0.569	0.3218417
HIST1H2BC	-0.531	0.3218898
C8ORF59	-0.598	0.3218956
FAM111A	-0.888	0.3219072
PENK	0.826	0.3219279
HOOK1	1.22	0.3219478
INPP5J	1.22	0.3219823
CPNE8	0.529	0.32201
LOC106146153	0.568	0.3220409
RTN4	0.703	0.3220545
MT3	-0.593	0.3220827
LINC00265	-2.0	0.3221415
LOC101927824	1.45	0.322174
RHOD	0.556	0.3223425
SNAP29	0.558	0.3223796
CASQ1	0.538	0.3223813
ADAMTS13	-0.674	0.322383
CERS3	-2.23	0.3223897
ZNF836	-1.89	0.3223929
CCDC152	-0.602	0.3226035
TRMT10B	0.579	0.3226154
SLCO1B1	1.66	0.3226208
ZCCHC6	-1.4	0.322639
GDE1	-0.79	0.3226623
DCAF16	-0.989	0.3226881
LOC283435	-0.513	0.3226961
TMEM242	0.727	0.3227019
FAM63A	0.586	0.3227116
TJAP1	-0.554	0.3227609
SREK1	-1.47	0.3228284
TRIM78P	-0.863	0.3229663
PQLC1	1.8	0.3229843
NDUFS2	0.534	0.3230478
NUDT12	-0.643	0.3230824
FXYD1	-0.562	0.3231008
ABCG4	0.841	0.3232429
UEVLD	-0.651	0.3232742
SPEM1	0.608	0.3233034
GZMM	-1.58	0.3233092
SORCS1	0.997	0.3233685
KCNH8	0.91	0.3233803
TMEM187	-0.644	0.3234406
GDNF	1.45	0.3234443
SLC26A8	1.71	0.3234775
MRM1	-1.58	0.3234851
BAX	0.548	0.3235045
RPL35A	-0.928	0.3235761
ATP5L	0.562	0.3235855
FBLL1	0.552	0.323691
ACSBG1	-1.29	0.323729
LINC01140	0.533	0.3237461
PRDM15	-1.73	0.3237502
ANXA11	-0.557	0.3237658
SSRP1	0.52	0.3237696
FBXW7	1.73	0.3237983
RPS6KA2-AS1	1.5	0.3238399
THRA	0.681	0.3238857
MGC24103	-1.37	0.3240115
C11ORF80	1.13	0.324026
SAXO1	-0.986	0.3241965
IL17RE	0.837	0.3242355
COX18	1.6	0.3242377
PHF20L1	-0.549	0.3243573
GABRD	3.08	0.324399
SLC16A4	-0.769	0.3244505
MYOZ1	-0.611	0.324457
WAC-AS1	-0.601	0.3244946
CCDC186	0.646	0.3245035
TMEM50B	-0.514	0.3245228
TET2	0.604	0.3246008
USH1G	-1.63	0.3247065
LINC00588	-2.87	0.3247628
HNCAT21	1.91	0.3248287
BPIFA1	1.27	0.3248425
LOC100506472	0.564	0.3248609
TIAF1	0.79	0.3249087
RBMS1	-0.616	0.3249427
TRMT2B	-0.551	0.3249626
PAPSS1	-0.567	0.3249815
NIPSNAP1	-0.551	0.3250068
TTC21A	-0.593	0.3250371
FAM71F1	-2.19	0.3250578
CHIC2	0.53	0.3250886
LOC730202	-2.1	0.3251152
LINC00493	0.527	0.325142
LOC284219	1.1	0.3251734
LOC728323	0.522	0.3252146
SFN	2.36	0.325257
CRIPAK	-0.532	0.3252687
LINC00280	0.591	0.3252735
ATAD2B	-0.824	0.325339
OSBP	0.669	0.3253975
ZIC5	0.803	0.3254658
RORA-AS1	1.38	0.3255785
PPP1R7	1.81	0.3256287
GPX1	-0.733	0.3257685
REG3A	-1.4	0.3258629
PPP3CB-AS1	-0.614	0.3259364
SERPINF2	-1.33	0.3259368
HBD	-0.777	0.326022
L1CAM	0.78	0.3260444
MYOG	0.883	0.326069
CYP4F3	-0.838	0.3261704
ANXA9	0.883	0.3262278
LYPD5	0.839	0.3262383
FAAP100	-1.0	0.3262879
LRFN3	-0.881	0.3263128
PUDP	-0.53	0.3263479
OTX2-AS1	-2.26	0.326443
CLIP3	-0.521	0.3264834
LOC101928370	-1.87	0.3264842
ICE2	-0.587	0.3264886
GVQW2	0.562	0.326526
THAP6	-0.514	0.326539
NUP153	0.564	0.3265651
LOC340357	0.838	0.3265678
GSTT2	-1.54	0.3265917
PPP2R5A	-0.608	0.3266962
CYP4Z1	-1.58	0.3267209
SNX1	-0.596	0.3267854
FAM229A	-0.56	0.326811
NUDT9	0.515	0.3268444
MYO1A	-0.836	0.3268787
WEE2-AS1	-1.11	0.3268825
LOC285889	-1.56	0.326887
BHMT2	-0.558	0.3268981
DMC1	-1.91	0.3269019
PLCB1	-0.557	0.3269219
STAC2	0.51	0.3269396
COL24A1	-2.0	0.3269518
XIAP	0.514	0.3272246
CCDC28A	0.542	0.3274508
IMMP1L	-1.04	0.3274765
SYT9	0.634	0.3274828
INPP4B	-1.3	0.3275405
CD247	0.794	0.3275897
ZNF675	0.56	0.3276017
SERTAD4-AS1	0.916	0.3276434
GTF2H4	-0.546	0.3276528
KIAA1522	0.745	0.3276767
FAM26E	-1.16	0.3278217
ASAP3	0.651	0.3278584
EEF1AKMT1	-0.529	0.3278633
BACE2	-0.837	0.3278772
ITGB2	-1.61	0.3278912
CD300LF	-1.67	0.3279399
LOC105371809	0.603	0.3279937
HCN2	0.517	0.3280522
RBM22	-1.04	0.3280613
NEDD1	-0.511	0.3280817
TAMM41	-0.606	0.3281106
CYB5D2	-0.641	0.3281441
KIAA1755	-1.85	0.3281848
LOC101928697	1.81	0.3282085
NDUFV1	1.1	0.3282119
ABTB1	-2.03	0.3282836
SOCS2-AS1	-1.19	0.3282971
HDAC8	-0.593	0.3283429
NTPCR	0.725	0.32835
LOC730102	-0.821	0.3284004
SMARCD3	1.19	0.3285595
C1QA	-1.04	0.3285902
SCN3B	-0.615	0.3286078
SFR1	-1.1	0.3286187
MEIG1	-1.75	0.3286567
TCEB1	0.506	0.3286937
SGO2	-0.682	0.3286937
IRAK1BP1	-0.555	0.3287119
ZNF70	-0.707	0.3287317
LOC105371920	-0.732	0.3287625
GOLGA1	-0.56	0.3288141
SULT2A1	2.22	0.3288458
NALT1	0.591	0.328869
POU5F1P4	-1.24	0.3289182
CRYGC	1.45	0.3289209
SF3B4	-0.542	0.328976
G6PC3	-1.83	0.3289871
AGL	-0.609	0.3290076
TMEM198	-1.4	0.3290496
LOC102724842	0.515	0.3291543
CERK	0.608	0.3291951
C5ORF24	1.08	0.329235
ILDR2	-0.538	0.329237
LOC105372179	1.18	0.3292666
NT5C2	-0.63	0.3292954
NFKBIZ	0.527	0.3293419
ARHGAP24	-2.0	0.3293569
C8ORF34	-1.82	0.3293858
TNKS2	0.52	0.32939
CHL1	-0.748	0.3294138
ART3	-2.29	0.3294196
ZNF29P	1.06	0.3294197
DRAP1	0.518	0.3294244
SLF1	0.772	0.3294386
MAP4	1.14	0.3294627
HP1BP3	0.52	0.3294786
NOP9	0.569	0.3294791
HDLBP	-0.555	0.3295455
CLEC5A	-2.93	0.3295919
LRRC63	-1.31	0.3296062
IPO7	0.556	0.3296256
RIN1	0.746	0.3296763
MCTP1	0.571	0.3296852
MSRB1	-0.687	0.329729
PACS2	-0.518	0.329774
ST6GAL1	-0.693	0.3297818
FAM204A	-0.577	0.3298409
LINC00836	-0.794	0.3298622
NKX2-1-AS1	0.907	0.3298634
LOC100506691	1.42	0.3298755
LOC101928510	1.47	0.3298774
BLVRB	-0.671	0.3300022
CTNNA2	0.716	0.3300142
ZBTB39	0.535	0.330122
LOC440173	0.848	0.3301328
MCCC2	-1.11	0.3301863
SYMPK	-0.932	0.3302049
MYO1C	-0.548	0.3302771
HSP90B1	0.525	0.3302917
SDS	-0.601	0.3303089
MIR146A	0.753	0.3303785
ZNF334	-1.18	0.3303791
LINC01599	-1.32	0.3304095
NPM3	0.642	0.3304297
TTC32	-0.635	0.3305082
MKLN1	-0.58	0.3306265
DIXDC1	-0.671	0.330641
CAPN15	1.16	0.330659
AGBL3	1.33	0.3306817
TNFSF13	-0.597	0.3307054
RAP1GDS1	0.99	0.3307524
PRKCSH	-0.555	0.3308115
HSD11B1L	0.531	0.3308395
PTGS2	-1.28	0.3308657
ANKRD33	-0.773	0.3309614
GNMT	-1.46	0.3309862
ELFN1	0.526	0.3310184
DLEU7-AS1	-1.96	0.3310393
HORMAD1	0.559	0.331048
SEZ6L2	0.699	0.3310745
ZCWPW1	-1.04	0.3310831
KCNK4	0.807	0.3311118
ATL2	0.701	0.3311884
SYNRG	-0.521	0.3312709
YIPF1	0.511	0.3313076
TSR3	1.51	0.3313597
LOC283194	0.867	0.3313879
TMEM177	0.598	0.3314535
MYL1	1.72	0.3314572
PEX6	-1.49	0.3314586
GUF1	-0.79	0.3314623
LOC102724362	0.509	0.3315525
UBE2QL1	1.59	0.3315782
CNGA1	-0.595	0.331602
SOX11	0.849	0.3316319
LOC646214	-0.616	0.3317141
DYRK2	0.555	0.3317572
OR51B6	-0.508	0.3318113
CCDC138	1.68	0.3318448
KRT35	1.4	0.3318855
ARID3B	0.628	0.3319086
MPLKIP	0.516	0.3319169
LOC286238	0.707	0.331954
LINC00630	-1.52	0.3319553
GALNT2	0.623	0.3319629
CTC1	-1.85	0.3320196
ZNF271P	-0.553	0.332087
ETV5	0.684	0.3321773
FBN1	-0.607	0.3323007
LINC00559	1.25	0.3323576
CRISPLD2	0.549	0.3323664
GAK	1.05	0.3323741
AKAP17A	0.578	0.3324202
COQ3	0.753	0.332424
MEF2A	-0.652	0.3324247
PMS2P3	-0.566	0.3324412
C5	-0.677	0.3325046
CROCC	1.56	0.3325199
SIGLEC17P	0.525	0.3325554
MPZL2	-1.36	0.332565
ATF5	1.02	0.3325685
BRMS1L	0.567	0.3325891
HTT	0.523	0.3326228
LOC284379	-0.905	0.332647
UCMA	-1.14	0.3326547
GRIN2C	1.92	0.3326801
LOC646626	1.64	0.3327259
HLTF	-0.527	0.3327277
PLAT	-0.699	0.3327468
HOXC5	1.14	0.3327774
CAMSAP2	0.723	0.3327785
LOC93463	-2.25	0.3328459
C16ORF89	-0.571	0.3328867
NLRX1	-1.36	0.3328931
ASB2	-0.868	0.332922
SNX18	0.697	0.3329783
AQP4	0.607	0.3329983
LPP-AS2	-0.784	0.3330009
FKBP5	-0.867	0.3330069
MROH9	-1.51	0.3330444
KIZ	0.635	0.3330473
RPUSD3	1.68	0.3330674
VPS41	-0.517	0.3331523
ASB7	-0.67	0.3331735
MPI	-0.845	0.3331974
CDX4	1.3	0.3332114
LSAMP	0.502	0.3332185
KIAA1549	-0.673	0.3333045
NSD1	-0.564	0.333309
LINC00920	-1.23	0.3333315
ATP1A1	1.22	0.3333771
ZC3H14	1.2	0.3333903
PNO1	-0.752	0.3335173
GNPTG	-0.52	0.3335253
CDK2	-1.74	0.333583
TTYH1	-0.51	0.3336052
ATP6	0.559	0.3336506
LOC100132735	1.74	0.3337051
KRTAP5-AS1	0.699	0.3337089
MRPL24	-0.62	0.3337848
DUS3L	0.517	0.3337993
ZNF550	0.51	0.3338003
FAM179A	-0.715	0.333803
LINC00943	0.68	0.3338237
FOCAD	-0.626	0.3338858
CKAP4	0.526	0.3338959
GHR	-0.693	0.3339143
CCT5	0.709	0.3341211
WTIP	1.34	0.3341674
TMEM64	-0.565	0.3341753
DDX53	-1.72	0.334242
COLCA2	-0.673	0.3342914
ZNF346	0.504	0.334337
MEPE	0.972	0.3343597
ERAP1	-1.29	0.3343761
MAP6D1	0.594	0.3343983
ECHDC1	-0.525	0.3345056
KIAA0319	-1.15	0.3345655
ZNF501	-0.722	0.3345671
CCNL1	0.668	0.3347088
PCNX1	-0.643	0.3347238
TIRAP	0.505	0.3347512
TBCE	-0.608	0.3347677
PURA	0.616	0.3348327
GTF2F1	-0.636	0.3348584
DIS3L	-0.562	0.3348838
KLHL10	1.27	0.3348974
PSG1	0.512	0.3349253
TMEM234	1.69	0.334942
SEC23A	0.641	0.3349509
LINC00893	-1.69	0.3349612
FMC1	0.527	0.3350473
BRCC3	-0.546	0.3350609
KIAA1524	-0.669	0.3350633
FLNA	-1.09	0.3350636
PSMB4	0.779	0.335167
OXCT2	0.581	0.335182
VPS8	-0.723	0.3352907
LOC729887	0.818	0.3353316
TBC1D10A	0.551	0.3353464
AGBL5	-0.647	0.3353959
BICC1	-0.692	0.3354247
CLDND2	1.85	0.3354645
TMEM30B	-0.589	0.3354906
HELB	-1.24	0.3355555
NAALADL2-AS3	0.81	0.3355938
SPTA1	1.22	0.335654
NCF1	-0.656	0.3356589
PDZD4	1.33	0.3356673
SUPT4H1	-0.634	0.3356886
HECW2	1.25	0.3357317
LOC100506274	1.19	0.3357609
GABRQ	-1.36	0.3358089
PQLC3	0.929	0.3359889
CREBRF	0.757	0.3361049
VTI1A	-1.46	0.3361697
L3MBTL4	-1.12	0.3361765
TP53	0.728	0.3361986
OIP5-AS1	0.947	0.3362089
PAPPA2	-0.53	0.3362269
HLA-DPB2	0.915	0.3362336
EDNRA	-1.05	0.3362717
PCMTD2	-0.604	0.3363773
ANKRD10-IT1	-0.963	0.3364183
KIAA1147	0.611	0.3364389
AGAP1	0.631	0.3364676
ANKRD34C	0.818	0.3365099
KDM2A	0.513	0.3365249
ACTN2	-0.96	0.3365356
TRIM22	-0.821	0.3365452
PUS3	0.589	0.3365467
PTER	-1.06	0.3365481
LOC100127955	-1.07	0.336558
SHANK3	0.959	0.33662
WDR88	-0.614	0.3366624
HCLS1	-0.989	0.3366627
AIP	0.505	0.3366647
LINC00842	1.67	0.3366719
GCC2-AS1	0.637	0.3366999
SLC9A3R1	0.551	0.3367365
TUBG2	0.589	0.3367599
ALKBH8	0.616	0.3367916
PRAF2	-0.501	0.3368155
DGCR12	-1.68	0.3368656
ERC1	-0.524	0.3368671
ELP6	-1.11	0.3369509
SPIB	1.47	0.3369523
WDR90	0.704	0.3369884
SPHK1	0.841	0.3370176
IL13	-1.51	0.3370453
FLRT1	0.645	0.337055
ST6GALNAC3	-0.563	0.3370799
C14ORF180	0.767	0.3370911
REG1B	1.6	0.3371362
GDF15	-0.884	0.3371437
NRCAM	0.509	0.3371441
PPM1H	-0.606	0.3371962
SPTBN5	-0.606	0.3371992
C9ORF40	0.503	0.3372104
OXT	1.36	0.3372387
TACR2	1.13	0.3372766
EPHA1-AS1	1.27	0.3372774
GYPB	0.893	0.3373012
VIL1	1.12	0.3373131
EIF4E	0.497	0.3374181
MTDH	0.62	0.3374375
LOC101927623	1.26	0.337449
FURIN	0.783	0.3375254
MOP-1	2.29	0.3375392
GLRX5	0.631	0.3375431
COL2A1	-1.36	0.337554
ZZEF1	1.35	0.3376487
KIF11	-2.22	0.3378503
LOC100505666	-0.561	0.3378913
N4BP3	0.563	0.3379881
KCNMB2	0.96	0.3381524
TAS1R2	1.74	0.3381956
MGC40069	1.14	0.3382517
WDR44	0.626	0.3382683
CDC42EP2	-2.36	0.3383081
LGI2	0.878	0.3383474
ALS2	1.07	0.3383682
BRD3	0.524	0.3384119
ADGRF3	-1.19	0.3384622
TMEM92-AS1	-0.703	0.3385202
RETN	0.954	0.3385349
HABP4	0.523	0.338541
HEBP1	0.625	0.338576
PEA15	-0.516	0.3386389
LOC100133669	-1.13	0.338689
TCF21	-1.35	0.338708
LOC101927058	2.3	0.3387431
BRSK1	0.495	0.338752
LOC100132078	0.637	0.3387715
ABHD18	-0.524	0.338773
SLC27A5	-1.63	0.3388024
LINC01094	-0.846	0.3388126
PDE12	0.498	0.3388291
MIXL1	-1.34	0.3388776
MRVI1	-1.33	0.3388886
KRTAP9-8	1.33	0.3389472
LOC100505938	1.31	0.3389782
MSTN	-2.24	0.338989
ANKRD35	0.499	0.3390024
MARC1	-1.15	0.3390492
LOC101928405	0.776	0.3390507
KRR1	-0.56	0.3390779
SPACA1	0.627	0.3391062
DSTYK	0.499	0.339149
C1ORF52	0.794	0.3392474
DDX18	0.51	0.3392585
LOC101927974	0.749	0.3394475
COQ10A	0.597	0.3394888
CHAC1	1.07	0.3395248
SNX17	-0.56	0.3395333
GAREM1	-0.523	0.3396091
FLJ21408	0.547	0.3396191
PARP10	-1.06	0.3396245
ADH7	-0.722	0.3396488
TLK1	2.16	0.3396546
AAK1	0.502	0.3397052
HOXA6	0.497	0.3397244
HPSE2	-0.742	0.3397537
OSBPL7	0.894	0.3398417
EXOSC2	-0.546	0.3399039
PADI2	-0.852	0.3399125
LOC100996506	0.521	0.3399492
THAP11	0.526	0.3399935
CCL27	0.607	0.339995
REV3L	0.527	0.3400218
PCYT1B	-0.68	0.340029
C4ORF22	1.59	0.3400555
MBNL3	-0.914	0.3400599
CPA2	-0.547	0.340082
KIAA0513	1.24	0.3401091
GNL3L	-1.29	0.3401627
IPCEF1	0.939	0.3401628
AIG1	-0.628	0.340238
UQCC1	-1.27	0.3403106
RAB11FIP1	-1.15	0.3403289
DENND4C	0.523	0.3403695
RAMP3	-0.854	0.3403729
ASAP1-IT2	0.511	0.3404304
TAC1	-1.11	0.3404337
MCM9	-0.494	0.3404598
DNAL1	-0.559	0.3404633
UBA52	-0.512	0.3404679
CCL25	1.66	0.340475
LOC401134	2.05	0.340569
KRT33B	0.8	0.3405865
ERBB4	1.36	0.3405892
CCDC124	0.705	0.3406348
LOC103611081	0.534	0.3407093
OXR1	1.26	0.3407169
STX17-AS1	-1.2	0.3407236
ZCCHC10	-0.77	0.3407291
PNCK	0.51	0.3407912
LIX1	-0.689	0.3408358
PLPPR1	-1.36	0.3409094
ORMDL2	-0.707	0.3409335
GTF2E2	0.501	0.3410079
UBR5	0.504	0.3410525
MITF	-0.712	0.3410774
LOC100131763	-1.43	0.3411284
LGR5	-0.657	0.3411622
GALK2	0.614	0.3411719
TTI2	0.552	0.3411863
IRAK4	-0.856	0.3412099
POLI	-0.587	0.3413957
GOLGB1	-0.51	0.3414244
POLR3C	-0.679	0.3414489
PYY	1.11	0.3414748
ENDOD1	-0.79	0.3414786
BEX1	0.645	0.3415521
VPS36	0.685	0.3415922
MTERF2	0.513	0.3416131
RPF1	0.539	0.3416155
THY1	0.71	0.3416439
MFSD4B	-0.569	0.3416471
SP140	-1.81	0.3416889
CHST9	-1.37	0.3417332
GPR45	1.37	0.3417521
HLA-DPB1	-0.582	0.3417567
DDX27	0.518	0.3417647
BTN1A1	0.556	0.3418082
ARRDC3	-0.577	0.3418472
LYPLAL1	-0.575	0.3419596
KIF13A	0.499	0.342122
SNRK	-1.66	0.3421232
CEP350	-0.534	0.3421652
GPR137C	0.578	0.3421986
DNAJC24	-1.07	0.3422848
PAQR6	-0.618	0.3422863
ETFDH	-0.686	0.342312
FBXL19	0.629	0.3423564
COL5A1	0.995	0.3424199
LOC284578	-1.45	0.3424602
MAP4K5	0.51	0.3424612
GDF10	-1.69	0.3425042
GJD2	-1.47	0.3425448
MUT	0.518	0.3425559
SYDE1	-0.54	0.3425674
RHOBTB2	0.641	0.3426393
TTYH3	0.491	0.3426856
FRK	-2.3	0.3427251
FAM76B	0.573	0.3427311
LINC01278	0.897	0.3427457
TTLL12	0.507	0.342749
KLHL11	0.576	0.342785
COX6A1P1	1.45	0.3428043
SLCO4C1	0.523	0.3428198
SNX21	-1.1	0.3428685
UBR4	0.727	0.3429571
ASH1L	0.498	0.3429789
WNT10A	0.919	0.343039
SPINK13	-1.15	0.3430819
MTFR2	-1.79	0.3432076
CACNA1C	-0.528	0.34325
ZNF680	0.714	0.3432841
RCN2	-0.505	0.3432968
LINC01126	-0.514	0.343331
LOC284798	1.0	0.3433969
ZNF407	-0.553	0.3434535
PPP1R26	0.518	0.3434949
LINC00382	0.636	0.3436144
ASGR2	1.45	0.3436917
CLK3	0.564	0.3437123
UTP18	0.498	0.3437575
CXORF67	-1.76	0.3438889
SRP68	0.496	0.3439616
SLC9A6	0.563	0.3439761
MIR622	1.22	0.3439822
SMIM8	0.661	0.3440992
ASB16-AS1	-1.06	0.344125
KCNS2	0.688	0.3441596
TAS2R45	0.923	0.3441918
CLCA4	-1.02	0.3442078
MTUS1	-0.584	0.3442078
HIST1H2BE	-0.661	0.3442326
LOC100129406	-0.584	0.3442513
ZNF112	0.581	0.3443391
HSPB7	-1.61	0.3443399
LOC100505817	0.537	0.3443751
CAMK4	1.78	0.3444749
FDFT1	-0.605	0.3445591
HCFC2	-0.584	0.3446041
YTHDF3-AS1	0.582	0.3446351
LINC00896	1.62	0.344645
GFRA4	1.41	0.3446579
CXORF65	0.493	0.3448513
KLHL34	-0.99	0.3449148
WWC2	0.975	0.3449264
AMN1	0.645	0.3449793
MAP3K4	0.564	0.3450088
PARG	-1.31	0.3451229
DNAAF3	0.713	0.3451429
CMA1	-0.574	0.3451445
SEZ6L	1.53	0.345151
IGFL1	1.32	0.3451609
SLIT2-IT1	0.666	0.3452594
LRP5L	1.94	0.3453184
TNFAIP8L3	-1.94	0.3453759
LOC101929713	0.787	0.3454421
ACSL3	0.521	0.345457
PLSCR2	1.28	0.345498
MAN2B2	-0.503	0.3455239
PINK1	-0.587	0.3455992
SUGT1	-0.581	0.3456306
CFAP44	-1.05	0.3456796
VPS4B	-0.556	0.3456841
C11ORF71	0.686	0.345832
EXOC4	-0.603	0.3458442
SULT1A2	-0.687	0.3458906
SHFM1	-0.684	0.3458957
SLC39A6	0.491	0.3459218
DSCR8	-1.44	0.3459519
RHOU	-0.77	0.345993
ZNF362	-0.712	0.3460362
IDH1	-0.497	0.3460422
IDH2	-0.924	0.3461912
ZKSCAN3	-1.53	0.3463114
RAB39A	-1.09	0.3463372
PDE6D	0.486	0.3463764
SPAG9	-0.49	0.346385
PTPRG-AS1	-1.83	0.3464065
TAPT1-AS1	-0.546	0.3464503
PDE6B	-0.626	0.3464675
LINC00116	0.498	0.3464695
ZNF205	0.633	0.3465151
CAP2	0.878	0.3465205
A4GALT	-0.879	0.3465517
PIGM	-0.5	0.3467361
KIF25-AS1	1.27	0.3468048
FMN2	0.491	0.3468169
DPP7	-1.54	0.3469981
LOC101928191	0.63	0.3470294
HMGN1	-0.8	0.3470525
TNNT2	1.02	0.3470728
PPP1R26-AS1	1.42	0.3470822
MIDN	0.958	0.3470938
WISP2	1.19	0.3470988
RPS15	-1.58	0.3471646
MPV17L	-0.498	0.3471858
SP5	1.63	0.3471903
PHKA2	-1.04	0.3472231
SPRYD4	-0.65	0.3472962
LOC284648	-0.584	0.3472995
LOC105371708	-1.45	0.347311
DNAJC16	-0.485	0.3473273
LY75	-0.674	0.3473487
SLC12A8	-1.95	0.3474092
CD40LG	0.769	0.3474417
SMIM21	2.14	0.3475086
EN1	-1.23	0.3475919
POLR2J2	-0.585	0.347598
CLP1	0.878	0.3476307
CLEC2D	-1.33	0.3477626
LOC102723542	-0.489	0.3477798
ZBED3	-0.637	0.3478047
PLCE1	-1.04	0.3478445
HS3ST2	0.955	0.3478494
PLPP7	-0.539	0.3478801
RPS6	0.706	0.3479283
POLR2G	-0.62	0.3479626
TAF1B	-0.626	0.3479858
SLC5A7	-1.2	0.3480385
RAD1	0.648	0.348169
NDUFAF3	-0.874	0.3481928
SYT6	0.616	0.3482249
PXK	0.567	0.3482579
FCGR2B	-1.4	0.3483209
ANKRD36C	-0.508	0.3483723
ATP6V1B1	-0.716	0.3483788
NDC1	0.495	0.3484087
LOC101927768	1.15	0.3484601
SNHG19	0.916	0.348653
COLCA1	0.573	0.3486766
EPM2AIP1	0.838	0.3488209
KLHDC9	-0.535	0.3488686
WDTC1	0.489	0.3489057
EXD2	0.677	0.3489094
KRTAP4-12	1.15	0.3489965
C6ORF132	-0.995	0.3490681
CUL3	1.25	0.3491089
DPY19L2P3	0.871	0.349145
CTNNA3	-0.499	0.3492796
EHD3	0.712	0.3493652
TET1	-0.598	0.3494269
SP6	1.24	0.3494315
TRPM2-AS	1.01	0.3494414
EAF2	0.661	0.3495036
SHC4	0.779	0.3495406
PDLIM3	-0.794	0.3496498
PSTPIP2	-0.54	0.349679
USP28	0.503	0.3496885
KRTAP11-1	0.969	0.3496888
ALPK3	-0.558	0.349793
ACVR2A	0.796	0.3497952
HMGCR	0.602	0.3499298
JADE2	2.08	0.3500618
CSK	0.593	0.3500765
PTPRR	1.38	0.3500793
SYT13	0.735	0.3500957
LMAN1	-0.482	0.3501003
PGP	0.73	0.3501774
FAM66D	1.7	0.3501788
ARHGEF3	0.706	0.3501848
NECAB2	1.01	0.3501934
RNF19A	-0.506	0.350236
LOC102725408	0.526	0.3502448
PLBD2	-0.898	0.3502653
EXOSC10	-0.647	0.3502962
LOC101927604	1.48	0.3502969
MAGI2-AS3	-0.603	0.3503094
LINC01007	0.961	0.3504119
SLC25A10	-0.499	0.3504599
SLC24A2	-0.751	0.3504717
CRYZL1	0.522	0.3505734
LINC00523	0.499	0.3505812
SAMD9	-0.686	0.3506028
SNRK-AS1	-1.48	0.3506043
LOC102724002	-0.521	0.3506338
FAM183CP	0.796	0.3506593
ELAC1	-0.65	0.3506942
CARHSP1	0.51	0.350874
MEX3B	0.637	0.3510085
ERI2	-0.5	0.3510288
OR52D1	-0.524	0.3510493
UROS	0.48	0.3510827
MGST3	0.582	0.3510861
RAPGEF4	0.893	0.3510925
SEPT10	-0.668	0.3510926
RHOF	0.521	0.351108
LINC01431	-1.99	0.3511127
EHBP1	0.969	0.3511902
NOVA1	-0.747	0.3512002
KCND2	1.43	0.3512023
ODF3L2	-1.27	0.3512366
IGDCC3	0.522	0.3512769
LOC105378470	1.26	0.3513258
GPC6	0.736	0.3513356
LENG1	0.511	0.3513383
ITGA5	-0.649	0.3513968
RAB30-AS1	-0.51	0.3514263
OCEL1	0.547	0.3514367
STX17	-0.62	0.3514376
PGLYRP2	-0.817	0.3514827
ADSL	-0.52	0.3515015
PTCHD1	0.94	0.3515047
SFXN3	0.501	0.3515363
EPHB3	1.25	0.3515482
SLC25A29	1.22	0.3515692
SLC25A24	0.488	0.3515959
ELL3	0.57	0.3516353
CEBPA-AS1	0.529	0.3516987
TRIM25	-0.535	0.3517423
TBL1Y	1.43	0.3517533
LILRB2	-1.3	0.3518797
SLC12A3	1.53	0.351921
FCGR1A	-1.71	0.3519839
ANKRD36B	-0.739	0.3520156
ZGPAT	0.644	0.3520186
SPATA8	0.914	0.3520574
NANOS2	1.62	0.3520778
BARD1	0.652	0.3520834
LOC100506047	0.924	0.3520921
HIF1AN	-0.482	0.3521244
FXN	-0.485	0.3521349
ANKRD60	0.646	0.3521689
TMEM75	0.698	0.3521994
LOC284023	0.537	0.3522036
UBE2D4	-0.654	0.3522362
ELMSAN1	-0.573	0.3522435
SRSF5	0.723	0.352325
PCAT4	0.502	0.3523662
LOC100506107	-0.844	0.3523796
RTN4R	1.02	0.3524053
ATF3	-0.959	0.3524774
SMIM14	-0.521	0.3525108
LINC01579	-0.914	0.3525164
VPS26A	-2.33	0.352522
FAM110B	0.967	0.3525559
MARVELD2	-0.54	0.3526495
C2CD3	-1.24	0.3526536
TTC7A	-1.08	0.3527572
SSH2	0.786	0.3527625
VIPAS39	-0.65	0.3527876
ADGRG7	-1.54	0.3528155
UBE2J1	0.48	0.3528218
ZWINT	-0.957	0.3528263
ZNF217	-0.929	0.352929
GRIA2	0.545	0.3529623
TCEB3-AS1	-0.521	0.3529779
LDHC	1.76	0.3529781
MTMR12	-0.484	0.3530682
GATSL3	-0.599	0.3530739
FOXP1	-0.537	0.3531216
GABRG3	0.827	0.353185
C12ORF66	0.527	0.3531966
TTC37	-0.544	0.3532472
ZNF397	-0.638	0.3532741
NIN	-1.05	0.3532994
LOC101927870	-0.699	0.3533066
MED25	0.812	0.3533633
NBPF20	0.675	0.3533736
SLC19A3	-0.605	0.3535047
LOC101928632	-0.736	0.3535198
ELL2	1.42	0.3535531
LIMD1-AS1	0.706	0.3535678
GABARAP	-0.544	0.3535696
LAMTOR3	0.653	0.3535697
CNGB3	0.576	0.3535852
CDC25B	0.511	0.3535918
RNF25	0.645	0.3536475
ANKIB1	-0.532	0.3536934
CST7	-1.05	0.3537147
NUP98	-0.51	0.3537253
GSTA3	-1.3	0.3537393
PRDM9	0.585	0.3538199
IL10RB	-0.692	0.3538228
BYSL	-1.12	0.3538708
ASUN	-0.576	0.3539113
C17ORF96	0.771	0.3539322
LOC105378997	-1.54	0.3539674
PTCD3	-0.503	0.35401
ADRB2	-0.677	0.3540491
NKX2-8	-0.947	0.3541739
FAM200B	0.514	0.3541747
TSSK3	-0.5	0.3541907
QSER1	-0.505	0.3541922
SCAF4	0.536	0.3542018
MZB1	0.978	0.3542828
USP3-AS1	-1.49	0.3542866
PTPRO	1.8	0.3543447
STH	0.484	0.3544116
SEMA4F	-0.764	0.3545491
HIST1H3A	-1.87	0.3545668
REXO4	-0.585	0.3545779
WRAP53	1.34	0.3545838
RAB2A	0.588	0.354586
SEC14L4	0.672	0.3545942
MOXD1	0.54	0.3546013
TMEM17	-1.02	0.3547707
MUC1	-1.19	0.3549151
C9ORF72	0.72	0.3550446
TWF2	-1.08	0.3550512
GGN	0.856	0.3552766
GLIS2	0.49	0.3553272
ZFAND4	-1.79	0.3553508
MYRFL	1.75	0.3553965
LOC100506489	1.42	0.3555293
PIK3R1	-0.551	0.3555317
ANKRD65	0.645	0.3555362
PLPPR2	0.596	0.3555971
EBF2	1.51	0.3556461
FOXA3	1.29	0.355669
ADGRE1	-1.1	0.3556792
ASL	-0.604	0.3557177
TIMMDC1	-0.517	0.3557629
PSMD11	0.5	0.3557649
SMR3B	-0.517	0.3557991
OOEP	-1.35	0.3558569
LOC105274304	-0.717	0.3558807
FAM219A	0.572	0.3558873
LOC101928309	0.879	0.3558924
PAFAH1B1	0.558	0.355902
ALKBH3-AS1	1.67	0.3559095
LINC00308	-1.15	0.3559951
LOC105372482	1.05	0.3560219
TES	0.833	0.3560237
PNPT1	0.505	0.356062
DHFR	0.501	0.3560811
YRDC	0.482	0.3560968
LOC102724611	-1.15	0.3561243
ZCCHC17	-0.549	0.3561318
CLUH	0.518	0.3561507
ARFGAP2	-1.04	0.3561742
NDST2	-1.89	0.3563731
LOC100506071	1.43	0.3563917
CEMP1	1.08	0.3564401
DIO2-AS1	-0.556	0.3564513
KLHL23	0.55	0.3564598
SH3PXD2A	0.51	0.356481
KCTD9	0.571	0.3565542
ADAM32	-1.73	0.3565701
LINC01242	-1.71	0.3566889
ARRDC2	0.635	0.3567024
FMN1	0.855	0.3567122
MIGA2	0.614	0.3567531
OR2H2	-1.3	0.3567912
MRPL50	0.475	0.3567971
CKAP2	1.25	0.3568683
DGKD	0.587	0.3568709
CYCS	0.781	0.3569019
FAM127A	-0.496	0.3569286
GSTT1	-0.535	0.3569548
GPR173	-1.41	0.3570068
LINC01568	-1.88	0.3570224
PIGF	-0.492	0.3570355
NNMT	0.539	0.357057
KDM3A	-0.524	0.3571188
RNF5	0.951	0.3571335
ZNF398	0.616	0.3571522
MCM5	-0.481	0.3571796
LOC105378349	0.611	0.3572694
MTMR7	-0.592	0.3572739
TTC4	0.498	0.3573104
LRRC38	1.62	0.3573475
PHTF2	-0.588	0.3573522
CMTR1	-0.538	0.3573739
NAGK	-0.533	0.3574461
VAV1	-0.49	0.3574957
CEACAM7	0.526	0.3575194
VASH2	0.636	0.3576514
ALG13	-0.727	0.3577251
ARHGDIB	-0.836	0.3577496
MNAT1	0.473	0.357796
HHEX	-0.747	0.357953
ACTRT3	-0.943	0.357961
BDNF	1.25	0.3580108
SCUBE3	0.483	0.3580152
RSBN1L	0.684	0.3580394
AES	0.776	0.3580841
FAM63B	-0.535	0.3581599
BECN1	0.555	0.3582203
SNX33	0.514	0.3582913
SETMAR	0.591	0.3583449
TCTE3	0.514	0.3584064
RBM10	-0.541	0.3584277
CTDSP1	-0.578	0.3584917
PRRX2-AS1	0.571	0.3585116
KIAA0040	-1.68	0.3585271
ALX1	0.884	0.3585402
ZNF141	0.517	0.3585609
VTA1	1.41	0.3585853
DLG5	0.481	0.3585986
MEGF9	0.572	0.3587447
CDC23	-0.558	0.3587593
LOC729083	-1.3	0.3587828
AAMDC	-1.44	0.3588143
LOC647115	-1.7	0.3589051
DNAJB8	-1.48	0.3589438
GPX7	-0.66	0.3590076
IGSF21	0.704	0.3590183
HSPC102	-1.68	0.3590388
COMT	1.78	0.359086
TEPP	-1.38	0.3592453
ZNF738	0.494	0.3593072
XRN2	-0.599	0.3593079
OS9	-0.479	0.3594722
FLOT1	0.632	0.3594885
LOC102723559	-1.01	0.3594987
NKX2-3	1.27	0.3595677
RAD51-AS1	0.477	0.3595762
LAMTOR1	-0.555	0.3596015
SUCLG2	-1.31	0.3596471
PSD3	1.46	0.3596617
FAM133A	0.539	0.359713
MICAL2	0.928	0.3597248
FAM223B	1.36	0.3597491
ZNF831	1.1	0.3597853
DDIT3	0.768	0.3597862
RAB32	-0.486	0.3598766
CCDC90B	-0.5	0.3598916
FAM83D	-0.775	0.359907
FARSB	-0.623	0.3599241
HOXB7	1.05	0.359947
LOC105376689	0.554	0.3599812
AMDHD1	1.8	0.3599916
VN1R5	1.5	0.3600285
CDCA3	-0.723	0.360091
CHKA	-0.58	0.3601431
ITM2C	-0.721	0.3601444
MPDZ	-0.523	0.3601594
DNAJB1	0.793	0.3601665
HRASLS	-1.5	0.3601852
PCDHGC3	-1.33	0.3603591
HNRNPA3	0.524	0.3603593
PHF24	0.536	0.3603754
PPP3CA	1.01	0.3603937
INTS6L	0.668	0.3604112
STPG2	-0.964	0.3604197
ARHGAP30	-0.834	0.360465
LINC01272	1.72	0.3605221
ANKMY1	1.53	0.3605305
MFAP2	0.56	0.3605894
TCF7L2	-0.647	0.3606335
PCOLCE	-1.65	0.3606501
ECHS1	-0.483	0.3606899
YIPF2	1.66	0.3606902
PIK3C2G	-1.88	0.3607112
AKAP10	0.582	0.3607792
SNIP1	-0.533	0.3607897
CRY2	0.481	0.3608138
MSH4	-1.52	0.3608773
ACAP3	-0.504	0.3609634
HNRNPF	0.485	0.3609832
LOC339539	-1.35	0.3609838
MLXIP	-0.474	0.3609957
LOC105372255	0.567	0.3610064
LINC00636	0.49	0.3610322
CNDP2	-0.759	0.3610539
MANBAL	-0.485	0.3610685
NAT1	-0.482	0.3610864
PEX13	-1.09	0.3611071
PTGR1	-0.575	0.361113
FGF10	-1.62	0.3611565
TAS2R39	1.42	0.3611621
DKFZP451B082	-0.763	0.3611785
COBL	0.51	0.3612883
MTHFD1L	-1.8	0.3613047
TFEB	-0.567	0.3615841
KIAA0408	1.1	0.3616146
LOC100499194	-0.701	0.3616293
PEX11G	-1.27	0.3616342
RIMKLA	-0.918	0.3616599
TRHR	0.867	0.3616655
MCTS1	-0.637	0.3617007
GTPBP10	-0.472	0.3617136
FDXR	0.692	0.3617481
EREG	-1.18	0.3617524
C12ORF77	1.11	0.3617603
SNX2	-0.477	0.3617788
C15ORF39	0.617	0.3617808
FAM162A	0.691	0.3618726
GADD45B	1.24	0.3619622
DAPK3	-0.501	0.3619867
CNTNAP1	0.482	0.3619936
GPC3	1.01	0.3621196
LSM12	0.548	0.3622652
INO80	0.495	0.3622692
CCDC37-AS1	1.48	0.3623203
ZNF626	0.662	0.3623253
HID1	-1.14	0.3623372
LINC00537	0.592	0.3623717
APH1A	-0.515	0.3624003
TMEM72	-1.67	0.362401
LOC105373860	-1.46	0.3624222
NPHS1	-1.98	0.3624561
LINC00330	-1.09	0.3625744
FMR1NB	-1.31	0.3625897
PARD6A	0.795	0.3626345
STK31	-1.45	0.3626595
CTRB2	0.469	0.3627481
MIPEP	-0.476	0.3628571
CAND1.11	1.37	0.362878
NDUFB2	0.588	0.3630014
ERBB3	-0.838	0.363011
TMEM44-AS1	-0.669	0.363065
NR2F1	0.608	0.3631524
EMX2	0.567	0.3631588
UIMC1	0.629	0.3632003
PLPP3	-0.555	0.3632748
MAN2A1	-0.689	0.3632859
KYAT3	0.47	0.3632994
NHS	-1.12	0.3633106
GSTM4	0.487	0.3633454
TIMM8A	-0.637	0.3633617
FZD10-AS1	1.74	0.3634268
ARSK	0.573	0.3634535
OR2L1P	0.763	0.3636328
MTRF1	0.496	0.3636566
DOCK1	0.552	0.3636764
PIEZO2	-0.515	0.3636846
RAD54L2	-0.895	0.3636995
PCDHB7	0.701	0.363782
ZSCAN32	0.507	0.3637959
TCTE1	0.778	0.3639079
NFKB1	0.497	0.3639654
HIRA	0.491	0.3639989
HLF	-0.802	0.3640053
SIGMAR1	0.61	0.3640908
FAM131B	0.475	0.3641037
LOC286059	1.8	0.3641471
MAST2	-1.25	0.364185
PIFO	-0.622	0.3642586
CD1E	0.641	0.3643025
SEC63	0.475	0.364313
AXL	-1.23	0.364349
EXOC3L1	0.751	0.3643808
LINC01020	0.845	0.3646669
KCTD18	-0.481	0.3647457
HCG22	-2.02	0.364826
BTF3P13	-2.25	0.3648334
SPOCK3	-1.14	0.3648436
ARMCX5	-0.773	0.3650157
IL6	0.506	0.3650172
GPM6A	0.836	0.3650451
CELF1	0.572	0.3651447
IRF2	-0.538	0.3651513
SPEF2	-1.67	0.3652131
CYP11B1	0.544	0.3652145
LOC105371374	-1.22	0.3652394
ADGRB3	0.615	0.3652702
BEND3	-0.477	0.3653011
SEMA3F	-0.871	0.3653724
LOC101929648	0.535	0.3653972
MIS18BP1	-0.666	0.36547
ZNF354B	0.551	0.365639
FAM229B	-0.64	0.3656466
AKT1S1	0.667	0.3657164
SNAI3	-1.94	0.3657321
CENPBD1	-1.86	0.3657386
LIN7C	0.505	0.3657437
TTC36	1.04	0.3657574
ENKD1	-0.713	0.365761
NAP1L1	0.464	0.3658075
TMEM257	1.02	0.3658569
LOC101928002	-0.558	0.3659359
NUP214	-0.621	0.3659564
ATP13A4-AS1	0.897	0.3659607
CCDC33	0.984	0.365965
STMN4	-1.38	0.3661113
ARMCX1	0.472	0.3661197
EIF3F	-0.663	0.3661734
ZNF461	0.651	0.3662862
C6ORF1	0.661	0.366323
ZNF557	0.647	0.3663414
PPP1CA	-0.514	0.3663523
HS3ST4	0.664	0.366369
SRM	-0.54	0.3664245
DYNC1H1	-0.615	0.3664337
SERAC1	0.508	0.3664708
CAMK2G	-0.625	0.3665096
LOC100507642	-1.49	0.3665437
MBD5	0.792	0.366613
FRMD4A	-0.523	0.3666168
FNTA	-0.624	0.3666233
ST6GALNAC2	-0.961	0.3667011
EYS	1.51	0.3667231
GLI3	-0.482	0.3667956
BCAS4	-0.73	0.3668289
FRMPD4	1.24	0.3668506
ZNF701	-2.18	0.3669142
EIF5A2	0.505	0.3669419
CAMKMT	0.474	0.3670436
SLC3A2	0.587	0.3670748
ZCCHC3	0.514	0.3670758
PIGP	-0.764	0.367197
SLC35E1	0.572	0.3672113
WDR37	0.464	0.3672564
RBM18	0.529	0.3673191
PRDX2	0.516	0.3673192
ADORA1	0.53	0.3673256
MRPL18	0.554	0.367372
ACSS2	0.489	0.3674378
PGK2	1.31	0.3675298
FKBP6	-0.993	0.3676449
SDC3	0.915	0.3677982
QSOX1	-1.34	0.3678777
ATP6V0E2	-0.486	0.367919
MRPS18C	0.482	0.368094
MTIF2	-0.475	0.3681556
VPS52	-0.504	0.3681669
VWDE	1.37	0.3682124
THAP7-AS1	-1.67	0.368221
MYO7A	0.751	0.3682404
NMI	-0.667	0.3682814
MRPS17	0.473	0.3682847
FERMT1	-0.511	0.3683193
ZNF208	-1.16	0.3683267
LINC01618	0.987	0.3683511
MCM4	-1.69	0.3684191
MARCH6	0.479	0.3684917
NNAT	0.973	0.3686405
ITGAL	0.709	0.3689205
FBXO24	-0.774	0.3689472
ALG8	-0.469	0.3690112
SLC17A3	-0.845	0.3690435
PIPOX	0.517	0.3690817
CD244	-1.48	0.369083
RIOK2	0.533	0.3691048
FCGBP	-1.24	0.3691171
CNTROB	1.35	0.3691572
USP51	-0.859	0.3691669
DPY19L2P4	-1.77	0.3691778
RIMS3	-1.49	0.3692008
PHPT1	-0.469	0.369216
GAL	0.62	0.369286
FLT3	-0.996	0.369288
SLC26A4-AS1	2.06	0.3693411
MPZL1	-0.467	0.3693503
GAS2L2	-0.609	0.3694172
KIF9	-0.485	0.3694555
ACTR10	-0.506	0.3695568
LINC00968	-1.78	0.3696547
LOC100289518	1.46	0.3696659
PPID	-0.624	0.3697058
MLLT11	0.856	0.3697148
HCST	-0.627	0.36972
USP18	-0.595	0.3698072
PKD1L1	2.08	0.3699534
DMBT1	0.711	0.3699713
GRASPOS	1.49	0.3699834
FOXO3	-0.954	0.3700776
LOC101926934	1.01	0.3701152
HEIH	-0.599	0.3702029
SH3KBP1	-0.47	0.3703619
SLC6A5	-1.23	0.3703797
APCS	0.47	0.3703813
AMPH	0.809	0.3703889
LOC100506127	-0.694	0.3704255
RELA	0.493	0.3704876
SLC6A11	0.858	0.3705196
PGM2L1	0.509	0.3705333
CWC25	0.59	0.3705448
PCDH18	-1.49	0.3707384
USP13	-0.596	0.3708643
SFRP5	-1.23	0.370874
FAM153A	1.32	0.3709058
PPM1L	1.22	0.3709213
RNF182	0.92	0.3709569
PLA2G2E	-1.33	0.3709814
ODAM	-0.96	0.3710004
TRAV12-2	-1.24	0.3710484
LOC101928917	1.43	0.3710679
MRTO4	-0.523	0.3710897
ATP5H	-0.569	0.3711891
LOC105375527	0.81	0.3712006
PFKM	0.559	0.3713346
ALK	-1.21	0.3713371
TAF11	-0.525	0.3713496
ZBED9	0.936	0.3714795
PABPC3	-0.663	0.3715097
KISS1	1.11	0.371512
PGM1	0.486	0.371616
C1GALT1C1	0.722	0.3716309
OR7E19P	2.05	0.3716503
LOC101929261	0.548	0.3716831
LRP4	0.646	0.3718393
PWAR6	0.99	0.3720227
SCPEP1	-0.501	0.372033
KANSL1L	-1.08	0.3720399
ZNF580	-0.573	0.3720428
LOC730961	0.514	0.3720537
BCL2L15	-1.3	0.3721217
ZNF329	0.461	0.3721611
ODF2L	-0.504	0.3721742
THBS4	-0.501	0.3722804
RBM34	-1.26	0.3722817
C3ORF22	1.29	0.3723585
GOLGA2	0.46	0.3723852
SYF2	0.459	0.3724535
ACSBG2	-0.524	0.3725195
LOC100288181	0.567	0.3725212
ASCC2	-0.583	0.3725693
ALOXE3	-0.803	0.3725902
FH	-0.846	0.3726194
L3HYPDH	0.5	0.3727015
CCT6A	0.486	0.3727833
YTHDF1	0.524	0.3727842
DUS4L	-1.02	0.3728375
ID2B	1.41	0.3728634
C10ORF82	1.14	0.3728888
TPH2	-0.788	0.3730261
KCNH7	-0.847	0.3730336
CECR6	1.41	0.3730587
ZFP90	-0.551	0.3730839
NKD2	-0.53	0.3731278
YY1	0.624	0.37318
CRYBA1	1.25	0.3731973
HDAC3	-0.489	0.3732748
SV2B	1.27	0.3732817
CCDC18	-0.744	0.3732913
ANKRA2	-0.64	0.3732935
RSPRY1	-0.496	0.3733055
WSB2	0.463	0.3733073
LOC100506639	-1.64	0.373355
LINC00563	-0.501	0.373357
ZYG11A	-1.43	0.3733665
DIAPH3-AS1	-0.895	0.3734047
IRF2BP1	0.847	0.3734438
GCHFR	0.893	0.3734785
LOC100505915	-0.743	0.3735165
TINAGL1	-0.478	0.3735233
UTP6	-0.478	0.3735323
PRR12	-0.9	0.3735575
SURF2	-1.39	0.3736072
CYB561D2	-0.739	0.3736957
ATP6V0A4	0.568	0.3737259
TREM2	-0.862	0.3737373
TRBV16	-1.68	0.3737453
LINC00525	0.515	0.373748
SPAG17	1.63	0.3737824
LOC102723927	-0.461	0.3738072
ZNF565	0.558	0.3738078
MCHR2-AS1	0.479	0.3738191
TUBB2B	-0.767	0.3738389
CLDN15	-1.02	0.3738679
MAP1LC3B	-0.493	0.3738707
HMGB3	0.505	0.373931
CD47	-0.496	0.3739773
KRT20	-1.4	0.374027
CEMIP	-0.768	0.3740417
FABP7	0.551	0.3741194
CPSF4	0.508	0.374137
NANS	0.522	0.3741447
DUSP10	0.462	0.3742109
TSC2	-1.62	0.374315
COG1	-0.903	0.3743543
SUCLG1	0.46	0.3743677
SLC12A9	-0.473	0.3744299
HIST1H2AB	-1.51	0.3744359
ANKH	-1.75	0.3744702
CNTNAP3	-2.11	0.3745316
SRP72	-0.532	0.3745401
RNH1	0.476	0.3745464
WDPCP	-0.538	0.3745578
HDAC9	0.467	0.3745827
ATP7A	-0.53	0.3745876
VPS72	0.484	0.3746394
TJP3	1.27	0.3747466
LOC101927499	-1.18	0.3747802
RBCK1	-0.629	0.3747977
EIF4E2	-1.85	0.3748082
STAT2	-0.611	0.3748264
LY6D	-1.05	0.3749338
CXORF21	0.613	0.3750134
HADHA	-0.555	0.3750452
HYI-AS1	0.843	0.3750792
SLC25A28	0.526	0.3751237
C14ORF1	-0.512	0.3751301
TMC6	0.593	0.3751305
NR4A2	-0.671	0.3751499
PGPEP1	0.488	0.375152
EIF3C	-0.487	0.3751761
PPM1M	-0.958	0.3751854
PLS3	-0.554	0.3752038
TTC41P	1.23	0.3753022
CPLX2	-0.566	0.3753414
TTF2	-0.777	0.3753575
TXNL1	0.558	0.3754047
LOC100996902	0.672	0.3754415
LDAH	-0.498	0.3755156
HIST1H2BB	0.501	0.3755639
KIAA0895L	0.504	0.3755656
KCNK7	-0.632	0.3756575
PSMA3-AS1	-0.529	0.3757779
PCDH7	-0.809	0.3758582
LOC107985971	-0.612	0.3759581
NTRK3-AS1	0.506	0.3760131
ANGPT4	-1.21	0.3760507
LOC221814	1.37	0.3760561
CHRNB1	-0.607	0.3760656
ZSCAN9	0.603	0.3761028
AJAP1	0.458	0.3761083
CIZ1	0.502	0.3761332
FNTB	0.601	0.3761892
LOC149703	-1.02	0.3762343
STX7	-0.836	0.3762433
LOC100506175	0.97	0.3762829
VN1R1	-0.487	0.3763823
RPL11	-0.494	0.3763838
LOC101929269	1.48	0.3764205
CMTM4	0.481	0.3764221
GBP3	-0.633	0.3764531
CBFA2T3	0.681	0.376454
ZNF609	-0.876	0.3764702
CPED1	-1.37	0.3764909
SLC35B3	0.565	0.3765452
TAF1A	0.6	0.376602
AOX1	-1.25	0.3767035
CDC42SE2	0.485	0.3767457
SERPINB9	-0.675	0.376749
SLC5A12	1.39	0.3767637
UCP3	0.476	0.3767935
AVPR1B	0.885	0.3768314
TRIM58	-1.41	0.3768406
FEZ2	-0.455	0.3768436
C1ORF216	0.589	0.3768774
RBFOX2	0.623	0.3769699
C7ORF69	1.87	0.3770068
MUC12	-0.852	0.377021
SPCS3	-0.469	0.3770443
IL27RA	-1.77	0.377086
NXPE3	-0.548	0.3771351
LOC101929475	-0.554	0.3771715
WDR70	-0.487	0.3771951
SLC9A1	1.88	0.3772136
CS	0.574	0.3772186
GABBR2	0.827	0.3772641
ZFPM1	0.458	0.3772772
AHRR	-0.807	0.3772885
IQUB	-1.21	0.3773245
RNF145	1.26	0.3773731
PCDHGA1	-0.684	0.3774248
ELOF1	0.54	0.3774986
FBXL13	-0.804	0.3775362
LOC101928921	-1.95	0.3775538
CELF2	-0.46	0.3776056
ARMC8	0.586	0.3776825
DUOX2	-1.63	0.3777187
FKRP	0.925	0.377819
LGALS3	-0.612	0.3778355
BEGAIN	0.512	0.3779331
PLA2G15	-0.451	0.3779808
HHIPL2	-0.714	0.3779905
GPHB5	-2.06	0.3780736
ECHDC3	0.485	0.3781031
FANCI	0.586	0.3782079
ABCB8	-1.09	0.3782161
CHMP4C	-1.79	0.3782343
MRPS6	0.741	0.378236
GPRASP1	0.488	0.3783742
LINC00894	-0.845	0.3783937
SLC52A2	-0.556	0.3784167
OTUD6B-AS1	0.505	0.3784398
TAF5	0.595	0.3784636
LOC280665	0.495	0.3785045
KLF13	0.518	0.3785114
TEAD4	-0.923	0.3785233
CAGE1	-1.1	0.378545
ADAMTS6	-0.889	0.378564
ELOVL7	-0.592	0.3786049
MED31	0.521	0.3786748
HSBP1L1	0.635	0.3786851
REEP1	0.694	0.3787214
CREB3L2	-1.72	0.3787433
SPAG6	0.497	0.3787594
ARHGEF7-AS2	-0.679	0.3788168
TBC1D1	-0.483	0.378913
NTN1	1.62	0.378915
NDRG4	0.806	0.3789283
ACACB	-1.19	0.3789682
MAGOHB	-0.504	0.3790495
UHMK1	0.465	0.3790625
SOX14	1.85	0.3790785
LOC554207	1.29	0.3790802
CRB2	0.464	0.3791519
LOC285181	-0.73	0.379323
PEBP4	0.544	0.3793853
LINC00475	1.31	0.3793861
IFT27	-0.476	0.3794208
HYALP1	1.78	0.3794306
LINC01585	1.97	0.3794946
JMJD1C	-0.897	0.3795004
AFG3L2	-0.457	0.3795124
AURKB	0.939	0.3795164
SV2A	0.572	0.3795762
TEX264	0.503	0.3796662
MMP24-AS1	0.676	0.3797071
ANKRD13D	-0.512	0.3797135
BCL2L13	1.45	0.3797208
FGFR4	1.17	0.3797876
STK3	0.613	0.379828
COPZ1	-0.568	0.3798984
NR1H3	-0.582	0.3799339
LINC01607	-0.695	0.3799792
RGS8	-0.516	0.3799797
LOC101928304	-0.991	0.3799832
FRY	-0.733	0.3800446
AGAP6	-1.44	0.3800569
MMP20	-0.93	0.3800802
PCYT1A	-0.455	0.3800964
SSR4	-0.513	0.3801119
LRRC3	1.33	0.380118
NEGR1	0.704	0.3801251
RPL22L1	0.47	0.3801952
RBMXL2	0.903	0.3802373
KBTBD6	0.588	0.3802514
ELMOD2	-0.449	0.3802764
NUDT2	-0.631	0.3803312
ZNF80	1.83	0.3803434
OGDHL	0.689	0.3805592
DEFB124	0.752	0.3805751
ACP1	1.19	0.3806185
SARM1	-0.669	0.3806314
ZNF146	0.558	0.3806436
LOC100506730	-0.469	0.3806564
TRAPPC9	-0.49	0.380688
HBS1L	-0.863	0.380829
SYCN	0.666	0.3808503
MOCOS	1.85	0.3809619
TNS1	-0.547	0.3810086
NRSN2	0.577	0.3810218
ZNF222	0.478	0.38103
GFAP	1.77	0.3811555
ARID4B	-1.38	0.3811728
FAXC	1.16	0.381316
RANBP1	-1.01	0.3813361
NPNT	-0.682	0.3813961
TP53I3	-1.27	0.3814551
TTK	-1.49	0.3814924
LOC101928708	0.469	0.381608
MDN1	-0.703	0.3816323
KCTD15	0.572	0.3817022
EIF2B5	0.475	0.3817357
ZNF302	0.469	0.3817368
GLI4	-0.634	0.3817524
ZNF571	-0.588	0.381761
IQGAP2	-0.899	0.3818857
LRIG2	-0.457	0.3819113
TMCO6	-0.494	0.3819228
GSTM1	0.595	0.3819672
CCND3	-0.895	0.3819683
MTERF4	0.471	0.3820147
LINC01021	-2.24	0.3820638
SCAMP1-AS1	0.495	0.3820781
AIMP2	-0.501	0.3820927
DNM1	0.8	0.3821025
LOC105372840	-1.28	0.3821265
LOC101928245	0.84	0.3821318
ARPC5L	0.493	0.3821446
LINC00656	-1.09	0.3821529
TC2N	-2.19	0.3822326
C15ORF57	-1.23	0.382295
TTTY12	1.11	0.3823137
FLJ13773	-0.782	0.3823615
EPS8L3	1.18	0.3824381
SPRY4	-0.464	0.3824596
ACO2	-0.511	0.3824786
AS3MT	0.463	0.3824914
CC2D1A	-1.61	0.382511
SMCO3	0.633	0.3825193
RNASEL	0.573	0.3825487
RAC2	0.697	0.3825961
SNAP47	0.456	0.3826179
BCKDK	-0.535	0.3826314
PMP22	-1.4	0.3826678
HAND2	0.451	0.3827421
BNIP2	-0.519	0.3828283
RB1CC1	0.513	0.3828605
USP4	-0.448	0.3829178
MZT1	-1.21	0.3830661
DHX9	0.59	0.3830942
ESF1	-0.458	0.3831187
SPSB3	-0.62	0.3831199
LOC101929717	-0.862	0.3831584
LMNTD1	-0.464	0.383182
SYT7	1.52	0.3832666
PDZD11	-0.453	0.3832968
CENPL	0.658	0.3833631
TMPRSS11B	0.717	0.3834052
NANOS3	0.696	0.3834293
CALCOCO2	-0.656	0.3834297
CRYL1	-0.478	0.3836234
METTL14	0.466	0.3836753
EFR3B	0.512	0.3837221
STX16	-0.531	0.383733
LOC105369340	1.31	0.3837386
TUFT1	0.629	0.3837549
UNC13C	-2.02	0.3837796
FGD3	-0.858	0.3837833
KCNC4	0.67	0.3837983
SLMAP	0.496	0.3838036
LINC01114	-1.33	0.3838771
LOC158402	-0.595	0.3839198
RASSF9	-0.912	0.3839514
PPP2CB	0.462	0.3840172
CHAF1A	-0.504	0.3841308
SNX14	-0.464	0.3842281
KEAP1	0.481	0.3843419
PLCH1	0.673	0.3843565
NRARP	-0.841	0.3844215
POP5	-0.514	0.3844243
DCUN1D3	-0.602	0.3844285
KIAA0753	-0.461	0.3846041
LOC101928845	-1.37	0.3846186
PNLIPRP2	1.18	0.3846425
LOC100131053	-2.09	0.3846769
CPS1	-0.884	0.384694
GNAL	0.499	0.3847322
USP26	0.873	0.3847702
GS1-124K5.4	0.46	0.3847736
ACMSD	-1.34	0.3848663
STC1	0.663	0.3848669
LINC00582	0.638	0.3848797
TRAM2-AS1	-0.465	0.3849281
TMEM19	0.446	0.3849489
FBXO8	0.575	0.3849571
LINC00929	1.84	0.3850158
SLC25A23	0.837	0.3850347
SSB	0.454	0.3850666
LOC153682	-0.507	0.3851315
PEX26	-0.978	0.3852443
GJB2	0.541	0.3853067
NTHL1	0.511	0.3853484
LRRC10B	-1.46	0.3853544
NBN	-0.563	0.3853598
LOC101927331	-1.37	0.3854602
DEK	0.56	0.3856159
NUTM2B	1.19	0.3856273
CDC42EP3	0.562	0.3856986
SKA2	0.612	0.3857381
DDX17	0.462	0.3857694
KBTBD7	0.465	0.3858744
RAB14	0.463	0.3859121
ZNF775	0.466	0.3859274
CECR1	-0.867	0.3859328
CYB5B	-0.576	0.385938
HYAL3	1.24	0.3859552
LOC100132661	0.539	0.3859609
DAPK2	0.783	0.3859656
SDHAF2	-0.479	0.3859678
LOC100419741	-1.34	0.3859681
STAG2	-0.474	0.3859932
INTS6	-0.831	0.3859937
LRRC75A	1.32	0.3860232
LOC105372695	0.519	0.3861424
SNRPN	0.465	0.3861567
ITPA	-0.557	0.3862949
HSP90AA1	0.469	0.3863732
ABHD17B	-0.805	0.3863742
DAOA-AS1	-1.38	0.3864168
ATF1	0.567	0.3864695
CTIF	0.464	0.3864796
LOC100287896	0.472	0.3865533
NINJ2	-0.673	0.3865791
ARHGAP31	-1.12	0.3866365
PHIP	0.46	0.3866709
GVQW1	-0.709	0.3866836
LOC105373878	-1.06	0.386714
LIMA1	0.8	0.3867199
APIP	0.507	0.3867669
GPR160	0.63	0.3868015
ZBTB8A	0.658	0.386814
KLK11	1.02	0.3868189
NEUROD6	1.84	0.3869243
TRAF3IP3	-0.737	0.3869266
TRAF2	-0.741	0.3869495
TTYH2	-0.81	0.3869916
GAFA1	1.78	0.3871552
HAO1	1.2	0.3871664
P4HB	-0.496	0.3871747
LOC101929926	-1.01	0.3872377
KRT222	0.986	0.3872967
LOC101926963	-1.54	0.3873596
MRPL39	1.35	0.3874256
SPX	-0.568	0.3874403
LOC101928098	-0.456	0.3875656
NFXL1	0.441	0.3875745
LINC00858	0.971	0.3875796
OTOGL	-1.96	0.3875845
ZNF25	0.485	0.3877152
ZKSCAN8	-0.5	0.3878205
COQ7	0.595	0.3878484
UBE2Q1	0.484	0.3878742
SERPINA1	-2.1	0.3878828
CCAR1	-0.49	0.3878929
LRRIQ3	-0.884	0.3879162
IL1R2	1.5	0.3879242
FAM3C	0.815	0.3879315
PCSK2	0.796	0.3879656
RUSC2	-0.442	0.3880294
PSEN2	-0.711	0.3880416
UFL1	-0.484	0.3880907
ILF3-AS1	0.512	0.388197
MPG	-0.481	0.3882478
XRRA1	-1.2	0.3882692
SLC28A1	1.57	0.3883064
LOC101929988	0.898	0.3883558
ZNF529-AS1	-1.34	0.3883581
ZNF611	0.498	0.3883767
PLK5	1.33	0.3883912
PGAP3	-1.02	0.388396
LOC100507250	-0.734	0.388401
GIMAP4	-0.628	0.3884147
LOC374890	-1.07	0.3884661
CYB561A3	-0.444	0.3885438
KDM4C	0.457	0.3886074
TRIP12	-0.489	0.3886335
AREL1	-0.602	0.3887011
DGKQ	1.39	0.388709
PRRG4	-1.19	0.3887099
NXN	-0.467	0.388867
DNAH12	0.442	0.3889474
TPD52L1	-0.467	0.3889481
ZZZ3	-0.456	0.3889598
TSPAN5	0.652	0.3889757
MLH3	-0.477	0.3889799
PMFBP1	-2.11	0.3890117
CEP290	-0.446	0.3890273
PDE7B	0.594	0.3890629
FAM210A	0.498	0.3890768
PSMA1	0.486	0.3891077
ENPP6	-0.648	0.3891976
RPL18	-0.447	0.3892015
RNASE2	-0.987	0.3892025
NAGPA	-0.799	0.3892415
ARID5B	1.21	0.3892805
EXOSC1	0.449	0.3892812
LIN28A	1.16	0.3893218
KYAT1	0.514	0.3893291
SGSM1	-0.662	0.3893367
NSUN2	0.583	0.3894666
DGCR6L	0.71	0.38947
CTNNB1	0.487	0.3895367
EIF2AK4	-0.507	0.3895904
OR14J1	0.579	0.3895967
RPS4X	-0.447	0.3896565
ETV1	1.17	0.3896599
LOC100240734	-1.33	0.389673
DLAT	0.447	0.3896807
TMEM147-AS1	-0.442	0.3896836
CTXN3	-0.576	0.3896985
LEF1-AS1	-0.608	0.3897124
ZNF280B	0.465	0.3897207
LOC100506797	1.57	0.3898305
NPAT	0.448	0.3898608
SPP2	0.649	0.3899265
GOLM1	-0.697	0.3899546
CAPS2	0.503	0.3899751
PDIA4	0.443	0.3899808
LINC01554	0.504	0.3900215
CNTN2	-0.586	0.3901692
LOC101927027	-0.51	0.3901986
COX20	0.601	0.39021
LINC01352	-1.25	0.3903046
PBLD	-0.537	0.3903934
ASAP2	0.57	0.3903993
CISD3	0.493	0.3905007
PSMF1	-0.634	0.3905086
TMC8	0.597	0.3905382
FLJ32255	-1.26	0.3905874
KDELR1	-0.533	0.3905953
MSANTD3	0.534	0.3906212
TAOK3	0.493	0.3906847
LOC339807	0.75	0.390753
PIK3CB	0.483	0.3907539
CCDC141	-0.708	0.390774
PAOX	0.468	0.3907997
DEFA4	-1.13	0.3908629
HIST1H2AK	0.473	0.3909114
NME8	-0.891	0.3909389
RANBP6	0.512	0.3911471
TWIST1	-0.561	0.3912159
SPATA16	0.525	0.3913142
DAOA	-1.64	0.3914434
MAD1L1	-0.591	0.3914923
RBKS	-0.506	0.3915006
LOC101927165	1.1	0.3915398
RPS6KL1	-0.515	0.3915421
USP5	-0.455	0.3915568
TTF1	0.558	0.3915691
MID1	0.61	0.3916576
TMEM266	0.965	0.3916737
FAM104A	-1.41	0.3916802
FLJ30064	-0.556	0.3917039
ICAM3	-0.513	0.3917109
FLT3LG	-1.61	0.3917772
LOC105375875	-0.87	0.3918121
CCDC3	0.45	0.3918461
NUP54	0.823	0.3918535
LINC01600	-0.904	0.3918676
MYH14	-1.19	0.3918896
TWSG1	-0.702	0.3919778
CHRM5	-2.42	0.3920208
DEDD2	0.56	0.3921124
ZNF160	-0.855	0.3921705
AP2M1	-0.488	0.3921812
RNF126	-0.503	0.3921959
LEAP2	0.528	0.3922757
CLIC6	1.84	0.3922837
FAM149B1	-0.718	0.392295
LOC101929657	1.57	0.3923189
LOC105370962	-1.67	0.3923386
NEURL2	-0.816	0.3923768
CGGBP1	0.51	0.3923874
BBX	-0.457	0.3924678
PRPF4	0.442	0.3925265
GFRA3	0.993	0.3925384
ICE1	0.455	0.3925718
SMYD1	-1.73	0.3926096
KHSRP	0.647	0.3926245
FAM134B	-0.558	0.3926629
EGLN3	-0.637	0.3927792
MTRR	0.449	0.3927928
NMNAT2	1.1	0.3928237
KCTD20	-0.444	0.3928499
HOMER1	0.737	0.3928822
HSPA6	-0.835	0.3929146
CFAP157	-1.42	0.3929282
GPBP1	0.438	0.393015
COL19A1	-0.678	0.3930457
LOC283352	0.625	0.3930595
DPCD	-0.47	0.3931084
SENP2	-0.481	0.3931279
VWA8-AS1	-0.615	0.3931533
RNPEPL1	-0.833	0.3932527
CRTC3	-0.536	0.393253
USP27X	0.507	0.3933588
LOC105371401	-0.564	0.3933615
COL9A1	-0.646	0.3933806
WDR41	0.491	0.3934946
REEP4	0.705	0.3935418
RFXANK	-0.565	0.3935431
MCRS1	-0.467	0.3935925
PBK	-1.39	0.3936286
ATP6V0E2-AS1	-1.7	0.3936864
SNRPC	-0.438	0.393717
TBX2	-1.01	0.3937856
SKP1	0.484	0.3937947
NBEAP1	-0.537	0.3938226
SCARB2	-0.528	0.3940644
EZR	1.51	0.3941019
GUCA1A	-0.907	0.3941067
ZNF84	0.457	0.394123
KRT76	0.901	0.3941322
CTXN1	-0.498	0.3941719
PDE3A	-1.28	0.394192
TEKT3	-1.5	0.3942129
DEFB123	0.932	0.3943744
BMS1P6	1.15	0.394428
ARHGEF4	1.51	0.3944652
TBCK	-0.472	0.394482
ZNF320	-0.452	0.3945412
PFDN1	0.455	0.3945569
CEP57	0.515	0.3945571
APOBEC3D	-0.914	0.3945784
PTPN4	0.821	0.3945806
ADHFE1	-0.694	0.3946313
RGS20	0.514	0.3946452
SKI	0.702	0.3947294
RUFY1	1.23	0.3947712
LBX1-AS1	1.19	0.3947718
SH3BGRL	-0.451	0.3948364
LOC162137	1.35	0.3948863
SAP30L	0.485	0.3949706
ZMIZ1-AS1	-0.644	0.3949757
C4BPB	0.452	0.3949976
DDX20	0.444	0.3950311
AWAT1	-1.32	0.3950663
GADD45G	0.513	0.3950694
C2ORF76	-0.704	0.395092
PTPN9	-1.17	0.3951622
CTSC	-0.475	0.3952211
TOLLIP	-0.666	0.3952318
AADAT	-0.492	0.3952414
OTUD7B	-0.641	0.3952571
FBXO34	0.512	0.3952834
FABP5	0.571	0.3953313
RSPH9	0.473	0.3953718
SLC25A43	-0.913	0.3954375
IKBKB	-0.493	0.3954497
DUSP27	-1.48	0.3954963
KTN1	-1.11	0.3955507
STAG3L3	-0.509	0.3955526
SPATA19	0.459	0.3955634
CLEC12B	0.442	0.3955886
LOC100129380	-1.04	0.3956037
ZNF432	0.536	0.3957457
PLEK	-0.679	0.3957627
MTX2	-0.436	0.3957743
LOC284865	1.21	0.3957795
SLC25A6	-0.525	0.3957956
LOC440570	1.2	0.3958621
ST7-AS2	0.576	0.3958747
SOWAHC	0.523	0.3959046
RCSD1	-1.1	0.3960027
C21ORF59	0.726	0.396019
MATK	0.727	0.3960344
SFT2D2	-0.463	0.3960703
MORC3	0.533	0.3961021
GSTM5	0.507	0.3961329
RUFY3	-0.441	0.39614
FAM19A4	0.548	0.3961458
ENTPD4	0.465	0.3961514
HPX	-1.55	0.3961542
UBE2Z	-0.585	0.3961957
TBC1D20	0.443	0.3962459
KLF6	-1.43	0.3962514
CNP	-0.584	0.3962668
TMED8	-0.434	0.3962796
UBA1	0.446	0.3963448
CFAP54	-0.681	0.3964034
C8ORF48	-1.68	0.3965275
LOC101928729	0.953	0.3965768
LAP3	-0.599	0.3965873
BMP4	1.81	0.3966153
LINC01146	2.0	0.3966574
TK2	-0.547	0.3966762
AMT	0.438	0.3966786
MRGBP	0.465	0.3967202
AP3B2	-1.85	0.3967495
NUBPL	-0.58	0.3967653
ASXL1	0.458	0.3967728
IFT140	1.49	0.3968313
RPS3	0.451	0.3968328
RFWD3	-0.616	0.3968616
SNTB1	0.629	0.3969139
ATCAY	0.574	0.3969193
LINC00326	-0.601	0.3969503
C17ORF78	1.53	0.396969
CPTP	0.479	0.3969737
OAZ2	-0.499	0.3969955
POLR3A	-1.78	0.3969968
NUP188	1.08	0.3971043
SAFB	0.45	0.3972113
BRAT1	-0.463	0.3972305
LOC101929172	0.629	0.3973333
CABP5	-0.902	0.3973733
EWSR1	-0.466	0.3974412
PIWIL4	-0.614	0.3974661
TDRD3	0.436	0.397639
ACKR1	-1.93	0.3976674
TKFC	-1.62	0.3977771
FAM189A1	-0.997	0.3977776
SIRPB2	-1.77	0.3978524
ZNF439	0.614	0.3978537
RTN4IP1	-0.462	0.3980028
AFAP1-AS1	1.46	0.3980666
MAN1C1	-0.473	0.398116
MLN	-1.42	0.398175
HSPB11	-0.897	0.3982281
ZNF367	0.664	0.3982644
GRAMD4	0.898	0.3982936
LAPTM5	-0.773	0.3983382
CNOT6	0.559	0.3983768
FNIP1	0.469	0.398475
NOD1	-0.451	0.3985114
TRERF1	0.916	0.3985409
DAPK1	1.17	0.3985724
TSHZ1	0.834	0.3985727
PTMA	0.464	0.3985789
FCGR2C	1.39	0.3985894
TCF15	-0.683	0.398598
CDO1	0.441	0.3986846
LOC102723697	0.467	0.3987034
CCDC134	-1.01	0.3987166
YBEY	-0.511	0.3987494
LKAAEAR1	-1.6	0.3987766
BLK	0.667	0.3987862
PHB2	-0.452	0.3987973
C5ORF49	-0.435	0.3988629
COL20A1	0.518	0.3988723
MCOLN1	-0.637	0.3988855
LNPK	0.485	0.3990256
ACSL4	-0.58	0.3990515
CASP3	0.471	0.3990576
ZNF784	-1.33	0.399098
N6AMT1	-0.694	0.3991588
GCC1	0.452	0.3992419
TFAM	0.451	0.399263
LINC00238	0.69	0.3992933
AQP1	-0.618	0.3994725
ZSCAN21	0.439	0.3995388
MYLIP	-0.647	0.3995665
CC2D2B	-0.906	0.3996256
BIN3	0.87	0.399639
MAP9	0.612	0.3997234
POLR1B	-0.444	0.3997915
DENND2A	-0.462	0.3998202
ACTR3BP2	1.37	0.3998302
PIGN	-0.582	0.3998515
NSUN4	-1.38	0.3998701
LOC729866	-1.09	0.3999075
LINC01102	-1.28	0.3999229
GYG2	-0.545	0.3999681
LOC101927550	-1.56	0.4000189
HIST1H4D	0.528	0.4001284
FLJ25758	0.561	0.400131
BAD	-0.843	0.4001397
TBXAS1	-0.466	0.4002113
AARS	0.594	0.4002657
C16ORF95	-1.35	0.4002884
ZNF692	0.434	0.4003361
SSC4D	-1.24	0.4004323
APOL2	0.51	0.4004447
CDK10	0.487	0.4004803
MLXIPL	-0.609	0.4006765
LOC101929151	-1.71	0.4007251
C14ORF80	1.14	0.4007414
CDKL2	-0.819	0.4008024
SLC25A40	0.553	0.4008329
IRAK1	-0.522	0.4008836
LAYN	-1.02	0.4008993
LOC101928069	-1.09	0.4009209
SPAG8	-1.37	0.4009597
TIGD7	0.478	0.4009705
SCAF8	-0.437	0.401047
HOXA2	-1.53	0.4010568
KARS	-0.428	0.4011738
CDH26	0.927	0.4011884
SMC5	0.666	0.401191
HGFAC	0.611	0.4012352
SLC2A8	-0.479	0.4012477
PCYOX1	0.46	0.4012513
TET3	0.437	0.401253
LINC01590	1.81	0.4012543
CAPN3	-0.689	0.4012676
HIVEP1	0.436	0.4012876
METTL21EP	-1.16	0.4013169
ATP5I	0.461	0.4013796
SEC14L1	-0.435	0.4015253
ATP6V1A	0.535	0.4015548
MS4A14	-0.619	0.401577
NGDN	0.824	0.4015783
NONO	0.43	0.4015997
PAXBP1	0.434	0.4016593
ARHGEF10	0.634	0.4016647
MBTD1	-0.457	0.4016692
CCNC	0.827	0.4016853
CNPY4	1.03	0.4017274
RBM8A	-0.431	0.4017505
ODF3	1.44	0.4017513
MMP25-AS1	-0.812	0.4018143
MSL2	0.476	0.4018313
RABGGTB	-0.527	0.4018407
LINC00937	-1.12	0.40201
TPT1P8	-1.12	0.4020154
FTH1	-0.925	0.4020518
FIGN	-0.556	0.4020676
SNRPB2	-0.966	0.4020768
CBY1	-1.37	0.402079
HCN4	-1.88	0.4020899
LEP	1.29	0.4021135
WDR31	-1.7	0.4021545
LOC102724323	0.773	0.4022462
KIAA1462	-0.559	0.4022679
TSN	-0.446	0.4022976
KRTAP9-9	1.73	0.4023142
RAD17	-0.432	0.4023307
CNN3	0.621	0.4023312
TOR4A	-0.594	0.4023907
LOC285812	0.617	0.4024288
CDK5RAP3	-0.494	0.4024402
PARP2	0.506	0.4024569
NEFM	0.574	0.4025238
SHQ1	0.455	0.4025239
STMN2	1.18	0.4025767
OASL	-0.88	0.4026132
LOC101928778	0.453	0.4026693
KCNQ2	0.926	0.4026989
CTSB	-0.47	0.4027022
KATNAL1	-0.57	0.4027533
SGK2	-0.895	0.4027558
RRP1	0.482	0.4027579
RERG	-0.468	0.4027756
SLC23A2	-0.43	0.4028165
ATP2A2	0.501	0.4029045
SUGP1	1.23	0.4029374
HSPBP1	0.442	0.4029611
LOC101927798	0.51	0.4029743
SFXN1	0.507	0.4030418
LINC01057	-0.784	0.4030458
TM2D3	0.455	0.4030482
HOXA5	0.86	0.4030612
CTC-338M12.4	-1.42	0.4030764
FBXO42	-0.562	0.4031018
PACS1	-0.643	0.4032119
DNAJC14	-0.595	0.4032163
DNM1P35	1.64	0.4033413
FUBP3	-0.907	0.4033485
SH3GL2	1.22	0.4034016
FOXO1	-0.621	0.4034024
LOC100288911	-0.89	0.4034457
C16ORF52	-1.91	0.40351
ATP2A1-AS1	-1.24	0.4035142
TMED9	-0.447	0.4036272
LOC100506585	0.556	0.4036484
ANGPT1	-0.66	0.4036579
ZNF555	-0.519	0.4037305
TM6SF1	-0.511	0.4037331
PSME3	0.552	0.4037382
C6ORF223	-0.72	0.4038175
ZNF134	-0.674	0.4038349
SPDYA	2.06	0.4038394
S1PR5	1.53	0.4038739
WDFY2	-0.615	0.4038996
TOM1L1	-0.72	0.4039889
LHFPL2	-0.506	0.4039895
ASH1L-AS1	0.659	0.40403
TIGD3	-1.51	0.4040341
SEC13	0.43	0.4040515
F2R	-1.1	0.4041405
CEP128	-0.509	0.4041742
RPGR	-0.6	0.4043198
SPIN1	0.484	0.4043721
PLIN4	0.527	0.4043849
EIF3M	0.49	0.4043937
NUF2	-1.37	0.404416
C15ORF54	-0.749	0.4044294
ZNF776	-1.27	0.4045218
PP7080	0.44	0.4045294
C12ORF4	-0.585	0.4047598
CHN1	0.674	0.4047805
NAPB	0.73	0.4047816
ZNF75A	-1.44	0.404805
TMEM251	0.461	0.4048447
STX11	-0.84	0.4048568
EXOC2	-0.635	0.4048709
ZCCHC5	0.485	0.4049148
PTGES3	0.479	0.4049365
LOC101928401	1.13	0.4049523
NIPA1	0.431	0.4050337
KIF3C	0.71	0.4051306
RBMY3AP	1.22	0.4051449
MAGEA8	1.63	0.4051666
HOXA-AS3	0.743	0.4052135
PPP2R2B	-0.474	0.4052213
HES7	-0.875	0.4053651
PPP6R2	-0.9	0.4054494
PRKACB	-0.976	0.4055123
CYP2A7P1	-1.09	0.405538
GLT8D1	-0.424	0.405558
RRP8	0.57	0.4055614
LHFPL4	0.768	0.405586
SPRR1A	0.587	0.4056271
C1ORF131	-0.44	0.4057512
GALNT12	0.619	0.4057514
SNORA71B	0.614	0.4057762
SC5D	0.586	0.4057809
SMAD2	0.435	0.4057953
TPM3	1.09	0.4058159
POLR1C	0.456	0.4059324
STK35	1.4	0.406015
HAUS2	0.581	0.4060513
MKRN1	0.526	0.4060822
UBE2R2	0.426	0.4060824
PLD5	0.531	0.4061224
EVX1	-0.673	0.4061842
LOC389831	-2.13	0.406193
FAT4	-0.492	0.406196
HS3ST5	0.533	0.406224
IZUMO1	1.11	0.4062325
ZNF585A	0.531	0.4062452
RICTOR	0.51	0.4063891
FAM71E1	-1.4	0.4063981
MAGEF1	0.583	0.4064287
LRRC4	1.24	0.4064621
TMEM59	-0.548	0.4064635
ZNF75D	-0.504	0.4064777
C14ORF37	0.584	0.406541
KCTD12	-0.445	0.4065801
LOC729870	-0.634	0.4065849
NBPF4	-1.25	0.4066173
APOLD1	-0.645	0.4066615
LOC100130654	1.33	0.4067176
CDC73	-0.589	0.4067296
VNN2	1.28	0.4067395
BDNF-AS	-0.911	0.406759
SEPT7-AS1	0.442	0.4067606
C8ORF44	-0.78	0.4067698
TMOD1	0.454	0.4067796
LINC00624	1.8	0.4068722
HBE1	-1.13	0.4069321
MTR	-0.491	0.4070121
GLIPR1	-1.08	0.4071422
HSF2	0.557	0.4072481
MAG	1.31	0.407336
CPNE3	-0.441	0.4075275
KIF20B	-0.909	0.4076261
LOC101929340	-1.97	0.407696
LOC100505978	0.957	0.4077459
PMS2P5	-0.435	0.4078323
ACSF2	-0.515	0.4079068
DNAJC11	-0.472	0.4079908
P2RY1	0.461	0.4079932
ADAM5	1.67	0.4080388
RAB29	0.453	0.4081657
SUSD1	-1.25	0.4082626
FAM47B	-0.866	0.4083377
OR7E156P	-0.533	0.4083842
ZDHHC2	0.539	0.4084421
RBM39	-0.967	0.4084626
NAA10	-0.439	0.4085045
TP53BP1	-0.791	0.408513
SLC26A3	-1.6	0.4085299
LINC01449	-1.44	0.4085583
SWAP70	-0.47	0.4086671
APOC3	-0.901	0.4086825
PRAM1	-1.47	0.4087231
RALGAPA2	-1.42	0.4087913
PDCD5	0.423	0.4088542
GPR27	-0.64	0.4088557
FAM109A	-1.23	0.4089553
SLC33A1	-0.478	0.4090182
DNASE1L1	-0.527	0.409123
N4BP1	-0.431	0.4091351
SOX7	-0.99	0.4091628
SLC25A46	-0.44	0.4092587
DDAH2	0.521	0.4093702
DUSP19	1.62	0.4094545
ADGRD1	-1.59	0.4094568
PAPD7	0.652	0.4094624
GIMAP2	-1.05	0.4095549
CDH7	2.24	0.4095741
FENDRR	-0.528	0.409587
ATG9A	0.419	0.4096544
RASSF8-AS1	0.437	0.4096902
RPS27A	-0.581	0.4097562
ZNF92	-0.598	0.4097987
RPL27A	0.57	0.409874
RAB6A	0.456	0.4099181
PAN3-AS1	-0.933	0.4099903
DCAF15	-0.668	0.410016
GCA	-0.66	0.4101056
OGFRL1	0.49	0.4101393
MRPL48	0.424	0.4101434
DPF1	0.772	0.4101564
CABIN1	-0.423	0.4102269
PLA2G6	-0.494	0.4102965
SERPINB8	0.664	0.4103223
DHRS3	-0.505	0.4103643
CCZ1	-0.49	0.4104347
C15ORF61	0.63	0.4105718
SGPP2	0.697	0.4105729
LOC441204	-1.35	0.4105776
ATP5C1	0.668	0.4106348
PSMB2	0.554	0.4106436
CUL4B	-0.438	0.4106756
PJA1	0.489	0.410707
ARHGAP10	0.624	0.4107081
MUC13	0.622	0.4107709
TRDV3	-1.79	0.4108198
ANKRD16	-0.458	0.4108337
LOC145945	-0.811	0.4109633
ZNF488	-0.702	0.4109862
CHMP4B	0.43	0.4110121
HARS2	-0.434	0.4110844
CLEC1B	1.36	0.4110895
LOC283454	-0.916	0.4111325
SLAMF8	-1.52	0.4111761
CYB561	-0.617	0.4111928
F2RL3	0.527	0.4112104
HIST1H2BO	-1.56	0.4112236
RNF181	-0.486	0.4113199
FUT4	-0.538	0.4113369
RNF26	0.437	0.4113513
MIGA1	-0.559	0.4114102
RHBDD3	0.418	0.4114307
POU2F3	-1.43	0.4114644
TMEM108-AS1	1.44	0.4114657
KNTC1	-0.645	0.4115218
GJB4	1.32	0.4115303
LOC100127886	0.447	0.4115865
MSTO1	-1.3	0.4118235
UBAP2L	-0.648	0.4118331
TBCC	-0.485	0.4118819
COPA	0.432	0.4119286
METTL7B	0.445	0.4119413
TRIM56	0.511	0.411947
MAP3K3	0.513	0.4121142
SLC26A9	0.598	0.4121958
COL13A1	0.527	0.4122046
EFCAB7	-0.508	0.4122247
RET	0.457	0.4122693
LHFP	0.526	0.4123177
ZSWIM5	-0.568	0.4123214
PIGV	-0.884	0.4123544
RNU6-501P	0.529	0.4124269
DNAJC27	0.452	0.4125477
CD52	-0.525	0.4125525
B3GNT5	-0.572	0.412626
ZIC1	1.94	0.4126566
LOC101927256	-1.24	0.4127083
SPAG1	-0.475	0.4128296
PDHA1	-0.416	0.4128355
HERC4	-0.484	0.4128494
RNF215	-1.05	0.4128563
MUC20	-0.983	0.4128601
PCGF2	0.506	0.4128747
CSH1	0.501	0.4128758
RNF152	0.427	0.4128784
EMC4	-0.586	0.4129112
SLC25A53	1.62	0.4129941
DCLK2	0.45	0.4130154
ZMYM4	-0.484	0.4130507
MUCL1	-1.03	0.413105
CLEC12A	-0.679	0.4131577
PPP1R16B	-0.61	0.413159
CCDC34	-0.774	0.4131661
KCNB2	-1.03	0.4132816
PXMP4	-0.581	0.4133934
EBF1	0.723	0.4134152
DNPEP	0.422	0.4134738
NDUFS4	-0.577	0.4135543
ADRA1B	0.71	0.4135562
AGPS	-0.491	0.4137592
KRBOX1	-1.68	0.413801
TRIB2	0.531	0.413815
PCBD1	-0.434	0.4138384
DYNC1LI2	-0.419	0.4139058
COMMD1	-0.426	0.4139282
NRXN2	0.464	0.4140442
APOD	-0.418	0.4140456
NUCB1	-0.469	0.4141096
TUSC3	-1.11	0.4141502
TOMM22	0.498	0.4142597
FAT3	-1.75	0.4142961
LOXL4	1.45	0.4142983
MSANTD4	-0.437	0.4144214
FABP1	1.4	0.4144827
RALB	0.43	0.4144995
SLC28A2	0.958	0.4146844
C11ORF54	-0.489	0.4147272
CLSTN1	0.543	0.4149432
RUNDC1	-0.854	0.4149664
TSPAN8	-0.766	0.415051
PAIP1	0.418	0.4151672
RRAS2	0.453	0.4152168
ISM1-AS1	1.12	0.4152299
LOC100289361	0.454	0.4153199
EDNRB	0.503	0.4153692
CNTNAP3P2	-1.97	0.4154312
LYZL6	0.416	0.4155056
ERCC1	-0.49	0.4155265
UBIAD1	-0.504	0.4155386
BTN3A3	-0.655	0.4155502
LOC105377371	0.595	0.4155889
RPL39L	-0.49	0.4156657
TTC27	-0.462	0.4157652
CEP70	-0.476	0.415792
C19ORF60	-0.455	0.4157967
ORM1	0.848	0.4158432
SPATC1L	-0.579	0.4159364
SCP2	-0.46	0.4160668
CENPM	0.764	0.4160753
SLC25A36	0.427	0.4160932
PECR	-0.73	0.4161845
CYB5D1	-0.464	0.4162814
AIMP1	-0.53	0.4163179
MBD3L1	1.12	0.416361
MPHOSPH10	0.415	0.4164022
BANCR	1.61	0.4164905
VPS18	0.466	0.4165239
MIATNB	-1.59	0.4165725
BCL7B	0.492	0.4166777
EFTUD2	-0.501	0.4167345
YJEFN3	-0.744	0.4168026
FRAT2	0.542	0.4169183
LOC100507140	-1.01	0.4169344
PLCXD3	1.28	0.4170518
CDK5R1	0.82	0.4170596
ADGRG4	-1.61	0.4172406
LOC729164	0.786	0.4172877
CDC16	-0.492	0.4172899
LOC284898	-1.65	0.417309
BSN	1.2	0.4173467
WWTR1	-0.571	0.417403
KCTD10	-0.413	0.4174616
DERL3	0.556	0.4175303
KATNA1	-0.42	0.417537
MLLT10	-0.754	0.4175569
ZNF521	1.05	0.4176033
BOD1	0.421	0.4176965
MAGI2-AS2	-1.08	0.4177339
PRF1	-1.17	0.4178016
E2F4	0.467	0.4178053
CCDC78	-0.659	0.4178343
SLC34A2	-1.11	0.417926
CD86	-1.33	0.4179835
GPRC5B	-1.14	0.4180317
EPB41L4A-AS2	-0.79	0.4181242
ZNF273	0.474	0.4181319
LECT1	-0.813	0.4181337
RAB3GAP2	-0.801	0.4181856
SLC1A3	-0.77	0.4182555
FEM1A	0.52	0.418332
ZNF664	0.477	0.4183758
RHOQ	0.431	0.4184145
TUBGCP4	0.557	0.4184897
L1TD1	1.04	0.4184897
PP12719	-1.77	0.4184898
BCL10	-0.411	0.4185092
MARCH2	-0.445	0.4185133
TGM3	0.835	0.4185333
MFNG	-0.495	0.4186174
CCP110	0.466	0.4186193
FAM43A	-0.922	0.4186681
CEBPB	0.722	0.4187172
HCP5B	0.878	0.4187651
SP2-AS1	-2.26	0.4187653
HMG20A	-0.424	0.4188439
FRAT1	0.444	0.4188552
RNF14	0.601	0.4188556
LOC643623	0.462	0.418919
S100A11	-0.65	0.4189595
MOB2	0.42	0.4189611
RILPL1	0.553	0.4189755
LINC01220	1.21	0.4189882
APC2	-0.737	0.4190129
LOC102723779	-0.519	0.4190172
LOC101927467	0.442	0.4190672
KRCC1	-0.436	0.4190815
LXN	-1.42	0.4191049
NPC1	-0.447	0.419117
FAM103A1	0.456	0.4191445
TCOF1	-0.67	0.4192032
OR8G2	1.8	0.4192681
LOC79160	1.23	0.4194702
CST13P	1.87	0.4195246
UCHL3	0.418	0.4195397
DHX36	-0.666	0.4195604
INSL4	1.33	0.4196092
CHI3L1	0.47	0.4196608
LOC101928251	-1.4	0.4196698
HPS6	1.84	0.4197172
SREBF2	0.438	0.4197303
AIRE	-0.943	0.4198127
EVI2A	-0.594	0.419825
RRN3	0.452	0.4198664
GSDMB	-1.13	0.4198695
RNF122	0.45	0.4198713
NADK2	0.425	0.4198985
KRT13	0.944	0.4199338
UGT2B4	1.61	0.4199679
ASB6	-0.509	0.4199868
OBFC1	0.544	0.4201385
LL22NC03-75H12.2	-0.612	0.4201591
MAL	-0.847	0.4202022
PARP3	-0.444	0.420206
NDUFB5	-0.431	0.4202283
FARP1	-0.489	0.4202398
PDAP1	-0.995	0.4202422
SDCBPP2	0.432	0.4202777
DNASE2	-0.69	0.4202841
KCNAB1	-2.12	0.4203133
LINC00674	-0.444	0.4205225
RPL15	-0.426	0.4205266
COL21A1	-0.53	0.4206159
ZCCHC18	0.582	0.4206163
SLC35C2	0.462	0.420686
DAZL	0.561	0.4206988
MTFMT	0.601	0.42082
SHISA5	0.463	0.4208208
SNX30	-0.464	0.4208519
GABARAPL3	-0.999	0.420854
RBFOX3	1.54	0.4209376
ZSCAN18	-0.449	0.4209644
GPR21	-0.947	0.4209859
NFKBIB	0.474	0.4210122
PLAGL2	1.18	0.4210204
CLCA3P	1.38	0.4210276
CSRP3	-0.548	0.4210732
PPP4C	-1.12	0.4210739
ARIH2	-0.427	0.421128
BRPF1	0.41	0.4212204
C7ORF50	-0.449	0.4212343
LRSAM1	-0.872	0.4212353
JMJD4	-1.05	0.4212441
WFDC3	0.774	0.4212529
TCP11L1	0.754	0.4213992
ZNF764	-0.843	0.4214242
NICN1	-0.554	0.4214243
ZBTB48	-0.642	0.4214434
XPO1	-0.416	0.4214727
PKMYT1	0.674	0.4216606
POLR1A	-1.31	0.4217329
PLEKHG1	-0.842	0.4218114
ADCYAP1R1	-0.556	0.4219179
TMEM127	-0.726	0.4219777
DKFZP434L192	-0.775	0.4219888
LOC101928682	-0.756	0.4220042
METTL22	-0.792	0.4220132
LOC100133920	0.788	0.4220722
COA7	0.521	0.422082
KCNK1	1.14	0.4220944
DDX19A	0.752	0.4221595
MEOX2	1.91	0.4221615
ZNF618	0.713	0.4222121
DNAJC22	-0.425	0.4222969
FKBP14	-0.647	0.4223061
DUSP23	0.424	0.4224281
ITPKB	-0.995	0.4224299
MYO9B	-0.662	0.4224632
REEP6	0.486	0.422554
LY6E	-1.52	0.4226817
KCNJ16	-0.533	0.4227131
SMDT1	-0.421	0.4227482
MBTPS2	0.5	0.4227614
DNAJC1	0.425	0.4228972
AEBP1	-0.673	0.4229932
ZC3H18	0.468	0.4231702
BMT2	0.726	0.4231752
MKKS	-0.416	0.423193
COL6A3	-1.52	0.4232255
TSPY26P	1.32	0.423247
POMT2	0.426	0.4232702
SH3TC2	-1.41	0.4232775
PNN	0.42	0.4233186
L3MBTL2	-0.552	0.4233332
PGD	0.573	0.423356
POM121L12	0.517	0.4233666
LHX3	0.588	0.4234142
CLHC1	-0.665	0.4234438
GFM2	0.43	0.4234538
ACOD1	-0.898	0.4234603
PRMT7	-1.59	0.4234754
C10ORF90	-0.725	0.4235065
NPCDR1	-0.99	0.4235777
TTC5	-0.471	0.4237119
KRIT1	-0.447	0.4237373
DNASE1L2	-0.733	0.4237804
PHRF1	-1.76	0.4238216
PRKACA	0.566	0.423836
CWF19L1	-0.427	0.4239074
ZNRD1ASP	1.11	0.4241924
RNF8	0.528	0.4242657
DGUOK	-1.37	0.4243496
KCTD2	0.656	0.4244229
TEX36-AS1	0.575	0.4244412
GPC2	-1.03	0.4244844
TSPAN31	-0.506	0.4245781
LILRA2	-0.435	0.4245843
LINC01214	1.5	0.4245973
GPR137	0.612	0.4246098
HLA-DRA	-0.877	0.4246309
LOC147791	-1.27	0.4246456
LOC100507165	0.407	0.4246462
ZC3HC1	-0.415	0.4246871
FPR1	0.878	0.424718
ROR1	-0.798	0.4248423
HMCES	0.444	0.4248469
CHST5	1.02	0.4248679
LOC102724561	-0.664	0.4249088
ALDH3B1	0.513	0.4249594
RFC4	0.466	0.4251016
CFAP100	-0.744	0.4251241
MIR124-2HG	0.727	0.4252067
TMEM54	-0.476	0.4252136
UBE2Q2	-0.404	0.4252162
EEF2	-0.406	0.4252497
ZNF57	0.449	0.4252645
EARS2	0.405	0.4253398
CALM1	0.521	0.4254
TRPV5	0.87	0.4255009
FUNDC2	0.415	0.4255065
CNDP1	0.694	0.4255833
PPEF2	1.37	0.4255925
DSCR4	1.11	0.425756
DCLRE1C	0.406	0.425761
DHX34	-1.34	0.4258101
PAX4	0.714	0.425832
FAM160A1	0.42	0.4258511
ERCC3	0.477	0.4259239
LHFPL3-AS2	-1.42	0.4259241
IL17RB	0.719	0.4259285
CASC4	-1.53	0.4259518
OTX2	-1.23	0.4259808
ZBTB25	-1.04	0.4259966
ZNF202	-1.92	0.426006
LOC100506411	-0.872	0.4260403
LEPR	-0.656	0.4260461
HYAL4	0.92	0.4260583
MAPK14	0.703	0.426101
PTAFR	0.418	0.4261548
IFT22	-0.493	0.4262127
XPOT	0.409	0.4262171
SPICE1	-0.645	0.4262293
HACL1	-0.457	0.4262413
TRIB3	1.38	0.4262545
PKP4	-0.404	0.4262759
RUVBL1	-0.567	0.4262956
ADRB3	1.02	0.4263405
MTM1	-0.405	0.4263812
FAM122A	0.424	0.426454
KIAA0825	-1.35	0.426615
EXT2	-0.596	0.4266198
KLHL41	0.461	0.426646
C1ORF94	-0.946	0.426666
HOXB1	1.0	0.4266784
PYROXD1	-0.414	0.4266988
ZBED6	0.563	0.4268061
SLC4A4	-0.422	0.4268475
ELMO1	0.406	0.4268568
RPP30	0.699	0.426909
FAM46D	1.99	0.4269209
WDR5B	-0.569	0.4269442
ELL	-1.11	0.426978
KIAA1551	-0.544	0.4271588
HOOK3	-0.468	0.427161
IGF2BP2	0.461	0.4271829
ABR	-0.551	0.4272401
TRDMT1	1.04	0.4273105
PLXDC2	-0.499	0.4273482
PARP15	0.663	0.4274222
KLHL21	0.5	0.4274241
C11ORF53	0.952	0.4275778
ANLN	-0.541	0.4276518
MZF1-AS1	0.737	0.4277102
MYL7	1.23	0.4278359
KYNU	-0.97	0.4279139
GORASP2	0.442	0.4279389
DKFZP434H168	-0.989	0.4279822
GGH	0.783	0.4279914
LRRC40	-0.425	0.428016
TSPYL5	-0.527	0.4281232
SYN1	0.777	0.4281509
AIDA	-0.407	0.4282024
BDKRB1	-0.714	0.4282972
MAPK10	0.551	0.4283462
LSM14A	0.461	0.4283464
EIF3A	-0.435	0.4283821
CEP78	-0.494	0.428388
LOC100131347	-0.832	0.4284406
PTPRE	0.715	0.4284493
TBC1D5	-0.477	0.4285533
NATD1	-0.629	0.4286346
PDP1	0.534	0.4286491
ZNF275	0.415	0.4286563
C16ORF54	-0.647	0.4287268
GTPBP4	0.479	0.4287377
KCNIP1	0.582	0.4287512
MSRB3	-0.405	0.4287567
MICAL1	-0.685	0.4287838
TIMM44	0.425	0.4288012
MLPH	0.549	0.4288323
FAT2	2.6	0.4288487
LOC101060609	0.429	0.4288814
SETD6	0.797	0.4289414
PTGS1	-1.39	0.4289593
LOC338620	0.524	0.4290257
DCTN1-AS1	1.1	0.4290351
COPS7B	0.741	0.4290585
MED6	0.413	0.4290854
ZG16	0.917	0.4291487
RNASE11	-0.682	0.4291748
GBA2	0.524	0.4292437
SRRM3	0.545	0.4294144
CYR61	-0.791	0.4294492
TMEM39A	0.474	0.4294752
OR1D5	0.884	0.4295264
SEC24C	0.433	0.4295492
FZD10	-0.702	0.4296197
TUBB4B	-0.541	0.4296609
TRIM27	0.428	0.4297513
ACOT9	-0.495	0.4298201
IER5	0.451	0.430206
SH3GL1P1	-2.15	0.4303082
CNPY1	1.04	0.4303334
KIAA0922	0.55	0.4303401
RFC3	1.22	0.4303404
PAQR7	0.399	0.4304723
TSPAN1	1.22	0.4305133
MYBPC3	0.475	0.4305236
TIMP4	-1.28	0.4306139
RAD23A	0.423	0.4306265
TMEM50A	-0.419	0.4306652
OAZ3	-0.481	0.4306907
ETV3	0.567	0.4307169
TRRAP	-0.427	0.4307924
FLJ42627	0.839	0.4308072
SOX21-AS1	0.478	0.4308473
C6ORF120	-0.405	0.4309888
CCDC85C	0.423	0.4311418
SLIT1-AS1	0.588	0.4312093
FAM208B	-0.565	0.4312116
CSTB	-0.456	0.431262
TIGD1	-0.694	0.4312847
TFCP2L1	-1.88	0.4313132
VARS2	-0.425	0.4313553
TAP2	-0.468	0.4313779
MAML3	-1.44	0.431378
SNPH	0.455	0.4314116
AMPD3	-0.791	0.4314714
ATF7IP	-0.419	0.4315012
ZNF865	1.32	0.4315253
OR5V1	1.16	0.4316296
GNGT1	-1.18	0.4316611
HDDC2	0.414	0.4317613
CTSZ	0.48	0.4317998
IGF2R	-0.601	0.4318041
C8ORF60	-0.89	0.4318231
ZNF597	1.68	0.431849
RPS27	-0.487	0.4318503
FSTL5	1.41	0.4318601
TMEFF2	0.5	0.4318965
TMEM35A	0.871	0.4320074
WDR6	0.565	0.43209
ZFYVE27	0.404	0.4321009
CCDC120	1.46	0.4321161
BCL9L	-0.454	0.4321442
TRAK2	-0.422	0.4321731
DCAF10	-0.472	0.4322655
MIR3945HG	0.401	0.432279
RPA4	-1.19	0.4323726
CFL2	0.449	0.4323769
FBXW12	-0.757	0.432471
MON1A	0.457	0.432478
HERPUD1	-0.409	0.4325886
LAX1	0.439	0.432642
GTF3C5	0.443	0.4326769
TRAPPC6A	-0.602	0.4328103
EPHA7	0.953	0.4328403
C11ORF49	-0.652	0.4328571
PDGFD	-0.721	0.4329281
PGGHG	0.512	0.4329474
HES1	0.682	0.4329746
ATP5SL	0.5	0.4330948
C19ORF33	-0.886	0.433127
OVOL1	0.465	0.4331802
SMIM12	-0.93	0.4331828
ZSCAN25	0.572	0.4332662
ANKRD39	-0.449	0.4332796
RASSF5	0.432	0.4332973
FASN	0.606	0.4334308
FSTL1	-0.575	0.4334957
SON	0.459	0.4335716
TTL	0.437	0.4335811
SQRDL	-0.567	0.4335816
NPAS1	1.39	0.4336089
FTCD	-0.756	0.4336277
PCID2	0.429	0.4336881
ANGEL2	0.566	0.4337065
RAP1B	-0.452	0.4337993
RASSF7	0.417	0.4338762
ZFR2	-0.404	0.4339115
GRK4	0.431	0.4339157
SMOX	1.11	0.4339231
CRTAP	0.436	0.4339876
LNX1	-0.793	0.434003
CEACAM21	1.41	0.434145
SOX9-AS1	-0.512	0.4341708
GDPD5	0.661	0.43419
SLC47A2	1.23	0.4342144
AKR1E2	0.542	0.4342633
SEC24D	0.644	0.4343331
TMEM217	-1.22	0.4343792
ADAM10	-0.398	0.4343912
GRB14	0.495	0.4344482
RNF186	-1.2	0.4344674
ZNF605	-0.396	0.4344851
KIFC3	-1.3	0.4345074
FAM13A-AS1	0.663	0.4345895
ZIC3	1.16	0.4347267
MYO5B	0.493	0.4347596
SRD5A3-AS1	0.404	0.4348789
ACLY	0.412	0.4349179
KIR3DS1	-0.993	0.4349683
SIRT5	-1.12	0.4350079
KATNAL2	0.596	0.4350316
CCDC106	-0.534	0.4350344
ORC3	-0.516	0.4350464
ARPIN	0.533	0.4350533
KBTBD8	0.447	0.4350849
LINC00936	0.488	0.4351022
SURF1	-0.49	0.4352114
TMCC1-AS1	-1.1	0.4352178
ZBTB44	0.452	0.4353002
IVL	0.495	0.4353312
SEC31B	-1.11	0.4353642
PFN1	-0.54	0.4355135
FSCN2	1.46	0.4355578
LHCGR	-0.577	0.4356653
NECAP1	0.511	0.4357107
ORAOV1	-0.516	0.4357127
RFX7	-0.429	0.4357798
LOC101927282	0.824	0.4358661
CEP97	-0.552	0.4358955
HLCS	-0.592	0.4359586
CORO2A	0.58	0.4359639
WDR27	-1.52	0.4360266
PSMA2	0.554	0.4360343
BLID	-0.613	0.4361217
NRIP1	0.577	0.4361541
RITA1	-0.705	0.4361864
LOC285097	-0.926	0.4363032
LOC105373113	1.13	0.4363232
PTPA	0.46	0.4363237
ZBTB42	0.543	0.4363336
CEBPD	-0.55	0.4363713
COX16	-0.395	0.436423
SORCS3-AS1	-1.49	0.4364372
RNASEH2C	0.456	0.4364467
EFCAB10	1.64	0.4364749
FBP2	1.06	0.4365554
AKAP7	0.422	0.436577
SOS2	0.486	0.4365778
FLT4	0.78	0.4366286
LOC101926913	0.515	0.436656
BTG1	0.837	0.4366727
TCTN2	-0.777	0.4366976
MGAT5	0.431	0.4367327
RFX1	0.485	0.4367688
TRAPPC12	-1.23	0.4367854
ZRANB2	0.403	0.4368197
TTTY7	1.08	0.4370021
ZBTB37	0.65	0.4370961
ZFYVE1	-0.401	0.437171
TMPO-AS1	1.16	0.4371903
LRP6	-0.477	0.4373143
LOC153910	-0.965	0.4373804
ASIP	-0.717	0.4373825
EMP1	-1.73	0.4374131
DNMT3L	0.582	0.4374187
VPS39	0.424	0.437486
THSD7A	-0.428	0.4374943
ACAT2	0.451	0.4375057
TMEM163	0.616	0.4375099
ZC2HC1C	-0.869	0.4375791
LOC100996579	-0.622	0.4376212
AFF1	-0.486	0.4376541
LOC101929964	-1.07	0.4376589
ATRAID	-0.429	0.4376843
MAFB	-0.601	0.4376886
GNG7	0.418	0.4377027
IL17F	0.513	0.4377197
CALU	0.535	0.4377294
LNPEP	0.404	0.4377306
TMEM156	-0.71	0.4377599
OR8D2	1.06	0.437798
NFKBID	1.25	0.4377998
SMCR5	0.432	0.4378943
SERPINB12	-0.911	0.4379165
LRRC41	-0.486	0.4379418
SEMA5B	-1.14	0.4379841
PSMA7	0.395	0.4379875
USP2-AS1	0.882	0.4379987
CELF2-AS1	-0.539	0.4380048
SGPP1	-0.415	0.4380677
MEAF6	0.526	0.4380881
ASAP1	-0.606	0.4381047
RPS10	-0.393	0.4381595
TRAPPC6B	0.453	0.4381921
SENP3	-0.485	0.4382354
CCR2	-2.02	0.4382749
LOC101929243	0.447	0.4382871
TMEM132C	-0.479	0.4382948
MB	-1.61	0.4383001
CA5B	1.34	0.4383362
HN1L	-1.04	0.4383618
PPP1R3C	-1.47	0.4384679
ID2	0.413	0.4384836
WFDC10B	1.37	0.438534
ESCO1	0.396	0.4385555
FGF1	-0.555	0.4387265
MT1X	0.574	0.438836
UBE4B	-0.395	0.4389487
TNIK	-0.5	0.438963
MRPS27	-1.53	0.4390535
SLC35D2	-0.958	0.4390675
RNF169	0.402	0.439161
TMPRSS12	0.927	0.4392788
ARFGEF1	-0.444	0.4393979
SNAP91	0.866	0.4395242
CTNND2	0.401	0.4395697
WBP11	-0.437	0.4397245
TM9SF1	-0.629	0.4397457
PRDM6	0.49	0.4397646
EPB41L1	-0.792	0.4398044
C20ORF181	1.12	0.4398272
GCNT2	-1.54	0.4398705
WBP2	-0.464	0.4398834
CDX1	-0.812	0.4399095
ASCL3	1.53	0.439969
C20ORF187	-1.07	0.4400097
RAB40B	-0.511	0.4400257
GPR35	-0.741	0.4400609
FLJ21369	-0.731	0.4401213
ZNRF2P1	1.16	0.4401413
STAU1	-0.411	0.4401483
TOMM5	0.432	0.4402429
MIEF2	-1.42	0.4403018
CCNE2	-0.648	0.4403288
ANP32B	0.443	0.4403636
FAM216B	-1.06	0.4403841
MSN	-0.694	0.4403851
SP3	0.406	0.4404283
ZNF502	-0.736	0.4404521
KDM5A	-0.487	0.4404672
PDE1C	0.497	0.4405407
MRPL49	0.39	0.4406108
C5AR2	-1.26	0.4406328
PCDHAC1	0.869	0.440739
BAZ2B	-0.392	0.4407398
COMP	1.0	0.4407885
PDCD6	-0.406	0.4408467
DEPDC4	1.7	0.4408779
CDCA2	-1.07	0.440952
PIM1	0.436	0.4409939
OR12D2	0.613	0.4410594
PAPD4	-0.502	0.4411109
TRIM55	0.403	0.4411156
NUDT5	-0.394	0.441191
NPAP1	-1.25	0.4412039
BRF2	-0.458	0.4412404
LOC101928894	0.443	0.4413691
CD101	-1.39	0.4414347
S100A1	-0.635	0.4414615
MYO15B	-0.626	0.441465
SLFN11	-0.578	0.4415835
NRG4	1.57	0.4416504
USP32	0.424	0.4416643
LOC339468	0.964	0.4416763
MYO1D	-1.22	0.4417448
LOC286068	1.28	0.4418426
MSR1	-1.51	0.4419111
LOC101929584	-0.979	0.4419743
PITX3	0.541	0.4420473
PAX6	1.29	0.4421473
SUPT7L	-0.431	0.4421677
XPC	0.402	0.4421794
PRICKLE2	-0.539	0.4421798
RABL6	-0.47	0.4421923
GLRX3	-0.88	0.4423156
DLGAP3	-0.947	0.4423345
CDKN2AIP	0.474	0.4423593
FAM210B	0.393	0.4424095
WDR46	-0.474	0.4425574
WDR91	-0.414	0.4426636
TRIM13	0.701	0.4426814
TARP	-0.526	0.4427395
ANO7	0.654	0.4427453
UGT1A1	-1.0	0.4427548
RHAG	0.788	0.4427764
RBM17	0.393	0.4428621
TEAD1	-0.652	0.4429677
PDZD8	0.479	0.4429787
TLE4	-0.48	0.4430428
LOC101928622	1.12	0.4430878
ARID4A	-0.734	0.4431061
C12ORF74	0.691	0.4431859
SLITRK2	0.41	0.44323
NUDT17	-0.852	0.4432593
IGKV1OR2-118	-0.946	0.4432924
NPHP3-AS1	-1.21	0.4433926
TRAPPC3	-0.391	0.4433932
OST4	-0.469	0.4434375
LOC101928460	1.15	0.4434986
EMC9	-1.07	0.4436879
RBM45	-0.673	0.4437258
PYDC1	1.16	0.4438909
FAM159A	-0.405	0.4439993
ELOVL6	0.485	0.4440128
RPS24	-0.575	0.4440721
TSPAN7	0.59	0.444153
ICOS	0.916	0.4441639
ANKRD29	0.494	0.4442556
CXCL16	-0.696	0.4442918
TMEM170B	0.533	0.4442943
UBE2E2-AS1	-1.18	0.4443619
EDRF1	0.402	0.4443802
TAX1BP1	0.474	0.4444157
HMG20B	0.435	0.4444178
SMG5	-0.457	0.4444389
LINC00294	-0.426	0.4444758
FAM175B	0.392	0.4445454
RASSF1-AS1	-0.387	0.4446051
TRAF3IP1	-1.12	0.4446436
LOC105370424	0.541	0.4446744
CORT	0.519	0.4446817
ERFE	-0.723	0.4448258
STAT3	0.609	0.4449076
PMCHL1	-0.639	0.444911
LOC100996724	-0.687	0.4449416
MAGEH1	0.398	0.4450258
METTL21C	-0.9	0.4450324
ABCC5	-0.648	0.445051
RRH	-0.96	0.4450863
TXNDC12	0.407	0.4451359
FAM83B	1.13	0.4451462
ROCK2	0.594	0.4451799
CNNM4	-0.625	0.4452097
MST1	-0.517	0.4452118
HEYL	1.37	0.4452163
ALDH3B2	-0.44	0.4453138
ITGB1BP1	0.416	0.4453486
CNTN1	0.605	0.4454269
SASH3	-0.493	0.4454454
MRPL42	-0.539	0.4454669
PARTICL	-1.02	0.4454808
ORF1	-1.26	0.4455664
RBM26	-0.665	0.4455937
EIF3K	-0.41	0.4456083
SPAG5	0.687	0.4456291
PRPF39	0.433	0.4456373
SLC37A2	0.545	0.445757
PI15	0.707	0.4457765
NWD2	-1.62	0.4457958
HSD17B4	-0.445	0.4458204
EIF3G	-0.398	0.4458435
ZSCAN10	-1.28	0.4459614
CALCRL	-0.501	0.4461675
HMCN1	-1.19	0.4462525
CRYM	-1.46	0.4463159
AGPAT5	-0.435	0.4465112
KCNK2	-0.969	0.4465157
ZNF536	-0.67	0.4465555
LPIN3	0.596	0.4466699
TP53INP2	-0.507	0.446676
CFAP61	-1.41	0.4467218
KIAA0556	-0.415	0.4467942
TMEM150A	0.395	0.446824
IQCH	-1.12	0.4468785
CENPC	0.461	0.44694
TSKS	-0.82	0.4469569
RIF1	1.39	0.4469704
SNX12	-1.64	0.4469906
ZNF114	0.707	0.4470381
LCA5	0.386	0.4470411
EIF4ENIF1	0.406	0.4470478
TNRC6C-AS1	-0.501	0.4470954
GOLT1A	-0.531	0.4470987
NAV2-AS2	-0.458	0.4473369
ZNF33A	0.475	0.4473804
LOC100506530	-1.17	0.4473902
OR2L2	0.893	0.4474587
GPR18	0.649	0.4474747
DBR1	-0.468	0.4475176
LINC00561	0.842	0.4476778
LZIC	-0.4	0.447723
PTCSC1	-0.39	0.4477987
SUV39H2	0.41	0.4478539
DHCR7	0.775	0.4478834
TRIM41	0.409	0.4478892
PINX1	0.406	0.4479856
LOC100507600	-0.753	0.4479889
ZNHIT6	0.602	0.4480093
LOC100049716	-0.629	0.4480798
SPTBN2	0.844	0.4481174
LOC114224	0.4	0.4481526
LOC285043	1.01	0.4482683
PCK2	-0.801	0.4482922
UBE2A	-0.426	0.4483552
CLASRP	-0.397	0.448389
CDC42SE1	0.63	0.448468
POLR3H	-0.709	0.4484896
TFDP3	1.52	0.4485161
SYTL2	-0.464	0.4485891
LINC01315	0.398	0.448632
BBS10	-0.384	0.4486646
TMC7	-0.579	0.44875
KAT2B	-0.466	0.4488606
LRRC1	-0.616	0.4488723
SPTSSB	-0.405	0.4489189
SSBP2	0.401	0.4489305
RSG1	0.616	0.4489368
SNU13	-1.05	0.4489462
WRAP73	0.579	0.4490563
CLEC4E	-1.5	0.4490996
CHRM4	-0.496	0.4491936
SLITRK4	1.23	0.4491977
C8ORF49	-1.55	0.4492864
ANK2	-0.454	0.4493095
SLC44A1	0.384	0.4493574
LOC100422737	1.47	0.4493961
IKBIP	-0.472	0.4495684
PSTPIP1	-0.393	0.4495717
GAB2	-0.474	0.4495886
VIP	1.58	0.4496072
ITGAM	0.682	0.4496341
KCNMA1	0.657	0.4496486
CRK	0.403	0.4496496
GALNT18	0.437	0.4497089
CDC14A	-0.614	0.4497162
KMT2C	-0.392	0.4497268
LELP1	-0.892	0.4498478
ZUFSP	0.472	0.4498617
MTIF3	1.11	0.4500236
MPDU1	-0.702	0.4500256
KIF7	0.434	0.4500887
LOC105378702	1.21	0.4501175
ZNF529	0.64	0.4501481
DUS2	-0.586	0.4501828
WDR87	0.484	0.4502646
TXNRD2	-0.712	0.450355
DNAJA2	0.563	0.4503961
KIR2DS1	0.966	0.4504059
KCNT1	0.85	0.45044
LINS1	-0.418	0.4504618
SLC12A5	0.886	0.4504749
PHACTR2	-0.558	0.450493
MROH8	-0.732	0.4504942
LOC101928907	0.452	0.4504978
CCDC142	-0.396	0.4506311
TRAPPC2L	-0.452	0.4506379
TRPM6	-1.39	0.4506846
SULT1B1	-0.769	0.4507206
NDUFA10	-0.437	0.4507534
GAFA2	0.608	0.450817
IL25	-1.2	0.4508173
ACAT1	-0.439	0.4509158
TFIP11	0.461	0.4510231
RNF43	1.15	0.4511004
MAP3K11	-0.629	0.4511342
CNBP	0.429	0.4511762
RASL10A	-0.495	0.4512346
FAM172A	0.394	0.4512686
TSPAN14	-0.385	0.4512847
TNK2-AS1	-1.81	0.4513016
ZNF155	0.521	0.4513144
LOC728392	-0.571	0.4514218
HIST1H3F	-1.22	0.4515014
NCK1-AS1	-0.518	0.4515399
TATDN1	-0.461	0.4515692
USP32P2	0.755	0.4516693
NLK	-0.421	0.4516982
ZNF347	-0.442	0.4517652
FAM9C	-0.967	0.4517815
IL36A	0.443	0.4517949
SPATA33	0.436	0.4518941
SLC35D1	0.465	0.4518979
CCR7	1.25	0.4519378
LOC728099	0.761	0.4519389
ANO10	-0.409	0.4519906
DCAF7	0.384	0.4520357
MARS2	0.382	0.4520417
LOC100507616	0.818	0.4520607
RMND1	-0.425	0.4521028
AGT	-0.451	0.4521704
IDUA	-0.456	0.4522232
C12ORF42	0.802	0.4522396
RBPJL	-0.44	0.4523214
TFDP2	0.466	0.4523275
GNB2	-0.41	0.4524413
FITM2	-0.822	0.4524427
NF1	0.932	0.4525187
PUM3	0.406	0.4525256
UTP4	0.39	0.4525794
TBX22	-1.19	0.4525857
LOC101929229	-0.505	0.4525916
TBX18	1.96	0.4526352
PON1	-1.06	0.4527734
LOC286087	-1.63	0.4527781
PDDC1	-0.43	0.4528527
DIEXF	-0.429	0.4528768
ZNF248	-0.491	0.452932
KLHDC8B	-0.518	0.4531073
MTO1	0.443	0.4532211
IGF2BP1	-0.415	0.4533324
LFNG	-1.09	0.4533656
EML6	0.606	0.4533964
HHIPL1	-0.542	0.4533969
LOC403312	0.422	0.4534146
PLEKHF2	-0.463	0.4534206
MRPL52	0.385	0.4535031
RRP15	-0.444	0.4535127
IFNAR2	-0.436	0.453572
GPRIN2	0.584	0.4535888
LOC105369748	-0.423	0.4535957
CAMK2B	0.911	0.4536774
PYY2	1.01	0.4536806
GRIK1-AS1	-0.595	0.4537113
TMEM167A	-0.464	0.4537148
IGFN1	-0.448	0.4537167
HSF5	-1.73	0.4537311
HTR2B	-1.11	0.4538325
GPR171	-0.818	0.4538505
TSG101	-0.38	0.4539023
ZNF142	-0.468	0.4539112
SEPN1	-0.566	0.4539437
CBS	0.426	0.4539706
ZNF786	0.419	0.4540059
CMTM7	0.409	0.4540141
SCO1	-0.383	0.4540344
TLR2	-0.726	0.4540509
LOC105372547	-0.41	0.4540675
SVIP	0.492	0.4540792
LOC100130278	-0.867	0.4541373
PRKG1-AS1	1.43	0.4541544
PRRG3	-0.387	0.4542063
LOC646268	-1.37	0.454294
CCHCR1	0.392	0.4543386
NEUROD1	2.45	0.4545143
FAS	0.935	0.4546325
CAPRIN1	-0.53	0.4548519
KATNB1	-0.411	0.4549257
ZNF423	0.427	0.4551312
CAPNS1	-0.413	0.455135
PROK1	-1.31	0.4551827
MFAP3L	-0.448	0.4552831
PRSS35	-1.03	0.4553381
CSRP2	-0.514	0.4553665
RAMP2-AS1	-0.427	0.4553718
LOC643659	0.799	0.4553838
EXOC3L2	0.611	0.4554239
NCAM1	0.537	0.4554245
UNC119B	-0.416	0.455477
LOC90246	0.566	0.4554963
ALG9	-0.612	0.4556097
OR6B1	-1.17	0.4556711
UBE2E1	-0.86	0.4557429
PAK5	1.41	0.4557821
TNKS1BP1	-0.505	0.4557965
SRSF3	-0.742	0.4558268
ITIH5	-0.484	0.4558291
EEF2KMT	-0.867	0.4558923
ACBD3	0.517	0.4559075
LOC100379224	0.494	0.4559204
ADGB	-0.652	0.4559851
LAT2	-0.494	0.4561025
VAMP3	-0.558	0.4561056
LMF1	-0.424	0.4561589
KIAA0101	-0.591	0.4562519
FER	-0.378	0.4562656
TULP4	0.42	0.4563213
LOC100630923	-0.481	0.4564042
HNRNPA1	0.379	0.4564149
MRPS34	0.47	0.4564334
POFUT1	1.35	0.4564335
PPP3CB	0.832	0.4564397
HIST1H4I	1.07	0.4565032
ELANE	-0.511	0.4565047
TMEM5	-0.409	0.4565174
MYOM2	-0.561	0.4566077
LOC101927690	0.437	0.4566285
TKT	0.517	0.4566663
G0S2	0.564	0.4566898
LOC100996843	-1.89	0.4567069
RHOBTB3	-0.601	0.4567723
COL18A1-AS1	-0.532	0.4568118
SCN9A	0.497	0.4568189
LRP12	-1.13	0.4568381
LILRB3	-0.686	0.4568602
SYTL1	1.17	0.4570266
IMPDH2	-0.587	0.4570395
LYPD4	-0.998	0.4570842
NCR3	-0.599	0.4570914
MPP1	0.382	0.4571265
ZNF551	-0.401	0.4571734
CDKN2AIPNL	0.507	0.4571971
ZRANB2-AS1	0.702	0.4572619
PHF11	-0.552	0.4572766
RWDD2B	-0.75	0.4572773
INSL5	-1.07	0.457575
MTMR6	0.774	0.457606
DACT2	1.06	0.4576541
MESP2	0.602	0.4576951
LINC00051	0.839	0.4577159
RBBP7	-0.375	0.4577443
SLC22A3	0.39	0.4577471
UBE2Q2L	-0.379	0.4577534
DAG1	0.393	0.4577628
GLUD1	-0.412	0.4578601
ANKRD28	0.433	0.458013
ZNF558	0.399	0.4581057
ZNHIT2	0.54	0.4581059
ENTPD7	1.02	0.458129
MAS1L	0.611	0.4581365
AATK	-0.553	0.4581969
PGGT1B	-0.381	0.4585324
PUF60	-0.399	0.458596
LOC780529	1.35	0.4586881
PTP4A2	0.385	0.4586901
AMOTL1	-1.41	0.4587655
NOL3	0.614	0.4587759
SMARCA1	0.966	0.4587815
IFITM2	-0.754	0.4587929
LYRM1	-0.404	0.4587959
IGIP	0.465	0.4588226
MID2	-0.446	0.4588482
SYT16	0.529	0.4588857
KIF14	0.86	0.4588949
LRIF1	0.403	0.458966
MPO	1.43	0.4589778
LGALS4	-1.27	0.4590713
SOX30	1.12	0.4591365
CCL24	0.51	0.4591594
FXYD5	-0.523	0.4591847
LARGE-AS1	-0.498	0.4591991
LOC100287221	0.814	0.4592193
HIBADH	0.4	0.4592452
MYOZ3	-0.953	0.4593261
ZNF132	-0.909	0.4593322
GABRR3	-1.04	0.4593485
PSMD1	-0.4	0.4593539
ADGRB2	0.416	0.4593674
RPS9	0.65	0.4593812
HNF4G	-0.409	0.4594284
CRELD1	0.454	0.4594365
RSF1	0.427	0.459464
PPP1R14A	-0.911	0.4595351
LOC100507487	-1.25	0.4595723
ABCB9	0.405	0.4596122
TUFM	-0.918	0.4596626
PHB	-0.385	0.4596659
SUCNR1	-0.664	0.459689
CFHR4	1.05	0.4597401
NT5E	0.394	0.4597638
POLR3D	-1.09	0.4597906
TRMT13	-0.565	0.4599209
LOC101929709	-1.34	0.4599907
ATAD2	-0.934	0.4600405
CD276	0.607	0.4601264
GSK3A	0.387	0.4603281
NPPB	0.676	0.4603777
TIAM2	0.9	0.4604148
RBM4	-0.474	0.4604659
GPR107	-0.648	0.4604683
IFT81	0.742	0.4604721
PSMD6-AS2	-0.496	0.4604978
UBR5-AS1	-1.61	0.4605148
CA2	-0.833	0.4605338
SNX27	0.385	0.4605697
POLR2J	-0.376	0.4606517
KIF26A	-0.798	0.4606966
CD70	0.776	0.4607808
GBP4	-0.631	0.4608549
SELK	0.38	0.46091
LMBRD2	0.529	0.4609639
NUP210	-1.37	0.4609658
CTSS	-0.644	0.4609674
ACP2	-0.581	0.461011
UBL7-AS1	-1.59	0.4610359
PTPRH	0.525	0.4610401
RASAL3	-0.449	0.4610556
CYP1B1	-0.667	0.4610565
CAB39	0.377	0.4612616
LOC101929144	-1.31	0.4613651
TNFAIP3	-1.4	0.4613682
EPO	0.59	0.4613893
RSRP1	0.379	0.4614027
PPP1R9A	0.511	0.4615401
TMEM68	0.457	0.4615564
PKHD1L1	-0.382	0.461624
FAM83F	1.77	0.4616244
ZBTB3	-0.642	0.4616344
TRAPPC13	-0.454	0.4616487
PCDH19	0.394	0.4616747
DKFZP761C1711	-0.873	0.4617777
LOC101929280	0.376	0.4618138
DAND5	-0.661	0.461845
NLRP7	0.499	0.4618696
NCR3LG1	0.65	0.461885
RNMT	0.433	0.461931
HIST1H2AE	-1.98	0.4620573
SH3RF3	-0.606	0.4621
PACSIN2	1.46	0.4621191
SAP130	0.379	0.4621308
LOC101927247	0.432	0.4621563
LOC105379426	0.372	0.462174
PNMT	-0.699	0.4622189
AP3M1	-0.37	0.4622768
C1ORF123	-0.433	0.4624076
GOLPH3L	-0.55	0.4624172
SYP	0.429	0.4624639
ZNHIT3	0.397	0.4624809
DPP6	0.411	0.4625709
EFCAB12	0.632	0.4626436
C1QTNF1-AS1	-0.793	0.4627013
SLC1A5	0.613	0.4627042
C11ORF40	-1.29	0.462705
PBX2	0.391	0.4628296
LOC105378382	-0.538	0.4628303
MMP19	1.13	0.4628983
ST8SIA2	0.445	0.4630461
PLD1	-0.63	0.4632076
TM4SF4	1.09	0.4632854
AHSG	1.15	0.4632957
CLPTM1L	0.555	0.4633283
CYP20A1	-0.87	0.4634802
LOC105372520	1.08	0.4635326
LOC101928978	-0.559	0.4635848
HMGN5	-0.379	0.4636239
P3H2	0.403	0.4637559
ANAPC5	-0.41	0.463797
DNAH2	-0.595	0.4638042
LOC101929378	-1.24	0.4639083
NUP107	-0.394	0.4639124
ZNF660	-0.371	0.4639452
FAM155A	0.458	0.464051
SEH1L	0.37	0.4640694
FLJ41170	-1.48	0.4640744
GDA	-0.472	0.4641067
P4HA3	0.536	0.4641289
CXXC1	0.562	0.4641708
LOC101929977	0.818	0.4641801
LSM2	0.379	0.464314
CPA4	0.408	0.4643657
MYH16	1.62	0.4643918
DCAF4L1	-0.767	0.4644259
LOC51145	0.619	0.4644911
ELOVL2-AS1	-0.474	0.464527
LOC157740	-1.51	0.4646349
AGBL2	-0.489	0.4646473
SLC16A5	0.508	0.4647527
CD274	-0.565	0.4648314
SDHD	-0.377	0.4648349
FBXO9	0.541	0.4648805
ZHX1-C8ORF76	-1.05	0.4649131
SLC6A9	-0.41	0.4649193
EIF1AX	-0.434	0.4649972
SAMD5	0.877	0.465008
CLTC-IT1	-0.385	0.4651482
NOL12	0.481	0.4652042
LOC100507073	2.29	0.4652069
UTS2B	-1.15	0.4652236
TARBP2	0.426	0.4652774
ZBTB10	0.678	0.4655467
TPD52L2	0.368	0.46555
RND3	0.525	0.46555
MAPK3	-0.38	0.4655536
RNPC3	0.41	0.4655938
SIPA1L1	-0.422	0.4656965
MAGT1	-0.54	0.4657594
CEP85L	0.374	0.4657923
MIF4GD	-0.433	0.4658365
IDI2	-0.755	0.4658634
ZFP69B	0.372	0.4660191
MIF	-0.391	0.4660213
LINC01087	0.495	0.4660691
DSEL	-0.526	0.4660808
GALNS	1.13	0.4663779
SERINC5	-0.64	0.4664087
RUSC1	0.493	0.4664466
TXNL4B	-0.509	0.4667394
DOCK4-AS1	-1.34	0.466863
GIT1	-0.534	0.4668681
LARP7	0.379	0.4669388
ZNF169	0.392	0.4669837
CCDC30	-1.11	0.4669971
ZNF26	-0.384	0.4671359
HECW1-IT1	1.26	0.4671415
CAMKK2	0.992	0.4671622
LOC158434	-1.45	0.4672711
SNAPIN	-0.428	0.467327
ZNF121	0.397	0.4673722
LYSMD4	-0.483	0.4674077
KPTN	0.383	0.4674274
AK2	-0.371	0.4675096
RRP7A	-0.573	0.4675229
ZBTB8OS	0.375	0.4675504
TMEM27	-1.74	0.4675604
SF3B5	-0.388	0.4675613
FBXL5	-0.386	0.4676207
CHGB	1.52	0.4676823
CCM2L	-0.415	0.4676838
NPEPL1	-0.471	0.4677147
R3HDM4	0.409	0.4677258
REEP2	0.396	0.4677783
PDGFRA	-0.464	0.4677903
U2AF2	0.379	0.4677938
LOC100271832	-0.941	0.4678703
MFAP4	-0.526	0.4679977
SMPX	0.517	0.468013
PPP4R1	-0.391	0.4680221
BZW1	-0.391	0.4681688
HOXC-AS3	1.1	0.4681722
LOC403323	-0.399	0.4681758
BRMS1	-0.426	0.4682049
ASCL1	0.367	0.4682518
LOC100289333	-0.376	0.4682543
LOC100130964	1.81	0.4682785
LOC102724449	-1.52	0.468284
ARAP2	-0.489	0.4684422
SPIN4	-0.611	0.4684506
LGALS13	0.719	0.4684663
CEBPA	-0.696	0.4684825
DDX52	0.484	0.4684834
BSND	-0.428	0.4685458
BLMH	-0.427	0.4685853
LOC101060091	1.58	0.4685902
LINC01186	-0.693	0.4687129
NT5C	-0.497	0.4687256
SRF	0.493	0.4687279
USP53	0.461	0.4687769
NSMCE1	-0.469	0.4689195
TMEM55A	0.395	0.4689695
SESN1	-0.412	0.4689772
LOC101928259	0.905	0.469041
STX19	-1.42	0.4690544
MED13L	0.436	0.4691199
DMRTA1	-0.399	0.4691392
FAM122B	-0.557	0.4693902
OR2F2	-1.59	0.4694053
RPL7AP9	-1.3	0.4694563
FAAH2	0.771	0.4694627
FANCL	-0.459	0.4694974
LINC00635	-1.64	0.4694986
TNF	0.736	0.4695404
C5ORF22	0.368	0.4696094
SLC25A21	-1.81	0.4696482
GUCA1B	-0.496	0.4696772
SAMMSON	-0.989	0.4697404
LOC105377276	1.02	0.4698343
PPP1R3D	-0.383	0.4698561
B3GNT6	0.454	0.4698592
POU4F1	0.447	0.4699852
IP6K1	0.505	0.4699975
CDNF	-1.14	0.4700326
TMEM53	-0.828	0.4700687
CDK2AP2	0.385	0.4700703
CCAR2	-0.498	0.4700757
NBEA	0.824	0.4701505
SARNP	-0.365	0.4702471
RPS10P7	-0.785	0.4702597
LOC101929073	1.34	0.4702713
URGCP	0.506	0.4702963
ABHD10	-0.366	0.4703907
TLN2	-0.431	0.4705608
LOC101927783	0.813	0.4706388
LYRM4	-0.379	0.4706837
LOC101929050	0.71	0.4707781
DOCK11	0.438	0.4708628
SRSF1	0.364	0.4709873
PLA2G12A	0.368	0.4710045
TSACC	0.435	0.471056
PGRMC1	-0.431	0.4711127
CLEC4GP1	0.366	0.471137
PRMT6	-0.417	0.4711394
GPR68	-0.474	0.4711394
TFF1	0.413	0.4712469
B3GALNT1	-0.494	0.4712861
SEPSECS-AS1	-0.484	0.4712869
CYP7B1	-0.647	0.4713456
SPPL2A	-0.4	0.4716527
GPATCH11	-0.391	0.4716946
ZNF189	-0.513	0.4717261
PIGA	0.365	0.4717444
ZSCAN5A	-0.406	0.4717461
APOBEC3B	-0.447	0.4717646
BBOX1	-0.558	0.4718465
FAM45A	0.56	0.471862
HOXB9	-0.452	0.4720603
ZNF577	-0.702	0.4720806
SNX6	-0.435	0.472085
GTF2E1	-0.383	0.4722559
BCL2L2	-0.374	0.4722834
OR1E1	-0.747	0.4723189
SERPINI1	-0.491	0.472382
LOC100996419	-0.702	0.472424
ZDHHC22	0.382	0.4724415
FOXR1	0.877	0.4724983
DNAAF1	-0.726	0.4725022
THOC5	-0.796	0.4725349
TBC1D9B	-0.368	0.4725668
CD72	1.58	0.4725682
COL4A3BP	0.424	0.4726125
RNF219	0.44	0.4726374
NCBP2	-0.392	0.4726555
TSHZ3	-0.438	0.472659
SCRN1	-0.363	0.4726687
NAPSB	-0.744	0.4726877
KLF11	0.517	0.4727076
LOC401261	0.365	0.4727855
CECR2	0.382	0.4728895
PCED1B	-0.362	0.4729144
ADSS	-1.05	0.472917
KCNK9	0.894	0.4729224
GPR88	-0.736	0.4730093
CDC42EP1	-0.717	0.4730106
IDO1	0.626	0.4730494
DSCC1	0.422	0.473076
SUCLA2	0.413	0.4730891
INTS5	-0.393	0.4732247
DNAJC28	-0.903	0.4733475
RAB11FIP2	0.383	0.4733915
PITPNB	0.416	0.4733962
ALX3	0.753	0.4735126
CCNT2	0.456	0.4735915
ZWILCH	-0.523	0.4736034
FTH1P5	-0.425	0.473608
SYNGAP1	0.409	0.4736266
SAR1A	-0.39	0.4736623
KCNK15-AS1	-0.68	0.4737405
ATP6AP1	0.405	0.4737871
LOC101928280	-1.27	0.4738075
SCARB1	-1.12	0.4738391
SLC7A4	-1.29	0.4739135
MFSD13A	0.667	0.4739559
NLRP8	1.08	0.4739994
ADO	0.371	0.4740769
GK5	0.589	0.4741434
ARPC5	0.451	0.4741444
PSMD12	0.555	0.4741533
LOC100506302	-0.45	0.4741585
BANK1	-1.47	0.4741651
WSB1	-0.801	0.4741728
LINC00271	0.917	0.4742629
ZMAT4	1.19	0.4743717
SLC5A6	0.391	0.4744274
LINC01138	-0.92	0.4744615
UXS1	0.415	0.4745572
MOGS	-0.372	0.4745858
DFNA5	-0.448	0.4745893
HCFC1	1.05	0.4746227
CSTF3	0.369	0.4747157
MYO9A	-0.72	0.4748475
USF2	0.413	0.4748838
LYPD6B	0.779	0.4749691
PROK2	-1.49	0.4750028
CRELD2	-0.449	0.4750287
NDUFV3	-1.1	0.4750673
LOC101928851	1.4	0.4751144
SNAPC1	0.456	0.475126
R3HCC1L	0.437	0.4751847
PDE8A	-0.653	0.4752337
DPY19L1P1	0.667	0.4753084
CBX8	0.605	0.4753202
HN1	0.431	0.4754899
CSTA	-0.814	0.4755512
BOD1L2	-0.772	0.4756553
RCCD1	0.441	0.4756558
SNX9	0.37	0.4756701
C18ORF12	0.656	0.4756949
IARS	0.397	0.4757381
TOMM20	0.368	0.4757556
NSUN5P1	0.359	0.4757566
PXYLP1	0.437	0.475822
LINC01592	0.963	0.4758739
PRKRA	0.418	0.4758769
SYPL2	0.372	0.4759273
NRN1	0.787	0.4759514
TLE1	-0.411	0.475963
H2AFY2	-0.733	0.4759676
MADD	0.36	0.4760061
GPR62	-0.532	0.4760856
OAZ1	0.369	0.4760894
IREB2	0.473	0.4762259
RAB42	-0.53	0.4762507
SCO2	0.493	0.476321
RASGEF1B	1.06	0.4763295
LOC645485	-1.83	0.4764285
UCP2	-0.554	0.4764685
IQCB1	0.364	0.4765069
PNMA1	0.439	0.4765442
FRG1BP	0.665	0.4765573
A1BG-AS1	-0.433	0.4766052
UBE2K	0.644	0.4766824
DUSP5	0.538	0.4768095
ME1	-1.15	0.4768568
PAM	0.416	0.4769132
MAP4K2	0.951	0.4769382
PDHB	0.407	0.4769688
RBSN	-0.436	0.4770222
ABHD3	0.366	0.4770232
LTA	0.898	0.4770591
FSTL3	-0.5	0.477115
RAB11A	-0.48	0.4772755
WDR63	-0.535	0.4773032
CAMSAP3	0.933	0.4773445
SLC30A5	-0.395	0.4773673
GEMIN2	0.385	0.4773925
ZNF578	-1.29	0.477413
C12ORF65	0.376	0.4774336
CEP76	0.672	0.4774595
OR7E104P	0.362	0.4774947
TBC1D17	0.382	0.4775082
ZNF708	0.645	0.4775691
ZGRF1	-0.424	0.4776265
ABHD17A	-0.357	0.4776392
TLCD2	-0.563	0.4776562
KIAA0907	0.384	0.4776771
KCNA10	-0.66	0.4776851
KCNE2	0.764	0.4777427
YIPF3	-0.382	0.477819
EIF1B	0.364	0.4778777
TDRD6	0.791	0.4779355
CLDN5	-0.513	0.4780123
MIR4296	-0.796	0.4780167
IBTK	-2.01	0.4781076
ZNF83	-0.461	0.478131
ZFP91	0.417	0.4781785
MIR670HG	0.653	0.4782164
MECR	-0.377	0.4782608
SOD2	0.645	0.4782769
HIGD2A	-0.896	0.4782834
BTN2A1	1.45	0.4783492
TNFRSF10A	0.814	0.4783756
ASCL5	0.543	0.4785111
SELPLG	-0.425	0.4785735
TCN1	1.18	0.4786435
RHBDL2	-1.23	0.4787323
DIRC1	1.4	0.4787785
CNTD1	1.18	0.4787854
NDUFA7	0.909	0.4787991
ZNF514	-0.412	0.4788002
PTPRN2	0.449	0.4788015
UTP3	-0.372	0.4789525
PANX3	-0.967	0.4790284
ATR	-0.898	0.4790485
ITM2B	-0.426	0.4790629
TBATA	0.446	0.4790771
VCAN	-0.48	0.479081
ATP6AP1L	0.56	0.4791639
NFS1	-0.395	0.4791883
LOC100506406	1.05	0.4796328
BOK	0.537	0.4798665
NGRN	0.411	0.479953
RECQL	0.381	0.4799603
S100A3	-0.892	0.4800051
SLC25A25	0.399	0.4800488
LOC284242	-1.02	0.4800544
PDLIM1	-0.511	0.4800669
SART3	-0.438	0.4800836
CNTF	-0.893	0.4801833
IPO8	-0.76	0.4801943
SYT5	-1.07	0.4802597
PYM1	0.399	0.4802785
ARNT	-0.596	0.4803596
FGD5-AS1	-0.696	0.4804437
BPNT1	-0.515	0.4804479
SND1-IT1	0.425	0.4804953
UBE2F	0.367	0.4805791
TSNAXIP1	-0.412	0.4805895
LOC219690	0.68	0.4805896
POLE2	-0.472	0.480657
MORF4L2	0.514	0.4806615
NOLC1	0.377	0.4806744
LOC105374928	0.898	0.480693
AGFG2	1.09	0.4807216
DLGAP4-AS1	-0.457	0.4807613
BTBD11	-0.399	0.4807643
MYLK-AS1	-0.866	0.4807972
PUM1	0.386	0.4808165
HS3ST1	1.14	0.4808989
RNF44	0.362	0.4809338
ATP5G2	-0.379	0.4809898
NUBP1	0.361	0.4809911
GS1-279B7.1	0.836	0.4810225
TTTY11	1.19	0.4810485
NFE2L2	0.696	0.4812884
FBXO30	-0.396	0.4813001
NELFCD	0.359	0.4813092
LCN6	1.02	0.4814299
LOC283737	0.688	0.4814425
IMMT	-0.354	0.4814693
SRPK1	0.475	0.4815145
TSPAN16	-0.385	0.4815561
GFOD1	-0.445	0.4815686
SH3GL1P2	-1.41	0.4816318
CMSS1	0.397	0.4816379
NDUFAB1	0.424	0.481685
UPF1	0.423	0.4816986
RLIM	0.371	0.4817087
PBDC1	0.4	0.4817371
LOC100288152	-1.42	0.4817689
KIZ-AS1	0.639	0.4817827
NECAB1	-0.556	0.4817917
LOC388456	-1.14	0.4818005
PHYHIP	0.848	0.4818046
SORT1	-0.404	0.4818052
DYNLL1	-0.438	0.4818761
DYRK1B	-1.1	0.4819578
TUBA1B	1.12	0.4819649
RNF217-AS1	-1.58	0.4819671
LGALS14	-0.541	0.4819944
ZMYM3	0.475	0.48217
OGFOD3	-0.417	0.4822072
MED22	-0.39	0.4822206
GP1BA	0.445	0.4823206
OSMR	-0.633	0.4824417
TTC38	0.704	0.48248
LOC100506282	0.484	0.4824893
HDAC10	0.592	0.4825275
PPP4R3B	0.383	0.4825307
ERO1A	0.512	0.4825427
HLA-DMB	-0.616	0.4825467
DGKI	0.361	0.4826178
MTPAP	-0.405	0.4826185
PERP	-0.729	0.4827587
PCIF1	0.435	0.4827855
MB21D2	0.577	0.4827984
SLC27A4	0.4	0.4828271
MCUB	-0.707	0.4829519
ISY1	0.773	0.4830142
ZNF468	0.586	0.4830314
RRAGC	0.597	0.4830443
FAM200A	-1.21	0.4830784
TUBB2A	-0.353	0.4831459
NTAN1	0.373	0.4831466
EVA1C	-0.39	0.4831732
C1ORF54	-0.358	0.4831856
B3GLCT	0.46	0.4832085
PRR19	-1.19	0.4832092
LOC101928035	0.814	0.483243
SMYD2	0.644	0.4832676
RPS12	0.393	0.4832878
CHGA	0.532	0.4833187
GALC	-0.427	0.4834267
SEPT1	0.562	0.4834376
RBM41	0.382	0.48344
THOC7	-0.356	0.483514
LOC339978	1.37	0.4835164
NRG2	0.549	0.4835845
DMKN	-0.717	0.4837233
TP53RK	-1.18	0.4837892
LOC257396	-0.665	0.483954
TINF2	0.43	0.4839641
PRKD2	-0.39	0.483972
NR2F2-AS1	-0.514	0.4839847
LINC00993	0.71	0.4840156
LOC101927929	0.417	0.4840191
CDC7	0.524	0.4841703
PGS1	-0.624	0.484175
RAB3C	-0.401	0.4842611
SIAE	-0.536	0.4842918
TEX40	0.46	0.4842966
POLR2E	-0.366	0.4843353
NOL4	0.728	0.484408
SAYSD1	-1.04	0.484432
CXCL8	-0.53	0.4845004
LINC00320	-0.697	0.4845026
PPY2P	1.32	0.4845156
TMTC4	0.52	0.4845264
SMC4	-0.643	0.4845683
PRELID2	0.587	0.484631
ZNF282	0.437	0.4847127
IFT52	-0.438	0.4847625
POLD4	-0.606	0.4848177
ST14	-0.773	0.4848319
DOPEY2	-0.442	0.4848874
C12ORF10	0.386	0.4849117
SACS	0.37	0.484989
RAPGEF1	0.807	0.4849956
RFX2	-0.75	0.4850265
ARL15	-0.397	0.4851623
LOC100507053	-0.737	0.4851893
LRP8	0.49	0.4853201
NECTIN3	0.424	0.4853706
YY1AP1	0.361	0.485371
LINC00483	-0.519	0.4854734
LOC105369662	0.36	0.485476
DFFA	-0.437	0.4855109
EPHB4	-1.27	0.4855128
KIAA2012	-0.865	0.4856888
PDGFRB	-0.386	0.485716
CBX4	0.367	0.4857583
ZNF404	0.582	0.4858163
SLC13A1	1.11	0.485904
TCP10	0.657	0.4860153
KCNQ1DN	1.1	0.4860193
FBLN2	-1.05	0.4860418
LSG1	-0.355	0.4860728
LOC105378948	0.523	0.486162
CRISP3	0.802	0.4861635
OSTCP1	-0.349	0.4862741
SLC27A6	-1.42	0.4863268
DDIT4	0.53	0.4863392
C3ORF67	-0.96	0.4863845
PSKH1	-0.423	0.4864191
ZC3H13	0.37	0.4864397
NAT8B	0.396	0.4864866
TMEM181	0.4	0.4864948
RWDD4	0.375	0.4865055
PRSS58	-1.49	0.4866635
LINC01097	1.16	0.4866931
SPACA9	-0.397	0.4867863
EID3	-0.836	0.4868367
JAKMIP2-AS1	0.499	0.4868473
RC3H1	0.43	0.4868989
SAP18	0.398	0.4869607
DCK	0.353	0.4869768
RAPGEF3	-0.686	0.4869905
CCDC80	1.06	0.4870127
RAB11B-AS1	-0.622	0.4870203
LOC283482	-0.881	0.4870556
VN1R3	-0.848	0.4870713
SYNE3	-0.617	0.4870788
FOLH1	-0.785	0.4871519
DCAF4	-0.513	0.4872295
LRFN5	0.36	0.4872676
ATL1	-0.359	0.4872838
ISCA1	0.41	0.4873064
KPNA3	0.403	0.4874509
FBXO15	-0.394	0.4874675
GADD45GIP1	0.689	0.4875467
TOLLIP-AS1	0.48	0.4875799
LOC102725345	0.722	0.4875876
CD55	0.451	0.4876062
SLC6A1	-0.401	0.4878148
LINC01208	0.365	0.4878482
CYP2F1	-0.617	0.4878495
NPW	0.37	0.4879501
LCP1	-0.648	0.4880635
KMT5C	-1.49	0.4880817
TTC14	-0.402	0.4880889
C15ORF52	0.354	0.4881311
APMAP	0.605	0.4881686
SPATA4	0.53	0.4882562
RBM4B	0.528	0.4883574
THAP10	-0.502	0.4883795
BHMT	0.966	0.4884133
SMURF1	-0.801	0.4884191
TMEM63A	-0.567	0.4884882
CHAD	-0.596	0.4884943
C12ORF43	-0.354	0.4885009
CHRM3-AS2	1.38	0.4885043
ND6	-0.544	0.4885605
LINC00536	1.02	0.4885624
BNIP3	0.435	0.4886132
SPECC1L	-0.473	0.4886389
CSNK1A1P1	-1.57	0.4887294
ABHD15	-0.636	0.4887558
CIR1	0.371	0.4890455
IL21R-AS1	-1.01	0.4891119
SPATA20	0.348	0.4891647
GJC1	0.635	0.489188
STAG3L4	-0.358	0.4892193
YPEL2	0.374	0.489304
SALL2	0.477	0.4893715
SEMA4B	-0.352	0.489403
PAIP2	0.699	0.4894461
LOC646903	-0.841	0.4894468
LRP2BP	0.462	0.4895497
ADAMTSL5	0.963	0.4895626
LTB	0.462	0.4896375
ITPKC	0.462	0.4896384
UG0898H09	0.464	0.4896694
CLECL1	-0.496	0.489724
TEDDM1	-1.17	0.4899151
ADAM20	1.08	0.4899167
ZNF471	-0.38	0.4899446
IL32	-0.474	0.4899919
CMC4	0.38	0.4900008
RAB15	0.639	0.4900171
FAM114A2	-0.354	0.4900946
RCC1	0.467	0.4901201
DRAIC	0.399	0.4901679
STEAP2	0.781	0.490184
SCIMP	-1.15	0.4902546
ACSL5	-0.433	0.490314
HIST1H2BH	-0.575	0.4903829
LGMN	-0.355	0.490411
STARD7	0.399	0.4906648
ZNF384	0.378	0.4907784
GAS8	-0.475	0.4909795
C11ORF45	-0.431	0.4909812
DDX39A	-0.374	0.4910316
RXFP3	0.371	0.4910538
ACAP2	0.366	0.4910665
MRPS33	-0.358	0.4910911
EIF2B1	-0.365	0.4911099
ABCC1	-0.346	0.491163
SHROOM3	1.84	0.4911902
MAP2K6	-1.12	0.491199
KRT19	-0.576	0.4912055
LINC00927	0.865	0.4913173
CDK17	-0.52	0.4913447
SPOCK2	-0.478	0.4914883
EGR3	0.524	0.4915201
SPTBN4	0.489	0.4915325
PPP2R5D	0.345	0.4916071
ANP32A	-0.358	0.4917185
HTR1B	0.719	0.491735
LOC101927901	1.05	0.4917485
DECR2	-0.416	0.4918079
C12ORF45	0.392	0.4918709
RARRES2	-0.361	0.4919938
RIN2	-0.39	0.4920054
CXCL6	-1.51	0.4920385
UBXN2A	-0.386	0.4920795
SURF4	-0.416	0.4921116
LTN1	-1.02	0.4921312
RAP1GAP2	0.709	0.4922157
BPHL	-0.42	0.4922807
DNAJC13	1.5	0.4923094
LINC00484	0.451	0.4923453
MAP3K14-AS1	-0.702	0.49236
SRPRB	-0.36	0.4923713
LOC101927640	0.6	0.4923773
LOC338694	-1.04	0.4923854
SEC11A	-0.376	0.492394
PRPH2	-0.58	0.4924183
CDC5L	0.488	0.492438
NR2C1	0.689	0.492443
ADGRE5	-0.912	0.4924567
AATF	-0.433	0.4924865
CAPN7	0.402	0.4925582
LARGE1	0.562	0.4925785
TGS1	0.735	0.4926462
ERCC2	-0.374	0.4927321
CD5L	-0.786	0.4928743
C14ORF2	0.427	0.4930125
ARL5C	-0.446	0.4931622
SMC2	-0.437	0.493225
HPS3	-0.443	0.49324
RASAL1	-0.432	0.4932587
MRPL37	-0.417	0.4932785
HIP1R	0.419	0.4932963
ZNF300P1	-0.53	0.4933036
CCR3	0.808	0.4933172
ZNF77	-0.951	0.4933564
PPIL4	-0.438	0.4934375
WNK4	0.696	0.4934466
ARHGEF10L	0.522	0.4934884
IGSF1	-1.06	0.4934947
GLI2	-0.588	0.4935331
TMEM18	-0.481	0.4936373
CYP2S1	-1.11	0.4936884
APBB2	-1.29	0.4937071
LOC101928812	0.359	0.4937806
TSPYL4	0.489	0.4937866
ADAMTS17	-1.42	0.4938341
SDHAF3	0.366	0.4938981
MTUS2	0.917	0.4939078
LOC101928762	-0.43	0.4939217
UBAP1L	0.885	0.494006
STK39	0.348	0.494062
PMP2	0.601	0.4941572
MLLT3	0.384	0.4941918
MPL	-0.354	0.4942717
MSX1	-0.425	0.4943326
MIS18A	-0.359	0.4943537
PLOD3	0.563	0.4943797
CENPV	-0.782	0.494381
RAB3IL1	0.367	0.4944172
ARL6IP1	0.399	0.4944606
SMCR8	-0.343	0.4945802
CLEC10A	-0.961	0.4945833
AGTPBP1	-0.45	0.4946866
FAT1	-0.38	0.494775
PAQR3	-0.346	0.4948411
ITCH	-0.408	0.4948762
LOC101928000	0.38	0.4948802
TOM1L2	-0.356	0.494917
LOC100507477	1.3	0.4949422
LOC286121	-0.609	0.4949846
ATP7B	0.985	0.4950083
WFDC21P	0.509	0.4950115
MAPK8IP2	-1.47	0.495023
HSBP1	-0.355	0.4950446
LOC339874	-1.17	0.4950693
SDAD1	-0.39	0.4951086
LOC101928230	-0.467	0.4951293
FHOD1	-0.409	0.4952129
CDK18	-0.496	0.4952483
SPRY4-IT1	1.35	0.4952652
EDNRB-AS1	-1.12	0.4953149
LINC01553	0.418	0.4953231
LINC00839	0.803	0.4954137
SPRY1	0.564	0.4954304
NUMBL	0.73	0.4955141
BMP15	-0.93	0.4955692
ATMIN	-0.388	0.4955847
EIF4G3	-0.35	0.4956363
RAB38	-0.472	0.4956551
SYS1	0.391	0.495663
OVCH1-AS1	0.413	0.4959427
LOC101929122	-0.96	0.4959484
ACOX3	-0.398	0.4959628
SLC5A1	-0.916	0.495968
CPD	-0.483	0.4960683
ASB17	1.52	0.4960987
SUPT5H	0.344	0.4961716
ARMCX2	-0.348	0.4961892
MAP3K12	-0.465	0.4962057
ANO4	0.613	0.4962137
KIRREL3-AS2	-0.702	0.4963723
PPIL3	0.366	0.4964018
NR2F6	0.494	0.4964425
LOC101928933	-1.19	0.4964517
DTL	-1.32	0.4964602
MORN1	0.572	0.4964692
RNF34	-0.366	0.496484
KLHL30-AS1	-0.427	0.4965088
RNF208	0.602	0.4965259
KIAA1328	-0.884	0.496528
SMIM10	-0.487	0.4965978
ALPK1	-0.432	0.4966266
NSF	0.352	0.4966406
BCAS3	0.406	0.4966852
RGL3	-0.584	0.4966933
CPNE5	-0.688	0.4967312
BRK1	-0.348	0.4967342
SLC26A11	-0.374	0.4967404
CUL4A	-0.379	0.4967702
COPS6	-0.36	0.4968003
PRNP	0.372	0.4969353
TTC25	0.404	0.4969367
SPAG4	-0.749	0.4970455
ACAP1	0.562	0.4970533
JADE1	0.603	0.4970942
PCDHAC2	1.44	0.49711
CHFR	-0.356	0.4971102
FOXN2	-0.341	0.4971123
CREB5	-0.459	0.4971632
STARD7-AS1	-1.02	0.4972412
UFM1	-0.344	0.497461
TALDO1	-0.491	0.4974641
SCNN1D	-1.27	0.4974673
TMBIM6	-0.392	0.4974685
PTGER2	-0.835	0.4974962
TERF2IP	0.341	0.4975191
PDSS2	-0.645	0.4975242
DPP10-AS3	1.34	0.4975755
BIRC6	-0.339	0.4978313
LOC90768	-0.891	0.4978946
PKM	0.348	0.4979361
LINC01141	0.367	0.4979531
LINC00473	0.533	0.4979931
TNFAIP1	-0.348	0.4980295
NMRK2	0.427	0.4980372
CDC42BPB	-0.443	0.49824
RALGAPB	0.446	0.4982608
PYGO1	-0.756	0.4983373
PDK1	0.512	0.4983457
KIAA1614-AS1	0.725	0.4984218
HDGFL1	-0.427	0.4984835
TSFM	-0.414	0.4985304
ELP4	-0.345	0.4985449
LAMP1	-0.404	0.4985466
IDI1	-0.388	0.4985495
POGLUT1	-0.408	0.4985666
RASL11B	1.18	0.4986373
FMR1	0.364	0.4986739
LOC100130357	-0.386	0.4987549
TNFRSF13B	-0.343	0.4987871
PAWR	1.44	0.4988277
UGP2	0.404	0.498857
KRT3	-1.16	0.4989986
INAFM1	0.356	0.4990721
ABHD4	-0.466	0.4991997
TM9SF2	-0.358	0.4992539
HTR1E	0.564	0.49934
TMEM57	0.353	0.4993915
SERPINA3	-1.07	0.4994385
LCNL1	0.798	0.4994689
PACSIN1	1.05	0.4994981
ATP9A	-0.352	0.499544
FAM224A	0.431	0.4995524
GRAMD1A	0.397	0.4995555
BTN2A3P	1.27	0.4995904
SIGLECL1	-1.02	0.4997476
AFMID	-0.582	0.4997982
GBP1	0.631	0.4998948
LOC100506114	-0.579	0.4999347
FAM20B	0.41	0.4999571
LOC100506271	0.634	0.5000607
LINC01558	0.449	0.5001507
SELM	-0.374	0.5001719
SCN11A	1.44	0.5002158
PRC1	-1.43	0.5002781
HIST1H2AM	-1.12	0.5004346
MLC1	-0.41	0.5004726
LINC01350	0.507	0.5005365
SHB	1.24	0.5006079
LOC105371622	-1.45	0.5006926
MYL12B	-0.352	0.500733
GABRP	1.05	0.5007491
SNAI3-AS1	-0.381	0.5007549
ZNF788	-0.614	0.5008902
BBOF1	0.515	0.5009529
IST1	0.362	0.5009663
STX4	0.453	0.5009768
LMBR1L	-0.34	0.5010168
IRF7	0.357	0.5010733
P2RY13	-1.02	0.5010927
LINC00589	0.362	0.5011329
MYBL2	0.658	0.5012427
ENGASE	0.37	0.5012727
FAM46A	-0.687	0.5014253
CAPN10-AS1	-0.379	0.5015532
DOCK2	-1.18	0.5016171
RLN3	0.952	0.5016198
GCLM	0.582	0.5017638
IL17B	-1.51	0.501804
DMXL1	-0.367	0.5018145
STXBP1	0.559	0.501822
DNAJC5	0.379	0.5018244
HTR6	-0.402	0.5019174
TCF12	-0.384	0.5019692
PCDHB4	0.387	0.5020533
SENP5	0.336	0.5020957
PCK1	0.869	0.5021057
KCNQ4	0.555	0.5021541
SELO	0.409	0.5021614
RPLP2	1.0	0.5022817
RHBDD1	-0.606	0.5023332
NBPF1	0.519	0.5024002
PXDNL	1.29	0.5024462
AZIN2	-0.357	0.5024658
CHKB-AS1	-0.377	0.5024781
VSTM1	1.1	0.5025252
PRO2949	0.81	0.502526
LCMT1	-0.336	0.5026552
CFL1	0.337	0.502663
RFX4	-0.367	0.5026701
PFKL	0.403	0.5027556
DENND3	-0.673	0.5028159
LITAF	-0.658	0.5028497
GPATCH8	0.362	0.5028693
BLACAT1	0.945	0.5029745
ANKS3	0.548	0.5031435
BLOC1S2	-0.356	0.5031488
C20ORF78	-1.09	0.5031914
LINC00485	-1.39	0.5031993
BTBD16	-1.58	0.5032574
ZNF644	0.401	0.5033065
BIRC2	0.357	0.5033816
FNDC8	-0.722	0.5034025
FGF13-AS1	-0.925	0.5034068
PPP6R3	0.442	0.5034535
BBS12	-0.452	0.5035293
LOC100421171	0.841	0.5035335
ALDH1L1-AS2	-0.456	0.5035611
ACTG1P17	-0.985	0.5036896
UQCC3	0.363	0.503704
INTS12	0.346	0.5037643
FAM186B	1.16	0.5039963
CAHM	-0.371	0.5040194
IQCE	0.428	0.5040283
LOC101928702	-0.483	0.5040343
PHC1	0.375	0.5041486
FAM221A	0.527	0.5041796
BRINP3	0.423	0.5041955
CWC27	0.606	0.5042377
POP1	-0.348	0.5042821
TEX101	1.08	0.5043229
OR8B8	-0.626	0.5044295
COLEC10	-1.09	0.5044325
LOC101929064	1.55	0.5045224
TSPYL6	1.04	0.5045234
CUZD1	-0.899	0.5045342
NAP1L4	0.998	0.5045661
LOC388942	-0.366	0.5047667
TMC3-AS1	0.373	0.5048375
EBF4	0.393	0.5048498
CSMD2	1.02	0.5049925
TIMP2	-0.421	0.5050339
ADIPOR1	-0.389	0.5051184
GPR89B	-1.42	0.5051411
CHRDL1	0.398	0.5051799
PRIMPOL	-0.409	0.5052943
VSTM2L	-0.581	0.5053327
C1QC	-0.817	0.5053535
SH3YL1	0.335	0.5053703
ARHGAP18	-0.526	0.505419
TMEM132B	-0.456	0.5054232
LOC100129069	0.634	0.5055238
VTCN1	-1.16	0.505578
CFAP206	0.716	0.5056484
BFSP1	-1.08	0.5056969
CRNKL1	-0.37	0.50577
FHOD3	-0.585	0.5057775
STAM	-0.355	0.5058212
C11ORF72	0.386	0.5059119
STXBP6	0.565	0.5059857
TECPR2	-0.562	0.505991
IWS1	-0.436	0.506145
TMEM219	-0.337	0.5061723
SLC16A8	-0.613	0.5062345
DLG2	0.347	0.5062542
ARHGAP26-AS1	0.567	0.5063714
DPYD	-0.703	0.5064383
C14ORF166	-0.351	0.5064387
NECTIN4	-0.49	0.5065008
MMP3	1.38	0.5065216
DAB2IP	-0.364	0.5066348
TRIM71	-1.02	0.5066691
FBN3	0.757	0.5067247
EPHA5-AS1	1.07	0.5068503
LZTFL1	-0.383	0.5068579
AMZ2P1	-0.342	0.5068997
RASL10B	-0.904	0.5070848
SOS1	-0.404	0.5071207
POMC	-1.35	0.5072232
CDC123	-0.337	0.5072717
CCL17	-0.794	0.5072804
DESI1	0.38	0.5073138
PSMD13	-0.357	0.5074044
ATG14	-0.344	0.5074213
CYTH1	0.412	0.5074391
SPNS1	-0.347	0.5075473
AK6	0.345	0.5075741
ATOH1	-1.11	0.5076284
KANSL2	0.348	0.5076498
PIGK	-0.989	0.507804
PDIK1L	0.409	0.5078625
EXOC3	-0.39	0.5078824
LOC100128988	0.443	0.5078855
LINC00615	-0.373	0.507988
ARSJ	0.599	0.5080457
UPP1	0.349	0.508066
SRFBP1	-0.379	0.5080927
LRMP	-0.558	0.5081768
DCP1B	-0.397	0.5082047
TGIF2LY	-0.978	0.5082543
GIMAP7	-0.366	0.5083381
MMS19	0.381	0.5083501
AQR	0.532	0.5084127
FMNL3	0.355	0.5086367
ROM1	0.508	0.5086869
ZNF474	0.404	0.5087215
LPIN2	0.358	0.5087445
RPS6KB1	0.363	0.5087866
LDB1	0.382	0.5089361
C1ORF145	-1.03	0.5091123
OTOP2	0.587	0.509114
TTC33	0.38	0.5091228
NCAM2	-0.505	0.5091471
LOC101927210	-1.34	0.5091885
TASP1	-0.852	0.5092932
CDAN1	0.813	0.5093024
MED17	0.569	0.5093513
TAPT1	0.911	0.5093677
LOC102723335	0.426	0.5094052
NEMF	-0.395	0.5095406
CEP83-AS1	-0.866	0.50957
C10ORF2	0.337	0.5096388
SSC5D	0.398	0.5097256
VWA8	-0.352	0.5098182
NMRK1	0.481	0.5098308
BPIFB1	0.476	0.5100342
CFD	-0.338	0.5100363
CLCN1	-0.557	0.5101409
FAM102A	0.391	0.5101586
RPL35	-0.366	0.5101709
RPIA	-0.357	0.5102323
CPN1	0.349	0.5102382
TCHP	0.332	0.5103441
MEP1B	1.03	0.5103921
PTRH1	-1.23	0.5104132
SEPHS2	0.363	0.5104422
FLG-AS1	-0.61	0.5105687
ZNF652	-0.579	0.5107057
PHLDA1	0.499	0.5107377
RGP1	0.338	0.5107604
LOC101928123	0.865	0.5107615
RAD51D	-0.393	0.5107641
PNRC2	0.358	0.5108278
MYDGF	-0.341	0.5108612
SMIM2-AS1	-0.609	0.5109264
ATG12	0.49	0.510974
CYP2J2	0.365	0.5110945
DAO	0.478	0.51111
ANAPC4	-0.358	0.5111276
RAB8B	-0.388	0.5111668
TTC31	-0.408	0.5111843
CYP4F8	-0.964	0.5113083
RPN1	-0.345	0.5114021
CD82	-0.7	0.5114462
LOC100507391	0.487	0.511575
C2ORF88	0.42	0.5115751
LINC00158	-1.04	0.5115936
SMOC1	0.525	0.5116776
CLIP1	-1.45	0.511728
LOC101927787	-0.651	0.5117321
CDH18	1.24	0.5117845
SLC35B1	-0.346	0.5117902
PCDHGB6	0.454	0.5118449
HIST2H2BE	-0.443	0.5119548
CSN1S2AP	1.28	0.5119681
SOX2	-0.331	0.512028
FLJ36840	-0.576	0.5121141
SUOX	-0.384	0.5121889
LOC101929116	-0.39	0.5122899
C1ORF105	-0.48	0.5123704
MGC4859	1.1	0.5123717
LOC105376530	0.724	0.5123816
CADM2-AS1	-0.777	0.5124329
HLA-DRB1	-0.551	0.5125512
SIPA1L2	-0.411	0.5125571
SACS-AS1	-1.38	0.5125764
ABCA11P	-0.348	0.5126026
ADAD1	-1.0	0.5126483
RGL1	-0.447	0.5126542
ATG13	-0.563	0.512771
GRIN3A	0.506	0.5127791
STAP2	0.376	0.512867
GPR137B	-0.407	0.5128778
APEX1	-0.332	0.5128894
GLYCTK-AS1	-0.669	0.5132079
METTL3	-0.352	0.5134181
SCMH1	-0.363	0.5134447
DSCR9	-1.07	0.5136571
RPTN	-1.1	0.5137329
TMEM126B	-0.485	0.5138134
NUDCD2	1.01	0.5139639
TSLP	0.931	0.5140313
FAM90A1	1.14	0.5140508
TEF	1.0	0.5140695
CCNG2	0.9	0.5141381
GLUL	0.392	0.5141873
LOC105369477	0.719	0.5141962
TAGLN2	-0.631	0.5142151
PIGS	-0.357	0.5142438
ATP13A1	-0.331	0.514306
YWHAG	0.362	0.5143193
ST20	-0.435	0.5144152
MARK2	-0.346	0.5144257
ALMS1P1	-0.718	0.5144535
LOC153684	-0.395	0.5144602
NCF2	-0.595	0.514476
PCDHB8	0.343	0.5145123
EIF1AD	0.521	0.514645
GRASP	0.4	0.5147874
F2RL1	-1.4	0.5149272
RPAP2	-0.363	0.5149538
GPAA1	-0.329	0.5149681
PRB3	0.809	0.5151121
AGO3	0.42	0.5151491
HMX2	-1.29	0.515255
LARP6	-0.415	0.5152961
MYH7B	-0.889	0.5153221
LSM5	-0.635	0.5153412
SLC4A1AP	0.327	0.5154021
VAMP1	0.395	0.5154179
LOC101928937	0.506	0.5154883
CCNB1	-0.49	0.5155104
RMND5A	0.689	0.5155376
LOC101927809	0.356	0.5155502
TSPY1	-0.749	0.5155549
RTTN	-0.392	0.515583
SLC35A4	-0.352	0.5156365
IL21	-0.97	0.5156368
CELSR3-AS1	-0.697	0.5156954
MRPL13	-0.353	0.5157026
TCEB2	0.58	0.51571
DAB1	0.571	0.5157124
TYW3	-0.358	0.5158385
MUTYH	0.423	0.5158458
PUS7L	-0.394	0.5160196
CLEC4F	0.406	0.5160246
DLGAP1-AS1	0.437	0.516045
CT62	0.937	0.5160462
RAD9A	-0.368	0.5161724
DKK2	-0.574	0.5161962
FXR2	0.449	0.5163104
ACBD5	0.327	0.5163509
MAS1	-0.578	0.5164238
NKX3-1	0.37	0.5164983
SPNS2	-0.396	0.5165
PLP2	-0.523	0.5165724
LIPC	0.367	0.5165774
GAMT	0.357	0.5167621
ZNF430	0.327	0.5167733
TRMT6	0.464	0.5168578
LIPT1	-0.518	0.5168682
CYP39A1	-0.399	0.51687
RAN	0.356	0.516872
RBM26-AS1	-0.515	0.5168825
GFOD2	0.819	0.5169524
TAS2R14	-0.357	0.5169658
UBXN11	-0.563	0.5171822
ZNF33B	-0.341	0.5172848
PCBP4	-0.372	0.5172987
ZNF711	0.408	0.5173314
ZNF460	0.433	0.5173785
ZNF852	0.406	0.517387
PHF10	0.339	0.5174101
RBM23	0.357	0.5174176
C1ORF68	-0.757	0.5174177
AAED1	-0.364	0.5174764
ENAM	1.81	0.5175164
DGAT1	0.338	0.5175519
ABCC9	-0.413	0.5175957
CTNNA1	-0.447	0.5177093
MOGAT3	-0.899	0.5178809
TM6SF2	1.28	0.5178917
SPRR2C	-0.76	0.5179373
LINC01420	-0.367	0.5180909
PSMB9	-0.489	0.5180961
MRPL16	-0.402	0.5181547
SPRYD3	0.342	0.5182298
PRR18	-0.514	0.5183437
ELF4	-0.539	0.5183494
NOMO3	0.349	0.5184134
ELOVL4	0.844	0.5184265
CEL	0.455	0.5184283
CNOT1	-0.436	0.5184545
PM20D2	-0.463	0.5185289
IQCF4	0.379	0.5185487
NCBP3	-0.425	0.5185499
C9ORF152	1.4	0.5185575
GALNT9	0.6	0.518558
MBNL2	-0.368	0.5185864
RPS21	0.336	0.5185938
SF3A1	0.322	0.5185968
ZNF649	-1.55	0.5185973
ZNFX1	-0.431	0.518598
PDCL	0.52	0.5186076
LRRC37A8P	-1.49	0.5186928
TDP2	0.363	0.5186954
GMPR2	-0.328	0.5187806
COL7A1	0.837	0.5188646
WBP1L	0.343	0.5188823
LDHD	-0.714	0.5189096
KCNJ14	0.342	0.5189685
GALE	-0.548	0.5190189
LOC101929592	-1.51	0.5190794
CINP	0.386	0.5190927
LOC101928277	-0.858	0.5191484
MTA1	0.323	0.5191996
MTMR4	0.351	0.5193269
FAM174B	0.536	0.5193897
HSPA13	-0.413	0.519442
EXOSC7	0.355	0.5194462
YIPF6	-0.439	0.5194579
TENM1	1.08	0.5195372
NYAP2	0.765	0.5195444
TYW5	0.387	0.519627
MZT2B	0.366	0.5196654
MTFR1	-1.29	0.5197394
C9ORF85	-0.6	0.5197562
C9ORF163	-0.665	0.5197617
COX7C	0.356	0.5199016
GTF2A1L	0.8	0.5199143
SAGE1	0.598	0.5199356
GRK7	1.19	0.5199528
EFHD2	-0.522	0.5200046
LINC01137	0.443	0.5200929
TGIF1	0.416	0.5201372
FAM230C	0.819	0.5202918
VNN1	-1.46	0.5203613
TCAP	-0.878	0.5203744
SF3B1	0.358	0.5203813
CWC22	0.325	0.5204509
FLVCR1	0.322	0.5204781
ZNF253	0.369	0.5205012
CD320	-0.441	0.5205994
ZNF554	-0.968	0.5206624
DKK4	0.576	0.5206644
CEP112	-0.726	0.5207907
ZBED5	-0.982	0.5208314
LOC101928985	-0.561	0.5208561
LIMK2	-0.445	0.5209023
B3GALNT2	1.22	0.5209095
MED12L	0.619	0.5209212
COG5	-0.429	0.5209295
LAMTOR4	-0.33	0.5209631
ALDH6A1	-0.541	0.5210607
DUSP7	1.19	0.5210859
SNHG22	-0.471	0.5210964
LRRC20	-0.378	0.5211772
ALDH2	-0.354	0.5211944
ARHGAP19	-0.583	0.5213164
OR4D1	0.834	0.5213485
SERPINB2	0.632	0.5214048
UBTD1	0.449	0.5214628
PLK1	-0.382	0.5215098
PNKD	-0.641	0.5216078
ARMCX3	-0.376	0.5216609
POLR3E	0.664	0.5216717
TMEM259	0.422	0.52171
HCRTR2	-1.36	0.5217681
TTLL13P	-1.18	0.5218078
BDKRB2	0.892	0.52182
LOC440117	0.469	0.5218311
C16ORF70	-1.12	0.521884
FLJ45482	-0.344	0.521908
CASP9	-0.362	0.5220376
LOC100287497	-0.604	0.5220583
LOC101927948	0.895	0.5220775
SERPINB11	0.596	0.5220782
C9ORF50	-1.26	0.5221095
LINC00992	-0.422	0.5221466
SLC25A37	-1.32	0.5222356
ZNF516	-0.487	0.5222489
TSKU	-1.0	0.5223681
UBALD2	0.492	0.5223939
FOLR1	0.517	0.522432
LOC100996255	-0.517	0.5225336
ZNF317	0.416	0.522544
TDRP	0.529	0.5225754
LOC642533	0.326	0.5225948
LOC100130950	0.326	0.5226182
FPR2	-0.646	0.5226587
DSCR10	-0.761	0.522667
METTL17	0.366	0.5226809
LOC100190986	-0.418	0.5227031
GSTM2	0.427	0.5227649
LINC00895	1.06	0.5227754
ZNF32-AS3	-1.19	0.5227869
DSPP	-0.405	0.5228631
FBLN7	0.391	0.5229157
LPAR2	0.737	0.5229534
RAB5B	-0.373	0.5230136
QRICH2	-0.695	0.5230617
XRCC4	-0.383	0.5230624
BSDC1	0.407	0.5230738
RASA3	-0.672	0.5230823
ZNF22	-0.335	0.5231422
GYS1	-0.43	0.5231672
C17ORF82	-0.57	0.5231874
PRRX2	-0.465	0.5231887
ZNF629	-0.417	0.5231887
S100A9	0.652	0.523269
CLPP	0.326	0.5232814
ANKRD20A12P	-0.446	0.5233126
KRT8	0.353	0.523319
FIZ1	0.367	0.5233197
ECD	0.343	0.5233653
GPT2	-0.453	0.5233725
LOC100129935	-0.913	0.523375
MSRB2	-0.363	0.523446
RFNG	0.334	0.5234605
C5ORF51	0.765	0.5234762
LOC100132207	-0.75	0.5235568
DHRS9	0.346	0.5235909
INA	0.735	0.5236517
CTTNBP2	-0.377	0.5236581
CDC27	-0.425	0.5236693
LOC100505824	-0.778	0.5236797
PCSK5	0.42	0.5236829
ANKRD30A	-0.907	0.5236911
CSN2	0.622	0.5237708
PLEKHF1	0.524	0.5238623
ADAM6	-0.329	0.5238684
C19ORF57	0.576	0.5238723
DCUN1D4	0.319	0.5239827
EXOSC4	-0.318	0.5239877
LOC101928595	0.369	0.5240023
PNMAL2	-0.89	0.5240305
LOC101928201	1.01	0.5240594
VENTXP1	-0.447	0.5241381
C5ORF15	-0.319	0.5241777
SCN2B	0.58	0.5242582
PHF2	0.327	0.5242773
GPKOW	-0.386	0.5242805
NDFIP2	-0.378	0.5243509
ZNF74	0.491	0.5246287
C19ORF52	-0.487	0.5246581
LYRM5	-0.393	0.5246746
RBP3	-0.886	0.5246993
LOC105371046	0.439	0.5247426
SHD	0.396	0.5248381
CHD1	0.424	0.524916
TRHDE	1.08	0.5249471
SLC15A1	-1.52	0.5249607
IRF9	0.406	0.5249805
SLC25A3P1	-1.11	0.5249892
EIF3E	-0.599	0.5250349
PIGX	0.38	0.5250472
FRS3	0.382	0.5250673
LINC01500	-0.819	0.5251266
PRKAG1	-0.35	0.5251455
MCM3	-0.341	0.5252361
C12ORF56	-1.03	0.525306
MRPS31	-0.338	0.5253076
FAM96A	-0.323	0.5253147
CHP1	-0.534	0.5253201
CD99P1	0.408	0.5253684
AZGP1P1	0.509	0.5255019
RXRA	-0.377	0.5257951
C3ORF35	-1.11	0.525823
TAS2R4	1.08	0.5261025
NCKAP5L	0.36	0.5261483
GUCA2A	0.509	0.5261845
LOC101927950	-1.13	0.5262198
LOC643549	-1.52	0.5262694
TEKT2	0.677	0.5263258
AUH	0.324	0.5263388
CYFIP2	0.447	0.5263623
LOC729680	0.417	0.5263885
KIR2DS5	-0.514	0.5264341
B4GALT4	-0.553	0.5264372
MAP2K2	0.5	0.5264923
C7ORF61	0.318	0.5266006
LOC100130741	0.356	0.5267926
NPLOC4	0.316	0.5268288
PRMT3	0.407	0.5268479
NCEH1	0.363	0.5269087
RFX6	-1.51	0.5269477
ERAL1	-0.326	0.5269885
TUBGCP3	0.317	0.5270614
ADGRL3	0.552	0.5270813
CTSF	0.409	0.5272659
PRDX3	0.328	0.5273105
CORO2B	0.339	0.5273913
MAGI3	0.341	0.5273941
GNG11	-0.329	0.5274914
CALY	0.393	0.5274956
LOC105370613	-0.87	0.5274962
EFR3A	0.562	0.5275653
CLDN19	0.629	0.5275956
L3MBTL1	0.414	0.5276445
PANK3	0.383	0.5276609
ANKRD1	0.378	0.5276968
RAB1B	-0.327	0.5277464
RNF157	0.318	0.5277601
MOCS2	0.334	0.5277607
CCL28	-0.513	0.5278822
THAP9	-0.516	0.5278945
PHLPP1	1.17	0.5279607
KLHL9	-1.29	0.5279727
ERH	-0.322	0.5280617
ATAD5	0.421	0.5280733
FAM104B	0.32	0.5282599
PROX2	-1.17	0.5282913
OR2W1	-1.19	0.528439
KCNH3	0.317	0.5284395
GPX4	0.326	0.5284716
TMEM9B	-0.362	0.5284805
LRRC74A	0.445	0.5285013
NAIF1	-0.396	0.5285211
PSAP	-0.344	0.5287192
VKORC1L1	0.323	0.5287661
HSF4	0.642	0.5287768
LOC100131508	-1.36	0.5288455
LOC100506258	-0.909	0.5288501
RAB9B	0.623	0.5289034
EPS8L2	-0.584	0.5290195
SLC39A12	-0.442	0.5290827
SAP30BP	-0.353	0.5291483
METTL1	-0.438	0.5292832
CCL4	-1.07	0.5293396
LINC00632	-0.532	0.529488
ZNF137P	0.327	0.529542
LOC100507281	-0.416	0.5296467
ZFHX2	0.337	0.5297143
PROS1	-0.447	0.5297357
MISP	0.427	0.5297461
ATP2C1	0.322	0.5298516
RFTN2	0.386	0.5299591
SSR1	-0.329	0.5299828
ATP6V0B	0.328	0.5300882
TAPBPL	-0.362	0.5301484
POTEKP	-0.698	0.5301659
LRP3	-0.385	0.5304416
SHISA4	-0.314	0.5304427
CARD19	0.333	0.5305652
UBL5	-0.325	0.5305787
DALRD3	-0.386	0.5306373
GCNT1	1.07	0.5307932
KLHL15	0.33	0.5307973
ZNF646	-0.587	0.5310523
MYO5C	-0.375	0.5311702
ZXDA	-0.334	0.5311833
UBQLN3	0.445	0.5312609
ERC2-IT1	-0.703	0.5312695
SLCO3A1	0.325	0.5312953
SOX5P1	0.702	0.5313116
KPNA6	0.316	0.5313793
PSMB8	-0.515	0.5314213
SERPINC1	0.621	0.5314328
ADORA3	0.455	0.5314596
MORN5	0.438	0.5317462
MAP3K9	0.815	0.5317623
POLR2B	-0.67	0.5318011
TFE3	-0.521	0.5318646
CD8B	-0.648	0.5318851
PLCB3	0.348	0.531895
SLITRK5	0.569	0.5319444
GTF2IRD1	0.377	0.5319949
CAPN9	0.617	0.5320396
SCAMP4	-0.335	0.5320596
C12ORF73	-0.315	0.5320794
MEGF8	-0.331	0.5321169
GLIS3-AS1	-0.752	0.5321788
HOXC8	-1.24	0.5322611
JAM2	-0.317	0.5322979
LOC101929224	-1.13	0.5325307
POLD2	-0.318	0.5325989
MLX	-0.502	0.5326908
CLGN	0.68	0.5327173
TARBP1	-0.335	0.532729
ASPDH	-0.414	0.53295
ZNF324	-0.334	0.5330231
SACM1L	0.339	0.5330328
ZNF43	0.351	0.533061
C16ORF71	-0.811	0.5331198
H2AFV	0.391	0.5331575
ATP6V1H	-0.326	0.533269
GREB1L	-0.532	0.5333181
CST4	-0.921	0.5333534
ZNF394	-0.389	0.5333534
GTPBP3	-0.316	0.5333535
POM121L10P	0.338	0.5333741
PRRG1	-0.444	0.5333951
MRPL33	0.311	0.533417
JAML	-1.57	0.5334401
SH3RF1	-0.565	0.5334525
ARFIP1	-0.316	0.5334557
CHST7	-0.375	0.5334951
CNOT8	-0.353	0.533505
ASCC1	-0.4	0.533555
PPCDC	-0.491	0.5336188
OGFOD2	-0.451	0.5336206
ACTRT2	0.346	0.5336254
CPSF2	-0.369	0.5336528
LILRB1	-0.646	0.533722
LOC286437	0.369	0.5337773
ALDH7A1	0.341	0.533807
TTBK1	-0.447	0.5338329
FKBP7	0.342	0.5340001
PSMG4	1.61	0.534035
ZNF267	0.325	0.5341435
SLC25A11	-0.347	0.534193
CEP55	-0.8	0.534288
ZBED4	-0.412	0.5343031
LOC643085	-0.54	0.5343138
LIPG	0.385	0.5343289
SLC4A10	-0.316	0.5343929
MED8	-0.478	0.5344967
JMY	-0.329	0.5345501
AGO1	0.399	0.53458
SLC25A4	0.773	0.5348297
ZMAT5	-0.508	0.5348393
MAGED1	-0.33	0.5348572
LOC100129455	1.38	0.5348761
LINC01588	-0.831	0.5349876
POP7	0.444	0.5349937
C1QTNF4	1.96	0.5351686
SPOP	0.411	0.5352238
SAT1	0.376	0.5352801
DNAJA3	0.319	0.5352834
RNF4	0.364	0.5352844
TOB1-AS1	0.337	0.535378
S100A16	-0.491	0.535395
BBS2	-0.323	0.5355199
ZNF619	0.53	0.5358033
LINC00315	0.453	0.5358882
MTMR14	-0.574	0.535926
NELFB	0.333	0.5359794
WNT5A	-0.55	0.5359983
FAM92A1	0.447	0.5360482
USP19	0.32	0.536072
TXNL4A	0.314	0.5360953
FMNL1	-0.856	0.5361241
TUBB3	-0.435	0.5361493
TBX4	0.364	0.5361505
RNF150	-0.459	0.5361664
PANK2	-0.347	0.5361769
ZNF573	-0.312	0.536234
MYOD1	0.329	0.5362375
TMED10	-0.349	0.5362521
ACAA2	-0.44	0.5363914
EPX	-0.895	0.5364226
ZFP41	-0.438	0.5364731
MRPS15	0.314	0.5364971
RAB30	-0.352	0.5365061
NMUR2	0.441	0.53665
CCRL2	-1.29	0.536656
LOC642980	-0.329	0.5366647
NUDT16	0.342	0.5367573
SLC28A3	-0.458	0.5368054
NCK1	0.313	0.5368685
IL1A	1.26	0.5370303
DKFZP434K028	-0.541	0.5370556
SPIC	-0.61	0.5371808
MAP4K4	-0.332	0.5372045
NME3	0.331	0.5372156
ZBTB49	0.318	0.5373267
LOC101928283	-0.821	0.5373285
PCOLCE2	0.482	0.5373618
TYROBP	-0.559	0.5374746
SIRT4	0.818	0.5374841
NBL1	-1.01	0.537613
NACA2	-0.556	0.5376306
LOC100505912	-0.672	0.5376426
SOD3	-0.412	0.5376956
TDRD9	0.339	0.5377738
PI16	-0.344	0.5377911
RBM15B	0.353	0.5378076
MICB	-0.583	0.5378569
SMAGP	0.483	0.5379296
PCAT19	-0.432	0.5379368
RAE1	0.33	0.5379521
UBE2T	-0.847	0.538057
PYGO2	0.38	0.5381841
LINC01139	-0.881	0.5382047
LTC4S	-1.13	0.5382163
SCP2D1	0.32	0.5382849
KCNJ8	-0.307	0.5384352
UPK1A	0.729	0.5385094
PSMB1	-0.314	0.5385254
DERL2	-0.437	0.5385306
CYHR1	0.327	0.5386868
ARFRP1	-0.367	0.5387164
LOC105375172	-0.773	0.5387428
LILRB4	-0.333	0.5387685
ARHGEF2	0.342	0.5387756
CBR4	-0.307	0.5388202
IPPK	0.382	0.5389067
PPP1R3F	0.995	0.5389132
SHROOM1	-0.32	0.5390068
LINC01224	-1.04	0.5390408
LOC101929628	-0.627	0.5390813
CYSLTR1	0.321	0.5391297
SCARF2	-0.711	0.5391539
KIR2DS3	1.07	0.5392922
LOC255177	1.01	0.5393054
MT4	-1.21	0.5393347
FAM84B	0.332	0.5393443
TNFRSF17	0.785	0.5394355
SRSF12	0.426	0.539481
TYMP	-0.564	0.5395418
TMEM55B	0.333	0.5396144
MRGPRX4	0.415	0.5396176
PTGES	-0.499	0.5396385
ZNF790-AS1	-0.398	0.5396673
CENPI	-0.57	0.5396677
ANXA2R	0.364	0.5398871
SRP14	-0.334	0.5399347
DEC1	-0.623	0.539935
LOC101929054	0.361	0.5400949
GJA1	-0.487	0.5401288
SEC24B-AS1	-0.496	0.5401436
RAB24	0.35	0.5401576
DPP10-AS1	0.384	0.5402116
KRT8P12	-0.547	0.540338
COASY	0.381	0.5403458
LBP	-0.48	0.5406066
LINC00951	-0.507	0.5406608
LINC01305	-0.544	0.5406962
MFSD12	-0.339	0.5407726
PGAM1	0.34	0.5407887
NR3C1	0.372	0.5408812
LOC101927044	0.693	0.5408938
SUZ12P1	0.458	0.5409379
AQP10	-0.383	0.5410389
IFI16	-0.395	0.541137
SMARCAD1	0.367	0.5412031
MRPL40	-0.307	0.5412889
GDAP2	-0.37	0.5412907
ARMC4	-0.607	0.5413258
IL12B	0.852	0.5414771
TMEM129	0.343	0.5414852
LOC102724312	-0.815	0.5415854
UPK3A	-0.367	0.5416386
JADE3	-0.347	0.54165
LOC400748	0.372	0.5416512
PTH2R	-1.02	0.54167
C1ORF50	-0.369	0.5416882
LOC727944	0.456	0.5417709
PAIP2B	-0.496	0.5418714
BPTF	0.311	0.5419252
MGAT4B	0.341	0.5419812
LOC727820	-0.348	0.5421349
FAM98B	0.334	0.5421379
SPATA32	-0.771	0.5421604
LRRC8A	-0.313	0.542202
HOXB2	0.321	0.5422106
SYNDIG1L	0.329	0.5422831
GADD45A	1.35	0.5422917
MMP9	0.354	0.5422946
PRKCG	-0.471	0.5423483
ALDH1A2	0.908	0.5423679
LTV1	0.365	0.5423916
TRPM5	0.444	0.5423929
FAM43B	0.705	0.542409
ZNF44	-0.405	0.5424574
BAK1	-0.781	0.5425996
TIMM10	-0.463	0.5426345
CCL1	0.489	0.5426853
PPA1	0.39	0.542709
USP46	-0.409	0.5427114
SFTA2	-0.537	0.5428578
ARHGAP44	0.499	0.5429116
NFIC	0.395	0.5429649
S100A10	0.356	0.5429992
NOX1	0.477	0.5430731
HEATR5B	-0.409	0.5431009
DUOXA1	-0.517	0.543304
PPP1R2P9	0.423	0.5433936
LURAP1L	0.616	0.5434646
BTN3A2	-0.615	0.543545
RAB11B	0.343	0.5435547
CD40	-0.608	0.5436064
TREML5P	1.12	0.5437114
FAM230B	-0.974	0.543739
PAXIP1	0.775	0.5438515
TMEM178B	0.36	0.5438967
C20ORF173	0.751	0.5439818
NDUFV2-AS1	0.449	0.5439946
UBA5	0.314	0.5440056
PAK6	0.796	0.5440745
LOC102725383	0.334	0.5440972
PLPP5	0.348	0.5441152
NOV	-0.937	0.5442115
INHBB	-0.35	0.5442134
ERP44	-0.323	0.5443264
APEH	-0.349	0.5443945
POT1-AS1	0.373	0.5444046
PLCL1	0.446	0.5444607
RABEP1	-0.367	0.5444784
ADSSL1	-0.544	0.5445069
FAM228A	0.449	0.5445405
INPP5K	0.33	0.5445623
MTPN	1.03	0.5445648
PLXNB2	0.834	0.5446086
LOC101929631	-0.49	0.5446115
TRANK1	-0.313	0.5446928
SEMG2	0.781	0.5448199
SGSM2	-0.311	0.5448919
FN3KRP	0.315	0.5449334
SDF2L1	-0.331	0.5449572
ISOC1	0.378	0.5449636
PLOD2	0.411	0.5450574
PTPN6	-0.325	0.5451215
TRAPPC10	0.426	0.5451737
PP13439	0.325	0.54522
DVL3	0.521	0.5452333
FNBP4	0.341	0.5452362
ASZ1	1.51	0.5453224
ABCA1	-0.561	0.5453233
NHLH1	0.655	0.5453677
BNIP1	-0.305	0.5453718
ALG6	-0.31	0.5453923
SPNS3	-1.05	0.5454148
CBR1	0.471	0.5454588
DNMT3B	-0.312	0.5454863
LOC101929505	-0.786	0.5456306
AMFR	-0.382	0.5456413
MAEA	0.399	0.5456458
EIF4B	-0.333	0.5456796
PP2D1	-0.466	0.5456913
ZDHHC14	-0.439	0.5457001
CCDC159	-0.503	0.5457243
LINC00629	0.368	0.5457538
CNGA4	0.393	0.5460037
UBB	-0.329	0.5460212
SEC11C	-0.326	0.5461701
LOC101929078	0.493	0.546201
AIM2	-0.539	0.546257
FGFRL1	0.313	0.5462639
CECR3	0.443	0.5463302
AKR1C3	-0.327	0.5465095
DSP	-0.739	0.5465335
SUSD5	-0.302	0.5465393
LOC100507431	-0.949	0.5465988
GCNT3	-0.568	0.5466225
RABIF	0.348	0.5466882
WBSCR27	-0.927	0.546695
MILR1	-0.455	0.5468633
TMEM196	0.692	0.546906
LRRC73	-0.59	0.5470407
TMEM38B	0.302	0.5471967
FAM216A	0.429	0.5472132
MMP10	-0.724	0.5472458
EDEM2	-0.364	0.5473116
LINC00102	-1.49	0.5473442
CLPB	-0.653	0.5473486
TUBE1	0.39	0.5473517
ACTR8	0.305	0.5473523
PRELID3B	0.316	0.5473962
CPSF7	0.681	0.5474122
BLOC1S6	-0.3	0.5474739
UBE2L3	0.316	0.5474932
MAPK1IP1L	0.326	0.5475834
KIF5B	-0.363	0.5475953
ARL16	-0.381	0.5476449
NPFF	-0.74	0.5476949
HAR1A	0.723	0.5476992
SATB2	0.396	0.5478354
C16ORF62	-0.3	0.5478636
PCDHB16	-0.369	0.5478821
SDHA	0.316	0.5479022
PSCA	0.489	0.5479293
PMPCB	0.31	0.5479372
EXPH5	0.983	0.547962
LINC01049	0.336	0.5479978
RBP1	0.998	0.5480631
LOC101928741	0.826	0.5480675
NEUROD2	0.576	0.5481134
BLOC1S1	-0.347	0.5481383
GATC	-0.326	0.5482701
ZNF547	0.3	0.5482971
AMELY	0.642	0.5484074
LOC102725454	0.479	0.548409
MMP21	-0.822	0.5484137
LINC00705	-1.13	0.5485281
GLIPR2	-0.47	0.5486944
ACSL1	0.539	0.5487081
B4GALT7	-0.364	0.5487146
ADCK1	-0.35	0.548765
HTATIP2	0.81	0.5487777
RPS14	-0.304	0.548893
ZBTB40	0.363	0.5489591
RPL36	0.501	0.5490363
RGAG1	-0.606	0.5490427
SSBP3	-0.425	0.549079
ERMAP	0.32	0.5490998
SPI1	-1.08	0.5491723
ERMP1	0.398	0.5492466
SLC29A3	-1.11	0.5492592
NT5C1A	-0.826	0.5492775
MAT2A	-0.377	0.5493347
LOC101928557	-0.407	0.5494437
STX10	0.324	0.5494886
LINC00621	0.343	0.549517
CD300A	0.393	0.5496147
HCRP1	0.503	0.5497021
SMA4	-0.491	0.549814
NOP58	0.313	0.5498496
ABRACL	-0.357	0.5498763
MIF-AS1	0.869	0.5498888
C9ORF38	-0.833	0.5499621
KLB	-0.4	0.549984
DSG4	0.9	0.5500194
CD3EAP	-0.549	0.5500318
AURKA	0.85	0.5500697
FOXR2	-0.374	0.5501128
LOC100506851	-0.528	0.5501586
SURF6	0.313	0.550173
ABCF1	-0.32	0.5501731
CRYGB	-1.1	0.5501749
SMUG1	-0.541	0.5502103
LHX4-AS1	-0.41	0.5502265
ZNF655	0.342	0.5502599
LINC01354	-0.526	0.5503047
PUSL1	0.34	0.5504398
ABCG8	0.987	0.5504717
RASD2	0.37	0.550527
RFX5	0.419	0.5505768
ZBTB18	0.956	0.5506323
MED11	0.364	0.5506419
ARSG	-0.823	0.5507034
MIR7-3HG	0.68	0.550746
CHID1	-0.309	0.5507654
TDG	0.349	0.5508942
TNFRSF12A	0.497	0.5510246
SCAND1	-0.337	0.5510823
ZFAS1	0.309	0.5511262
GEMIN5	-0.465	0.5511803
UBE3D	0.836	0.5512733
RAP1GAP	0.522	0.5513335
MGAM2	0.349	0.5513434
RELL2	0.362	0.5514505
ZNF442	-0.932	0.5514642
DPM2	0.306	0.5515589
CRP	-0.659	0.5516771
EFCC1	0.489	0.5516851
GATA2	-0.779	0.5517294
POP4	-0.322	0.5517381
SHARPIN	-0.554	0.5517473
ACOT6	0.604	0.5518397
MAPK9	0.465	0.5518428
PNRC1	0.386	0.5518489
APP	0.35	0.5518924
CHST12	-0.309	0.5519706
ASPRV1	0.337	0.5520061
LOC644794	-0.949	0.5520781
LPIN1	-0.386	0.5521018
LRG1	-1.06	0.5521118
PSORS1C2	0.415	0.5521136
PHF13	0.32	0.5521446
WNK3	-0.475	0.5522401
AHNAK2	-0.642	0.5522422
LRRN3	-0.717	0.5522475
DKFZP547J0410	-0.602	0.5523115
LOC100507557	-0.529	0.5524431
PARP6	0.308	0.552451
PEX14	-0.613	0.5525206
PCBP1	0.353	0.5525299
DYNLT1	-0.399	0.5525403
LINC00998	-0.332	0.5525643
WDR81	-0.308	0.5525929
SLC32A1	0.861	0.5526078
FAM215A	-1.02	0.552655
LOC100128079	-0.628	0.5526759
SRSF7	0.428	0.5527541
C17ORF100	-0.348	0.5528153
NDRG3	0.48	0.5528932
LINC00094	-0.368	0.5529651
RAX	0.465	0.55298
CECR9	-1.24	0.5531447
TMEM241	-0.295	0.5532011
HMGN2P46	-0.342	0.5532041
GPR12	-1.03	0.553242
C4ORF17	-0.835	0.5532465
EVI2B	-0.465	0.5534031
HMGCS1	-0.537	0.5534765
TMEM214	0.325	0.553504
GDF2	0.389	0.5535682
ERVH-1	0.6	0.5536037
FAM189B	-0.434	0.5536178
GSTK1	-0.301	0.5536373
MGAT1	-0.315	0.5536631
SLC26A2	-0.338	0.5538141
PA2G4	-0.367	0.55389
SPHKAP	1.11	0.5539776
C15ORF65	-0.338	0.5540056
CRMP1	0.449	0.5540638
FOXD1	-0.604	0.5540646
RABL3	-0.395	0.5541451
TMEM243	-0.349	0.5543046
AASDH	0.299	0.5543472
KCTD3	-0.309	0.5544116
KRI1	0.653	0.554412
RAB9BP1	-0.571	0.5544653
ATP8B1	-0.527	0.5544897
OVOL1-AS1	-0.982	0.5545723
OK/SW-CL.36	-0.6	0.5545956
LOC100505609	-1.23	0.5546851
CSPG4P1Y	0.781	0.5547042
LINC00459	1.22	0.5547659
LOC101929621	0.317	0.5548173
GAL3ST1	-0.389	0.5548241
METTL13	-0.306	0.5548589
SCAMP3	-0.297	0.554859
OSR1	-0.71	0.5548639
NEU4	-0.538	0.5549181
GSX1	-0.568	0.5549314
ELMO2	0.295	0.5549736
MYO1E	-0.405	0.5550088
PRIM1	0.372	0.5550539
PSMD10	0.296	0.5550547
TBC1D24	0.381	0.5551177
C3AR1	-0.43	0.5552094
HIGD1A	-0.318	0.5552586
SPATS2	0.409	0.555309
TMCC3	0.385	0.5553176
NOA1	0.321	0.5553194
CFAP45	1.03	0.5553336
EMX2OS	-0.452	0.5553901
HAL	0.529	0.5554139
MUC2	0.588	0.5554441
XIRP2	-1.11	0.5554705
ASPG	0.669	0.5556194
TRIM42	0.316	0.5556293
LOC101929683	-0.633	0.5557693
C14ORF39	-0.312	0.5558619
CNPY3	-0.305	0.5558768
PTOV1	-0.309	0.555887
CCM2	0.333	0.5559137
VPS13A	0.709	0.5559632
C7ORF26	0.994	0.556049
ZCCHC14	0.429	0.556049
LAIR1	-0.946	0.5560633
GSX2	-0.806	0.5562212
ATG3	-0.448	0.5562559
ARHGEF19	0.622	0.5563058
TMEM98	0.814	0.5563158
SPATA3	-0.637	0.5563423
ORC2	-0.436	0.5564224
GPN1	0.308	0.5564345
ZNF519	0.664	0.5566085
ALDOA	0.298	0.5566566
TNFRSF25	-0.819	0.5566706
NAPA	-0.317	0.5566795
ZNF717	0.703	0.5566907
PDYN	0.548	0.5567171
TMEM143	-0.303	0.5567892
LIPE-AS1	-0.75	0.556851
TMEM136	-0.331	0.5568649
PGM5-AS1	-0.418	0.5569004
LOC100506858	0.949	0.5569075
RPAP1	-0.347	0.5570028
FIBIN	-0.401	0.5570064
HIST1H3B	-0.9	0.5570424
STRA13	0.513	0.5570442
LOC100129917	0.448	0.5571134
MFSD14A	0.323	0.5571496
KLF5	-0.316	0.5573454
ACRC	0.394	0.5574409
PLCE1-AS2	0.33	0.5574463
LOC401320	-0.576	0.5574787
RCAN2	-0.409	0.5575159
PRPF18	0.646	0.5576032
ERN2	-0.398	0.5576085
KRTAP3-1	-0.322	0.5576503
LOC101930097	-0.368	0.5576522
HAPLN2	-0.519	0.5580025
TBC1D2	0.677	0.5580074
LOC728283	0.357	0.5580814
LRRC72	-0.748	0.5581329
SRL	-0.67	0.5583218
DLX3	0.493	0.5584954
OCRL	-0.432	0.5584985
MPHOSPH6	0.359	0.5585663
KRT23	0.856	0.5586224
KLF3	-0.346	0.5586529
TRA2A	-0.322	0.5586674
ADAMTS4	0.304	0.5587091
TBP	0.335	0.5587296
NXPH1	0.41	0.5587735
FUZ	-0.338	0.5588368
CCL20	0.505	0.5588502
GABRA6	2.89	0.5588689
C12ORF75	0.542	0.5589191
TOE1	-0.604	0.5589378
RRM1	0.316	0.5590024
SCLY	-0.967	0.5590294
LOC102723526	0.461	0.5590636
LYST	-0.362	0.5590884
WWC2-AS2	0.393	0.5591638
RPH3A	0.719	0.5592864
LOC100289045	-0.546	0.5593449
PDHX	0.311	0.559355
LOC101927710	-0.559	0.5594715
BMS1	0.308	0.5595165
THRA1/BTR	0.544	0.5595516
XRCC5	0.295	0.5595565
PPIE	-0.298	0.5595991
TMEM222	-0.291	0.5597192
GSTO1	-0.326	0.5597605
DCXR	0.316	0.5598611
RPRD1A	0.417	0.5599964
RAB43	0.663	0.5601723
ZNF791	0.343	0.560204
LOC100506844	0.361	0.5602696
AREG	1.14	0.5603419
TM9SF3	0.335	0.5603916
TBX18-AS1	1.03	0.5604073
NDUFA12	0.328	0.5604615
RPL27	-0.299	0.5605409
MRPL14	0.34	0.5605764
GHITM	0.292	0.5606024
LOC101927159	-1.05	0.5606033
TIMM10B	-0.307	0.5606079
PPIL6	0.359	0.5606091
NUPL2	-0.319	0.5606621
CFC1B	0.56	0.560711
FAM24B	-0.822	0.5608242
PPP1R1C	0.708	0.5608607
AAR2	-0.326	0.5609581
SKIDA1	-0.861	0.5610168
TMEM47	-0.349	0.5610689
SLC25A20	-0.335	0.5610832
LOC143286	-0.316	0.5610885
ZBTB47	-0.52	0.561178
PRRC2B	0.327	0.5612003
ZNF571-AS1	-0.657	0.5612452
C17ORF99	-0.477	0.5613573
LAMB4	0.91	0.5613717
STOX2	-0.29	0.5614156
SP110	-0.474	0.5614232
ATOX1	-0.369	0.5617625
FAM106A	0.311	0.5617772
DPF2	0.296	0.5617974
SLC4A2	-0.334	0.5618085
RAB11FIP3	-0.487	0.5618825
KLHL17	0.486	0.5619714
VGLL4	0.323	0.5620925
ZNF260	-0.288	0.5621026
FAAP24	-0.847	0.5622023
NMT1	-0.313	0.5622645
GAS5	0.396	0.5622777
FRMD8P1	0.489	0.5623331
NEUROG1	-1.07	0.5623601
SLC35F4	0.993	0.5624724
FAM206A	-0.32	0.5624932
ZC3HAV1L	-0.436	0.5625522
CCDC12	0.295	0.5625949
ZFAND2A	0.335	0.5628382
CLDN2	-0.92	0.5628682
COL11A2	0.299	0.5628734
SLC44A4	-0.879	0.5629751
RPS25	-0.293	0.5629946
ETAA1	0.461	0.563021
FAM166B	0.639	0.5630833
ACD	0.308	0.5631282
INPPL1	0.313	0.5631847
ZNF613	1.08	0.5632255
GPR32	-0.454	0.5632534
TDRD10	-0.579	0.5634066
ST20-AS1	-0.46	0.5634835
ZBED1	0.384	0.563552
ZC3H4	-1.06	0.5636513
ST6GALNAC6	-0.332	0.5636593
MRGPRF	-0.797	0.5637953
PPEF1	-0.767	0.5638434
KIF18A	0.597	0.5638847
LOC389247	0.384	0.5639334
RPL14	-0.583	0.5639509
RYR3	-0.409	0.5639601
NUFIP1	-0.338	0.5639795
CUX1	0.439	0.5639867
UBE2G1	0.312	0.5640606
PLTP	-0.382	0.5641613
FANK1	0.393	0.5641776
ERBIN	0.399	0.5642286
SPATA1	-0.657	0.5642849
INSM1	0.692	0.5644542
GGTLC1	0.312	0.5644897
CCND1	-0.347	0.564614
LOC101928043	0.707	0.5647112
SENCR	0.297	0.5647462
POLB	0.673	0.5647739
RBM27	0.329	0.5648234
PSG11	-0.672	0.5648342
LRAT	-0.618	0.5648756
SUMO1	0.359	0.5649078
MYO19	0.616	0.5649397
RNF167	-0.298	0.5649857
CELF6	-0.409	0.5650273
UPRT	-0.377	0.5650841
DOC2B	0.456	0.5651673
MRPL17	0.392	0.565204
NCK2	0.308	0.5652842
STAU2-AS1	-0.76	0.5653014
LOC101929125	0.361	0.5653705
GRIA1	0.851	0.565385
HIST1H2BL	0.511	0.5654883
SCARNA17	-0.764	0.56553
CCL8	0.325	0.5656564
HHATL	-0.579	0.5656772
BTNL3	0.329	0.5656855
MTNR1B	0.658	0.5657157
DTX1	0.544	0.5657617
IL26	0.708	0.5657876
NHP2	-0.287	0.5658541
C19ORF73	0.908	0.5659471
PLA2G2F	0.595	0.5659654
STK10	-0.398	0.5660457
PGF	-0.368	0.5660638
SPATA7	-0.321	0.5661606
PDE8B	-0.491	0.5661722
ZNF835	0.688	0.5661759
LOC100996286	-0.623	0.5662405
DEFB127	-0.757	0.5662458
NCBP2-AS2	0.343	0.5663765
RILPL2	0.35	0.566412
PAPD5	0.437	0.5664376
PGAP2	-0.312	0.5664893
RORC	-0.556	0.5666224
TCHH	0.795	0.5666227
IFNA17	-0.533	0.5666283
LOC221946	-0.293	0.5667075
UPK1B	-0.985	0.5667162
OR51E1	0.395	0.5667721
DACT1	0.953	0.5667762
LOC100508631	-0.639	0.5667963
LINC01018	-0.342	0.5670308
TYW1	-0.288	0.567054
FAM47C	0.399	0.5670909
NEDD9	-0.557	0.5671485
CRHBP	-0.855	0.5671701
NAB2	0.386	0.5671844
MBTPS1	0.309	0.5671882
EDC3	-0.335	0.5672388
PGBD5	0.442	0.5673012
GTF2B	0.297	0.5673137
YIPF4	-0.613	0.5674349
INTS6-AS1	0.409	0.5674522
GPR176	0.467	0.5674552
C12ORF57	0.388	0.5675146
PAN3	-0.353	0.5675521
SLC23A3	-1.18	0.5678058
ZNF106	-0.298	0.5679165
E2F7	0.368	0.5679674
OR51A1P	-0.772	0.5679809
NLRP6	0.797	0.5679918
TMOD3	-0.388	0.568057
LRTOMT	-0.351	0.5681968
NPPA	0.386	0.5683912
ERLIN1	0.313	0.5684215
ZCCHC24	-0.318	0.5684336
EXOC5	-0.358	0.5685546
LOC105369739	-0.496	0.5685967
CSGALNACT2	0.328	0.5687053
CHL1-AS1	0.576	0.56874
ZNF700	0.293	0.5687824
MANSC1	-0.32	0.5690813
SETD3	0.341	0.5691195
PRKAB2	-0.315	0.5691901
NDUFS6	-0.288	0.5692062
TSEN34	-0.31	0.569212
IBA57-AS1	0.716	0.5692604
C6ORF10	-1.35	0.569281
CH17-340M24.3	-0.424	0.5692879
TBX21	-0.78	0.569322
NEGR1-IT1	0.531	0.5693237
SLC37A1	-0.479	0.5693408
PAN2	-0.287	0.5693754
LINC00852	0.283	0.5693889
IQCG	-0.323	0.569418
GTPBP8	-0.368	0.5694325
HAS2	0.312	0.5694474
KLHL3	0.539	0.5694762
PRCD	-0.413	0.5695357
WDR86-AS1	0.567	0.5696373
HMP19	-0.289	0.5696734
ATP5B	0.309	0.5697326
LINC01271	-0.727	0.5697965
BVES	0.425	0.569892
KHDC1	-0.354	0.5699215
RPL31	0.522	0.5700207
LOC100289473	-0.585	0.5700237
NKPD1	0.427	0.5701998
OBP2B	0.512	0.5703577
DNAJB5	0.32	0.570358
MXRA5	0.305	0.570419
IARS2	-0.309	0.5704714
BHLHE41	0.287	0.5705351
ATXN7	-0.319	0.5706218
EXOC1	-0.308	0.570665
CCDC113	-0.329	0.5706734
C19ORF12	-0.383	0.5706867
FGD5	-0.428	0.5707038
SLC4A1	-0.405	0.570759
ZNF546	-0.318	0.5707618
GNLY	-1.06	0.5708513
LDLRAD4-AS1	-0.517	0.570854
HIST1H2BJ	1.39	0.5709612
PCDHGA3	0.291	0.5709672
KIAA1683	0.637	0.5709734
RCC2	0.322	0.5710734
KL	-0.314	0.5710873
ZNF512B	-0.362	0.5710951
CCDC25	0.281	0.5711145
LINC01003	0.488	0.5712331
TCERG1	-0.663	0.5712518
ADPRM	0.292	0.5713731
CIPC	0.356	0.5714028
GTF2A1	0.318	0.5714697
PPIP5K1	0.307	0.5715099
EEF1D	-0.301	0.57153
ZHX1	0.299	0.5715585
CLCN3	-0.313	0.5716053
KDM1A	0.32	0.5717148
IGKV1OR2-108	0.462	0.5717407
SMC3	-0.289	0.5717893
LIG4	0.317	0.5718462
NIM1K	0.315	0.5718476
TBRG4	0.324	0.5718796
LRRC23	-0.361	0.5718833
P2RY6	-0.706	0.571885
PTCD2	0.34	0.5719801
LINC01512	-0.368	0.5719937
HBQ1	-0.349	0.572019
LOC102546294	-0.426	0.5720379
HIST1H1E	0.476	0.5720993
HMGCS2	-0.515	0.5721503
RMI2	-0.96	0.5721572
PRRT3-AS1	-0.293	0.5721739
LINC01356	-0.632	0.5722018
TFDP1	-0.386	0.5722116
TUBA1A	-0.359	0.5722194
LOC101929398	-0.579	0.5722347
UBQLN2	0.287	0.572282
TMLHE	-0.43	0.5723565
NCOA6	-0.747	0.5723716
CCL21	0.376	0.5723799
MYOF	-0.629	0.5724785
STXBP4	0.323	0.5724904
NUP37	-0.389	0.5725434
NQO2	0.516	0.5725558
LOC101928995	1.16	0.5726035
NTNG2	0.569	0.5727145
LOC105370943	-0.691	0.5727638
LINC00482	0.644	0.57277
ARAP1	-0.584	0.572929
CRTAM	2.67	0.5729791
CCDC86	0.313	0.5730538
MIS12	-0.418	0.5731112
CD1D	-1.15	0.573193
WDR13	0.34	0.5732298
PCLO	0.558	0.573234
CHMP2B	-0.344	0.5732376
MARCH10	0.356	0.5733054
IHH	-0.571	0.5733903
PRR36	-0.549	0.5735941
NUDT21	-0.289	0.5736272
VPS37A	-0.309	0.5736805
HIRIP3	0.29	0.573872
LOC727916	-0.838	0.5739218
HMOX2	0.362	0.573967
UBL7	-0.289	0.5740032
MYRIP	-0.451	0.5740348
MGLL	-0.33	0.5740542
MPV17	-0.305	0.5741248
HRAS	-0.32	0.5741481
FAM171A1	0.292	0.574153
PDPR	0.289	0.5742137
LOC101927790	-0.667	0.5744107
C11ORF68	0.326	0.5745223
KLRD1	-0.398	0.5746508
TAF1D	0.281	0.5746602
LINC00462	0.736	0.5746728
C9ORF64	0.301	0.5747398
MRPL4	-0.28	0.5747598
WIPI1	-0.32	0.5748073
ZBTB41	0.312	0.5748579
STBD1	1.02	0.5749372
ZNF705G	0.412	0.5749789
TECR	-0.327	0.575081
LINC00324	0.407	0.5752059
KLHL12	-0.286	0.5752405
LOC105370941	0.485	0.5752484
IKZF5	0.326	0.5752917
ZNF747	-0.41	0.5753793
ETFA	-0.285	0.5753884
GAPLINC	-0.604	0.5754692
TRAM1	-0.301	0.5754726
FTX	-0.312	0.5754771
TSPO	-0.434	0.5755102
LOC100506895	0.299	0.5755201
EFEMP2	-0.31	0.575541
LOC400541	-0.673	0.5755473
ARV1	-1.37	0.5755958
OR7A17	-0.872	0.575613
SH3BGRL3	-0.405	0.57564
DYNC1I2	0.354	0.575726
UBFD1	-0.306	0.5759193
ARMC7	-0.338	0.5759228
SPC24	-0.433	0.5759437
GRSF1	-0.302	0.5759971
PPP1R15A	0.338	0.5760471
GPR182	-0.473	0.5760753
TIFAB	-0.643	0.5760824
MDH2	-0.291	0.5760873
NSA2	0.312	0.5761952
ZNF843	0.302	0.5762494
DDX1	0.282	0.576278
VGLL2	0.369	0.5767789
LOC105377143	-0.736	0.5769551
DTX3L	-0.398	0.5769892
CXXC4	-0.406	0.577071
LOC100505715	-0.344	0.5770884
GPR37	-0.456	0.5771181
LCE3D	-0.63	0.5772002
PRKCA	-0.31	0.5772223
GAL3ST3	0.439	0.5772254
OR1F1	-0.345	0.5772461
LOC101927479	0.33	0.577268
CD99	-0.347	0.5773052
LRP5	-0.438	0.5773369
FNBP1L	-0.279	0.5773553
LOC100507537	0.365	0.5774759
NCOA5	-0.413	0.5774826
CYB561D1	-0.355	0.5775147
SUDS3	0.284	0.5775982
MON1B	0.293	0.5776793
DYM	-1.09	0.5777508
HKR1	0.335	0.577757
LOC101929549	-0.963	0.5777659
LOC101928495	-0.823	0.5777787
CLCF1	0.344	0.5778761
CRIP3	-0.706	0.577881
CCDC65	0.598	0.5778918
MGC12488	-0.397	0.5778953
ANKRD52	-0.4	0.5780944
LOC101928954	-0.333	0.5781118
ZYX	-0.329	0.5781183
PLIN2	-0.82	0.5781748
TNS4	-0.393	0.5782044
BSG	0.384	0.5782332
ATP8A2	0.598	0.5783109
HEATR5A	-0.349	0.5783481
POLD3	0.287	0.5784634
KCNH2	0.388	0.5786122
COG2	-0.313	0.5786481
MFSD14C	-0.325	0.5786597
LACC1	-0.521	0.5786726
NOS1AP	-0.853	0.5788045
ATP6AP2	-1.0	0.5788604
COL10A1	0.441	0.5789798
AMPD1	-0.927	0.5790666
MAGEE1	0.545	0.5790687
ZNF827	-0.462	0.5790895
UBXN4	0.285	0.5790934
RGCC	-0.281	0.5792871
LOC101928700	0.527	0.5793139
CCR5	0.331	0.5793184
SNUPN	0.292	0.5793298
LINC00358	1.02	0.5793371
LINC00969	-0.879	0.5793568
B4GAT1	0.343	0.5794052
TRMT1	-0.341	0.5794734
GRAMD1B	0.561	0.5794833
LYRM4-AS1	-0.296	0.5795033
FAM205C	0.385	0.5795358
RBM25	0.285	0.5795496
KDM2B	0.397	0.5796283
CCDC163	0.314	0.5796668
PRR30	-0.577	0.5797406
IGFBPL1	-0.949	0.5799054
RIMS1	0.73	0.5799295
TP53TG1	-0.372	0.5799424
NLGN1	0.486	0.5800649
LINC01425	0.884	0.5801228
C3ORF52	1.01	0.5801576
CGRRF1	0.277	0.5801823
FHIT	-0.416	0.5803098
CBX6	0.305	0.5803225
CERS6	0.481	0.5803595
RBMXL1	-0.351	0.58039
LINC01424	0.424	0.5804318
CIART	0.309	0.5804585
DGCR11	-0.3	0.5804725
GLE1	0.89	0.5805167
EHHADH	-0.517	0.5805255
RNFT2	-0.319	0.5805312
QTRT1	-0.443	0.5807846
TPTE2P5	0.28	0.5808864
TUBD1	0.277	0.5808873
PAM16	0.291	0.5808894
IL15	-0.462	0.5809447
RANGRF	0.282	0.581022
OTOS	0.904	0.5810433
CCDC22	0.306	0.581061
FAM168A	-0.282	0.5812126
POLDIP2	-0.446	0.5813007
LOC101929486	-0.61	0.5813688
ABCA6	-0.594	0.581392
OPLAH	0.297	0.5814279
MRGPRF-AS1	0.442	0.5814789
MCAM	-0.302	0.5815479
DACH1	-1.01	0.5816034
GCAT	0.378	0.5816055
FASTKD5	0.3	0.5816331
RIPK4	1.02	0.5817113
APRT	-0.809	0.5817399
LINC00551	-1.34	0.5817424
STAC3	-0.465	0.5817869
ARL14EP	0.313	0.5818598
LINC01101	-0.575	0.5818684
JAZF1	0.381	0.5819038
TMEM248	0.275	0.5819067
ARHGEF28	-0.618	0.5820747
GATSL2	-0.456	0.582105
LOC439933	-1.21	0.5821322
NPTN	0.443	0.5821807
SNHG10	-0.477	0.5822425
PRR15L	0.996	0.5822485
ATXN7L3B	0.303	0.5822937
ZNF862	-0.355	0.5823313
LOC100509303	-0.643	0.582447
SAMD15	0.69	0.5825755
BTBD19	-1.37	0.5827279
BDP1	0.299	0.582729
GLMN	0.358	0.5827628
ZEB1-AS1	-0.342	0.5828426
KCNS1	-0.39	0.5828603
LOC101928524	-0.319	0.5828838
FLJ33534	0.349	0.5830168
TAF1C	-0.402	0.5830962
ZNF706	-0.279	0.5831177
SLC27A3	-0.491	0.58317
CELSR2	0.289	0.583261
LINC00307	-1.1	0.583413
LOC101928324	0.415	0.5834499
DPH3	-0.276	0.5834557
SNN	0.323	0.5835114
LOC105377421	1.51	0.5835118
DISP2	-0.633	0.5835178
TAGLN3	0.511	0.583647
RPH3AL	0.723	0.5837432
LARS2	-0.322	0.5837862
PSMD3	0.279	0.5838351
C10ORF10	-0.721	0.5838422
SPCS1	-0.379	0.5838736
TMF1	0.333	0.5840198
MTMR2	0.278	0.5841234
TBCCD1	-0.272	0.5841645
LOC101927869	0.351	0.5842048
DAXX	0.336	0.5842109
PRM1	0.415	0.5844668
IGLON5	0.389	0.5844727
RUNX1-IT1	-0.295	0.5846756
PIK3R3	0.318	0.5847028
EFNA1	0.566	0.5847081
PANX1	-0.396	0.5848338
SLC6A16	-0.29	0.5848358
ZNF136	0.287	0.5848668
UGDH	0.339	0.5848995
LOC340090	0.892	0.5850625
IFFO1	-0.294	0.5851425
LOC101929511	0.978	0.585338
USP9X	-0.303	0.5853575
PLEKHH2	0.499	0.5853642
SLC31A2	-0.572	0.5854668
ITPKA	1.03	0.5856186
SLIT2	0.445	0.5857696
ZFP2	0.37	0.5858546
ARHGAP4	-0.36	0.5858781
KLRB1	-0.79	0.5860142
ZNF770	0.295	0.586128
KRBA2	-0.319	0.5861545
NRDC	0.287	0.5861663
ZNF684	-0.345	0.5862909
C7ORF31	-0.636	0.5863499
FAM110D	-0.325	0.5863928
SND1	-0.286	0.5863932
LOC101929757	0.967	0.5864263
B3GNT9	-0.3	0.5864731
KDSR	0.286	0.5865113
OR1A2	-0.764	0.5866127
SEMA6A	-0.662	0.5866393
EPHA4	0.763	0.586649
LOC105369860	-0.811	0.5867527
HIST1H2AJ	-0.321	0.5870606
RBM42	-0.302	0.5870863
LOC101927196	-0.76	0.5871233
SCG5	0.314	0.5871337
SNCAIP	1.11	0.5871554
RAMP1	0.27	0.5872458
PFDN2	0.269	0.5873846
TNNT1	0.494	0.5875081
ATRX	0.337	0.5878375
CCNH	-0.346	0.5879125
HIST1H3E	0.687	0.5879833
DICER1-AS1	0.543	0.5880296
LINC00682	0.866	0.5880351
ISL2	1.01	0.5882391
RNF138	0.275	0.5882838
YPEL5	0.361	0.5884415
ASB3	-0.894	0.5885646
POLR1D	0.294	0.5886401
CYP4F12	-0.478	0.5888307
CAPNS2	-0.348	0.5889479
RIT2	0.947	0.5889683
ZSCAN23	0.393	0.5889736
PTPRK	-0.31	0.5892806
NDUFA8	0.297	0.5893616
C10ORF128	0.456	0.5893732
FAM160A2	-0.328	0.5894136
LOC101929662	-0.454	0.5894314
KIAA0355	-0.282	0.5894721
LRRC46	0.577	0.5894954
AFAP1L2	-0.302	0.5895384
SRSF8	0.308	0.5895993
N4BP2	-0.455	0.5896041
PSMD4	0.576	0.5896142
NDUFA13	-0.277	0.5896234
EXTL3-AS1	0.549	0.5896242
SLC8A3	0.349	0.5897033
AP5M1	-0.743	0.5897225
FRMD5	0.278	0.5897719
MTCH1	-0.295	0.589903
SNRNP70	0.369	0.5900364
CFAP53	0.269	0.5900408
USF3	-0.363	0.5900547
ZFPM2	0.991	0.5901538
SNORD114-3	0.274	0.5902172
GABPB2	-0.328	0.5903224
LOC653581	1.08	0.5903511
MRPL57	-0.268	0.5904536
SLC2A4	-0.619	0.5904593
C4ORF48	-0.34	0.5904957
ARHGAP45	-1.31	0.5905423
FZD7	1.12	0.5905969
DKFZP779M0652	-0.305	0.5906045
UBR7	0.322	0.5906253
DNAJC8	0.292	0.5906364
SERPINA10	0.702	0.5906977
FLJ12120	-0.701	0.590705
KCNH4	0.464	0.5908996
VEGFB	-0.352	0.5909464
MKRN3	-0.401	0.5910306
CNIH3	-0.282	0.5910947
PTCHD4	-1.04	0.5911501
LOC101926984	0.412	0.5914037
ZNF818P	-0.622	0.5914548
MRPL58	-0.301	0.5914956
SPTLC1	-0.279	0.5915093
INO80E	-0.3	0.5915333
PARL	-0.268	0.591592
AMOTL2	-0.296	0.5916012
NUDT13	-1.17	0.5916628
LETMD1	-0.28	0.5916704
PET117	0.345	0.5916973
BPIFB6	0.287	0.5917021
LOC100134937	0.304	0.5917552
ROR2	-1.13	0.5918717
LOC100499489	0.27	0.5920093
F11-AS1	-1.03	0.5920686
ZNF732	-1.07	0.5920995
PLAC8L1	-0.957	0.5922223
SBF2-AS1	-0.344	0.5922402
FGF2	0.387	0.5923395
BOLA3-AS1	0.508	0.5923956
VANGL2	-0.27	0.5923964
BARX1-AS1	0.902	0.5924259
GNAT2	-0.857	0.5925321
ZSCAN16-AS1	0.427	0.5925527
GPAM	-0.501	0.5926046
CYP2B7P	-0.953	0.5926151
COX2	0.265	0.5926807
LINC00865	-0.434	0.5927094
ANKHD1	-0.279	0.5928362
TXN2	0.311	0.592857
OR3A2	-0.931	0.5928869
PLXND1	0.288	0.5929766
GPR19	0.312	0.5929874
NIF3L1	0.321	0.5930512
KRT16	-0.893	0.5931279
SMYD3	0.381	0.5931382
RBMS3-AS3	-0.289	0.593179
RHOH	0.63	0.593221
DEFB122	1.09	0.5934346
CKLF	-0.279	0.593467
TCF19	0.401	0.5934722
FLRT3	0.658	0.5935177
VPS45	0.308	0.5936194
FRA10AC1	0.267	0.5936297
PDILT	0.796	0.5936301
PCAT18	0.413	0.5937283
STUB1	0.299	0.5938178
G3BP2	0.28	0.5938552
LOC105375773	0.283	0.5938874
GPM6B	0.282	0.5938946
VPS54	0.271	0.5939785
LYN	-0.368	0.5940438
LOC101928054	-0.862	0.5940693
LINC00260	-0.548	0.5941359
LOC100268168	-0.955	0.5942055
TRIM72	-0.435	0.5942633
CLIC1	-0.517	0.5942745
UBXN2B	-0.389	0.5943257
GPA33	-0.76	0.5943723
NELL2	0.66	0.5943855
LOC105370612	0.932	0.5944575
FCHO2	-0.276	0.5945377
UBQLN4	-0.481	0.5945541
UST-AS1	-0.603	0.5945748
MGC45922	0.671	0.5946247
GARS	0.288	0.5946389
IRX5	-0.36	0.5946522
XKR4	0.58	0.5947471
RFPL3S	-0.272	0.5948952
ANAPC16	-0.331	0.5949475
MRPS21	-0.3	0.5949805
NDUFB4	0.286	0.5950784
KBTBD2	0.409	0.5951087
LOC100506388	0.812	0.5951363
BCL9	-0.323	0.5953477
CD83	0.351	0.5953827
AMBP	-0.323	0.5953961
TG	-1.0	0.5955676
PARP4	-0.287	0.5955719
LOC200830	-1.07	0.5957056
SF3A2	-0.674	0.5957351
LURAP1L-AS1	-1.06	0.5957382
PREP	0.292	0.5958073
OR7A5	-0.58	0.5958419
LOC145474	-0.277	0.5959163
LINGO1-AS2	-0.562	0.5959279
HCFC1R1	0.271	0.5959864
LOC100286925	-0.456	0.5960448
UCN	-0.42	0.59608
ADAM17	0.305	0.5960958
LINC00474	-0.566	0.5961068
PRPS1	0.263	0.5961242
LOC101929241	-0.957	0.5961273
RIC1	0.272	0.5962269
LINC01181	-0.989	0.5962361
PIP5K1C	0.33	0.596305
UBE2DNL	-0.69	0.5963917
KLF17	0.35	0.5964855
MST1R	0.324	0.5964948
PMS1	0.408	0.5965934
MAP3K1	0.32	0.5967545
SCAMP1	0.332	0.5968958
FAM163B	-1.05	0.5969575
SEC1P	-0.827	0.5970182
AKNA	0.373	0.5970877
ACTN4	-0.289	0.5971492
LINC01165	0.324	0.5971921
SHTN1	-0.384	0.5974463
MRPL28	-0.267	0.5975482
PIGU	-0.268	0.5975572
CCDC174	0.366	0.597807
LOC101929902	0.616	0.5979375
RELN	1.02	0.5979622
PRR13	-0.347	0.5980874
FAM173A	-0.313	0.5981824
AP1G2	-0.373	0.5982461
ARHGAP11A	-0.685	0.5982849
LYPD3	0.346	0.598318
FAM205A	-1.05	0.5983852
BTBD8	0.278	0.5984851
LOC644135	1.01	0.5986215
RHOT1	0.272	0.5987628
UFD1L	-0.273	0.5988368
FAM181A-AS1	0.945	0.5988493
EVC2	-0.719	0.5989765
COL9A2	-0.329	0.5990824
EDA2R	-0.307	0.5993136
C11ORF74	-0.284	0.5993383
SSSCA1	-0.514	0.5994336
BTF3P12	-0.447	0.5994863
CCDC43	0.278	0.5995452
LOC100134445	-0.345	0.599582
ERV3-1	0.501	0.5995942
ZNF473	-0.312	0.5996143
LL0XNC01-116E7.2	0.504	0.5997185
PLLP	-0.621	0.5998314
GCLC	-0.268	0.5998993
DPY19L2	0.517	0.6000362
THTPA	-0.303	0.6000981
TMEM121	0.328	0.6001069
LINC01583	-0.772	0.6001714
RENBP	-1.06	0.6003435
FAR2	0.328	0.6004483
MRPS2	0.265	0.6004956
RBBP9	-0.534	0.6005164
ALDH9A1	-0.325	0.6005216
TRAT1	0.787	0.6005892
TRG-AS1	0.558	0.6006038
DEPDC1-AS1	1.27	0.6006184
KIAA0586	0.259	0.6006984
CRYBB1	-0.271	0.6007268
IER3IP1	0.289	0.6007726
OR5L2	0.324	0.6008257
PIWIL2	0.276	0.6008634
HNRNPM	-0.308	0.6008714
SETD9	-0.282	0.6010292
SLC31A1	-0.501	0.6010739
SNAPC4	0.395	0.6011383
TAS2R19	0.976	0.6012098
LINC01243	-0.431	0.6012388
IGSF5	0.319	0.6012845
COPS2	0.36	0.6013292
LOC100288893	-0.456	0.6013827
KCNJ10	-0.429	0.6013941
MAGEB1	0.269	0.6013969
IK	0.262	0.6014236
ANKRD6	0.503	0.6014378
HAT1	-0.283	0.601446
C11ORF97	0.98	0.6016194
AICDA	-0.684	0.6016685
MRI1	-0.317	0.6018675
MT1H	0.281	0.6020486
MUS81	0.271	0.6021032
TRIM47	0.358	0.6021732
LCOR	0.276	0.6022725
MIR34A	0.31	0.6022868
MRPL11	-0.308	0.6023864
CHCHD3	-0.479	0.6024417
LAMB1	-0.402	0.6025018
CBLB	-0.645	0.6025114
OXSR1	0.258	0.602574
FOXL2	-0.376	0.6025965
NCOA1	0.287	0.6027128
LOC147004	0.465	0.6028069
LOC101928635	0.326	0.6029065
FAM60A	0.284	0.6029075
TRPC1	-0.284	0.6029745
C5ORF42	-1.14	0.6031827
SPATA25	0.295	0.6032136
LYVE1	0.377	0.6032149
TPST1	0.452	0.6032594
ZP1	0.612	0.6033211
ARX	0.795	0.6033725
MICU3	0.499	0.603415
VKORC1	0.332	0.6034431
TSEN54	0.456	0.6035172
KIF3A	0.273	0.6035802
WWTR1-AS1	-0.407	0.603632
SCG3	0.493	0.6037559
RAB8A	-0.258	0.6037917
LINC00922	0.328	0.6038349
TNIP1	-0.268	0.60387
GPALPP1	0.267	0.6038948
TMEM165	-0.44	0.6039025
H2BFM	0.866	0.6039305
TOPORS-AS1	-0.358	0.6040023
PTPN3	-0.671	0.6040167
DHX32	0.263	0.6040729
CHTF8	-0.287	0.60409
LOC101927651	0.29	0.6040989
INPP5E	-0.308	0.6042282
AKAP8L	0.261	0.6042297
CTDNEP1	-0.271	0.6043531
N4BP2L2-IT2	-1.02	0.604413
B4GALNT1	0.631	0.6044573
LOC101929413	0.525	0.604466
PREPL	0.272	0.604552
LOC102724718	0.274	0.604687
PDCD2L	-0.299	0.6047431
CLRN1-AS1	-0.679	0.6048303
MIIP	-0.6	0.6048643
PCTP	-0.269	0.6048995
SEMA5A	-0.636	0.60498
TRIM6	-0.481	0.604989
SCARNA2	-0.264	0.6050302
CCNB1IP1	0.309	0.605049
ZNF470	0.342	0.6050936
PADI1	-0.63	0.6051559
DHPS	0.291	0.6052784
TTLL7-IT1	-0.499	0.6053648
TCEAL8	0.269	0.6054937
PRPF6	-0.396	0.6055848
LOC57399	1.24	0.6056363
PRR34	-0.359	0.6057123
TREML2	-0.608	0.6057694
SEC14L1P1	-0.262	0.6057722
PRLHR	-0.441	0.605939
C22ORF23	-0.433	0.606002
ZNF780A	-0.47	0.6060071
ASB9	-0.999	0.6060558
POLR1E	0.473	0.6062033
ALDH1L2	-0.774	0.6063021
PDE3B	0.537	0.6063157
HMGN3	-0.285	0.6063166
TEX13B	0.364	0.6063199
HEMGN	0.819	0.6064038
VMP1	0.312	0.6064279
FOXP1-IT1	-0.289	0.6064445
NACC2	0.348	0.606551
LOC100288175	-0.296	0.6066151
CXORF40B	0.264	0.6066334
BBS5	0.354	0.6066364
PCMT1	-0.258	0.6067464
ANAPC2	-0.36	0.6069034
KLHDC1	0.437	0.6069165
LOC101927248	-0.441	0.6070612
CRYZ	-0.26	0.6071405
SLC45A3	-0.347	0.6074285
OSCP1	-0.28	0.6074804
SMYD5	-0.334	0.6074818
SCGB2A2	-1.32	0.6075121
LOC646241	0.488	0.6075499
SEC14L5	-0.45	0.6075794
ACTR3C	-1.01	0.6076323
MAP1A	0.273	0.607689
RNASE6	-0.595	0.6078251
NR1H2	0.281	0.6078359
PARN	-0.255	0.6079323
DGKZ	0.357	0.6079349
LINC00628	0.347	0.6079529
HYPM	-0.371	0.6080088
ZKSCAN5	-0.283	0.6080256
FAM192A	-0.263	0.6080638
ARHGEF7-IT1	-0.797	0.6081202
PRTN3	-1.06	0.6081853
CST2	-0.324	0.6081984
WARS	-0.309	0.6082322
LIPE	-0.347	0.6082461
MYBPC1	-0.579	0.6082548
BCO2	-0.334	0.6083269
FAM155A-IT1	-0.679	0.6083298
PRKG2	-0.726	0.6083309
POLRMT	-0.701	0.608332
SCAF11	-0.372	0.6083545
RGMB	0.418	0.6083738
LOC283357	0.256	0.6084704
OPRD1	0.306	0.608481
RANBP2	-0.302	0.6085082
ARSA	-0.52	0.6087981
PROSER1	-0.282	0.6088063
TOM1	0.316	0.6088538
WDR55	0.419	0.6089989
TSPAN13	0.392	0.609039
RNF146	0.268	0.6092283
ASCC3	0.255	0.6093201
MGC2889	0.275	0.6093872
LOC100130458	0.986	0.6094329
FOXM1	-0.931	0.6094461
LOC400768	-0.606	0.6094488
WSCD2	0.996	0.6094532
FIBP	-0.273	0.6094672
USP8	-0.263	0.6095242
RARA-AS1	0.426	0.6095582
LOC100507443	-1.11	0.6096656
ACTR3	0.34	0.6096995
OLFM4	0.607	0.6097671
LINC00529	-0.569	0.6097746
OTP	0.329	0.6098467
TMA16	-0.279	0.6099119
APAF1	-0.507	0.6100157
DOCK7	-0.292	0.6100671
SETD2	0.305	0.610121
CYP1A2	-0.374	0.610176
EIF3D	-0.29	0.6101925
AKNAD1	0.716	0.6101968
KDM1B	0.271	0.6102934
LRP11	0.313	0.6103425
CYGB	0.283	0.610456
RNF139-AS1	0.3	0.6104993
LOC101929480	0.394	0.6105156
CD200R1	-0.39	0.6105468
C9ORF172	-0.471	0.6105745
LOC100507634	-0.874	0.6106257
AMPD2	0.271	0.6106319
MTUS2-AS1	0.271	0.6107572
DLG1-AS1	-0.679	0.6108667
ZDHHC7	-0.365	0.6109914
CCDC144A	-0.901	0.6112556
ADCY2	-0.318	0.6114111
SNX15	0.277	0.6114851
LOC100133985	-0.932	0.6115338
JAG2	-0.251	0.6115783
CCT7	0.259	0.6116982
LOC101928955	-0.909	0.6118224
CELA3B	-0.72	0.6118497
OR7E47P	-0.735	0.6119848
ABCG1	-0.265	0.6120156
VPS28	-0.268	0.612068
LOC100505878	0.693	0.6120735
SMARCC2	-0.282	0.6120859
LOC102546226	0.997	0.6120984
GATA2-AS1	-0.918	0.6122365
LOC101926907	0.256	0.6122981
TUSC2	0.271	0.6123
FIS1	-0.345	0.6123615
WDR53	0.267	0.6125189
NAPSA	-0.54	0.6125256
AARS2	0.276	0.6125963
IQCD	0.397	0.6126095
C2ORF49	0.274	0.6127343
C10ORF95	0.298	0.6127593
SCRIB	-0.266	0.6127625
LOC152048	-0.342	0.6128081
PDE11A	0.379	0.6129324
EIF3B	0.287	0.6129435
LOC101927432	-0.828	0.6131557
FNDC1	0.687	0.6132817
TMEM138	-0.331	0.6134571
ADAT2	-0.9	0.6136608
P3H4	-0.292	0.6137137
LMOD1	-1.01	0.6137293
PAFAH2	-0.422	0.6138121
ADAT3	0.378	0.6138275
IL7	-0.366	0.6138379
DEPDC1B	-0.369	0.6142553
COMMD7	-1.03	0.6143755
PRDM14	-0.554	0.6143977
C2ORF50	0.316	0.6145466
ATRN	-0.299	0.6145467
RPARP-AS1	0.287	0.614565
C12ORF76	0.292	0.6145875
LOC100505549	-0.399	0.6146348
ATP6V0A1	-0.305	0.6146585
CCS	-0.28	0.614661
NKX6-1	-0.418	0.6146928
SNCA	0.29	0.6147418
UHRF1BP1	0.305	0.6147582
POLR2I	-0.325	0.6148387
LINC00882	-0.674	0.6148405
RTN3	0.269	0.6150325
LOC101930541	0.585	0.6151337
TMEM97	0.31	0.6151528
UNC5CL	0.518	0.6151567
TAS2R8	-0.915	0.6153314
PNPLA6	0.257	0.6153349
C19ORF18	0.286	0.6153674
SESTD1	-0.264	0.6153941
HMGN4	-0.251	0.6154481
LOC100505797	0.309	0.6156001
RHOV	0.717	0.6156692
CCDC15	-0.507	0.6157739
SGCZ	0.497	0.6157868
LINC00703	-0.643	0.615791
C11ORF95	0.333	0.6158015
LOC100506603	-0.788	0.6158705
MAGEL2	-0.883	0.6159124
OR6A2	0.323	0.6159683
MLH1	-0.448	0.6160402
DEFB118	0.477	0.6162251
NXT2	-0.254	0.6163148
RNF19B	0.249	0.6163398
BORCS7	-0.249	0.6163615
SEC16A	-0.266	0.6163669
SS18L2	0.249	0.6163969
RNF111	0.281	0.6164016
TM2D1	-0.291	0.6164552
DGKH	-0.84	0.6164568
LOC285422	0.944	0.6164916
AMIGO2	-0.448	0.6164943
LOC728040	-0.308	0.6165003
TIMM9	0.258	0.6165827
FUOM	-0.339	0.6166255
OR5K1	0.65	0.6166921
LOC101927391	-0.673	0.6166993
TDRD7	-0.262	0.6168814
CABLES2	0.376	0.6168908
COQ8B	-0.547	0.6169828
TCEA2	0.364	0.6170727
KCNG4	-0.85	0.617134
TMEM33	0.303	0.6171402
MAFG-AS1	-0.7	0.6171788
LOC101928565	-0.544	0.6172223
TRIM66	-0.69	0.6173168
ARL6	0.254	0.6173305
APOL5	0.267	0.6173308
PPY	-0.426	0.6173701
DBNDD1	-0.263	0.617419
DPAGT1	0.247	0.6175498
RAF1	-0.306	0.617568
DHRS12	0.933	0.6177429
CLDN16	-1.04	0.6177687
CD164	-0.355	0.6178292
ZDHHC13	0.381	0.6178405
HSPB3	0.795	0.6179519
MAP3K7CL	-0.305	0.6179722
PDIA6	-0.32	0.6179821
FAM105A	-0.494	0.6181407
SLC18A1	-0.411	0.6181563
KAAG1	0.787	0.6181977
HCRT	0.308	0.6182945
ABHD8	0.349	0.6183475
CBLL1	0.266	0.6184154
AKR1A1	-0.281	0.6184668
USP30-AS1	-0.774	0.618503
COPS7A	-0.303	0.6185968
SLC12A2	0.259	0.6188593
MRGPRX2	-0.479	0.6189266
MORF4L2-AS1	0.364	0.6189306
MNS1	-0.479	0.6189437
AP2S1	-0.258	0.6189668
MPV17L2	0.251	0.6190082
MPZL3	0.618	0.61903
TRMT61A	-0.265	0.6190416
CNIH1	-0.248	0.6190861
CTRC	0.263	0.6191569
PITPNM1	0.248	0.6191752
ARHGAP28	-0.6	0.6192438
DPP10	-0.372	0.6193313
CDKN2B-AS1	-0.408	0.6193895
RAB3D	0.369	0.6194142
AP5B1	-0.28	0.6195082
CASC16	0.597	0.6195215
C19ORF43	0.293	0.6195472
PRICKLE3	-0.523	0.6195512
LOC105371414	0.308	0.6197702
GPANK1	-0.305	0.6197821
TMEM104	-0.491	0.6199084
EBLN3P	0.246	0.6199096
GNA12	-0.256	0.6199224
BRI3BP	0.262	0.6199885
SF3B3	0.339	0.6200722
SFMBT1	-0.298	0.620239
CACNB3	-0.587	0.6202432
ZNF304	0.334	0.6204329
CYBA	-0.989	0.6204656
MSRA	0.28	0.6204945
CMYA5	0.421	0.6205458
FAM35A	0.26	0.6205515
CD8A	0.765	0.6205861
LIME1	-0.318	0.6206042
LOC101928614	-0.74	0.6206151
SLCO1C1	-0.335	0.6206529
LOC221122	0.599	0.6206565
IL24	0.318	0.6206828
DYRK3	-0.939	0.6207097
ATG4C	-0.279	0.6207649
ZNF232	-0.269	0.6207963
IGDCC4	0.367	0.6208076
PLVAP	-0.309	0.6208273
ARMT1	-0.276	0.6208476
SAG	-0.767	0.6209468
CAPZA2	0.325	0.6210358
ZNF235	-0.308	0.6210875
PPIF	-0.425	0.6212256
MYBPC2	-0.745	0.6214168
STEAP4	0.361	0.6215632
LOC100130219	0.269	0.6216536
LOC220077	0.282	0.6218653
COMMD2	-0.398	0.6220158
MIR1244-3	0.272	0.6220366
TRPC6	-0.916	0.6220499
LOC400958	1.07	0.6221174
NIPAL2	0.747	0.6221421
INAFM2	0.319	0.622176
CD9	0.758	0.6222311
GLTSCR2	0.84	0.6223493
DMTN	-0.279	0.622369
TULP2	-0.753	0.6223783
MAPKAPK5	-0.278	0.6224019
TCAM1P	-0.68	0.6224814
CACNA1F	0.358	0.6225349
CNR2	-0.78	0.6227094
EPCAM	-0.539	0.6227167
EID2B	-0.364	0.622837
MIR194-2	-0.562	0.6228509
NARS2	0.25	0.6228909
CARD6	-0.267	0.6228933
SAAL1	0.313	0.6228952
CARTPT	0.689	0.6229202
ZNF324B	0.287	0.6229374
LIPA	-0.309	0.6229512
PAQR8	-0.484	0.6229682
PLA2G16	-0.348	0.6230032
CASP7	0.245	0.6230244
GNG3	0.34	0.6231194
USP30	0.341	0.6233234
YIF1A	-0.38	0.6233258
MIR3916	-0.518	0.6234293
ZNF562	0.59	0.6234548
CLCN2	-0.314	0.6234715
PGBD1	-0.364	0.6235202
MIR1-1HG	-0.582	0.6235892
HPCAL1	0.672	0.6237232
RIMS4	0.404	0.623766
VPS33B	-0.256	0.6237756
DENND4B	0.256	0.6238266
MEF2C-AS1	-0.307	0.6238403
PIK3C2B	-0.525	0.6238437
ARL6IP4	0.257	0.6238577
CHMP1B	-0.306	0.6239039
DERA	0.251	0.6239147
RD3	-0.583	0.6240966
APLN	-0.481	0.6241348
FERMT3	-0.441	0.6241907
VPS13A-AS1	0.652	0.6242422
GOLGA8N	-0.27	0.6243656
DCPS	0.442	0.6243974
CCDC68	-0.818	0.6244155
PIK3CD-AS1	0.274	0.6244371
GATA6-AS1	-0.394	0.624462
ZNF658	-0.337	0.6244774
FYCO1	-0.276	0.6244977
SLC45A1	0.252	0.6245054
LINC00347	0.266	0.6245166
ARNTL	0.311	0.624561
XRCC2	0.285	0.6247267
GEMIN4	0.261	0.6248161
CHRNG	-0.795	0.6248287
ISL1	-0.726	0.6252084
XKR7	0.394	0.6252093
TAS2R50	0.272	0.6252398
LOC101927402	-0.352	0.625265
LOC100422781	0.506	0.625274
TIMELESS	0.249	0.6252868
RHBDF2	-0.474	0.6253596
SVOP	-0.573	0.625425
CMTM1	-0.351	0.6255666
CHD7	-1.16	0.6255889
KCNIP4	1.06	0.6256152
VTI1B	-0.242	0.6256198
TUBB6	-0.603	0.6256588
PRR3	-0.4	0.6257507
GLO1	-0.245	0.6258134
CTB-113P19.1	0.908	0.625839
POU3F1	0.803	0.6259634
DRG2	-0.323	0.6260278
IFT172	-0.25	0.6260296
LOC101927490	-0.981	0.6260753
GGA3	-0.284	0.6261913
CSTF2T	-0.342	0.6261943
SLC13A4	-0.673	0.6262954
LAMA1	-0.403	0.6263122
LINC00437	0.851	0.6264316
LOC729506	0.601	0.626445
ANXA7	-0.271	0.6265397
TMEM120A	-0.247	0.6265726
TEX28	0.595	0.6266494
CPB1	-0.516	0.6266585
TGM5	-0.409	0.6266884
FGF14-IT1	0.971	0.6267821
POR	0.247	0.6268
KIF17	0.531	0.6268188
UBE2D2	-0.242	0.6271426
CSDE1	0.247	0.6271859
SYNGR4	-0.837	0.627363
UGT8	-0.339	0.6275701
ERMN	-0.316	0.6279864
LOC101929315	0.27	0.6280835
CALCOCO1	-0.242	0.6281203
CASS4	0.245	0.6281437
DARS-AS1	0.247	0.6281825
ZIC2	1.09	0.6283111
CCDC51	-0.244	0.628457
PPIB	-0.29	0.6287017
DNAJB11	-0.377	0.6287033
QRICH1	0.561	0.6287409
ETS2	-0.359	0.6287527
C1ORF174	0.26	0.6287895
ARFGAP1	0.24	0.6288739
PDE4B	0.301	0.6290244
BHLHA15	-0.853	0.6290661
ERI1	-0.265	0.6291276
CNTN3	-0.396	0.6291366
KIAA0930	-0.321	0.6291695
ECEL1	-0.269	0.6292619
LOC100506405	-0.431	0.6292699
ZNF625	0.539	0.6293292
CASKIN1	-0.46	0.6293295
GRM3	-0.36	0.6294788
HOXA4	0.869	0.6294986
LINC00479	0.241	0.6295544
VAMP2	-0.242	0.6295805
LARS	-0.282	0.6295987
RABEP2	-0.25	0.6296326
GPRC5C	-0.375	0.6297469
BCL2L12	0.466	0.6297558
MMP12	0.258	0.6298683
RPL32	0.242	0.6298856
THAP7	0.273	0.6299283
TELO2	0.262	0.6299319
OCA2	0.692	0.6301178
AUNIP	0.458	0.6301182
STARD8	-0.335	0.6302327
PSMC6	0.244	0.630258
MXI1	0.242	0.6302652
PTPRN	-0.304	0.6302759
METTL18	-0.247	0.630299
GSPT1	0.335	0.6303163
NSMCE2	0.265	0.6303613
EMG1	-0.351	0.6303635
ECRP	-0.276	0.6303798
NUS1P3	0.264	0.6304033
SPTY2D1-AS1	0.256	0.6305044
CRNDE	0.248	0.6305198
MYO3B	0.879	0.6305678
TCF4	0.373	0.6306679
HERC2	-0.25	0.630694
VN1R2	-0.659	0.6306964
OR8D1	0.391	0.6307037
CNTD2	0.849	0.6308111
SIMC1	0.289	0.6309347
PLCD3	0.244	0.6310568
LOC646736	-0.918	0.6311125
PPP6C	-0.262	0.631156
RAD51	0.911	0.6312035
ALDH18A1	-0.239	0.6312856
UBE2C	-0.279	0.6312872
CCDC70	0.528	0.6313547
SIGIRR	0.29	0.6314039
SRP9	-0.289	0.6314204
LMOD2	0.541	0.6315812
KRTAP19-3	0.301	0.6316345
ECI2	-0.268	0.6317091
LOC102723886	-0.318	0.6318516
NDUFA6	0.244	0.6318968
RPF2	-0.238	0.6319087
FBXL19-AS1	0.578	0.6319317
ZSCAN12P1	0.405	0.632288
LRRN4	-0.303	0.6323147
ENOX1	-0.264	0.632398
DDI1	-0.865	0.6323999
LOC202025	-0.372	0.6324255
JAM3	-0.377	0.6324542
HSPE1	0.304	0.632472
ARF1	-0.251	0.6325047
LINC01115	0.355	0.6325146
GPBP1L1	-0.398	0.6328736
PARP8	-0.312	0.6328914
TCTEX1D2	-0.241	0.6329155
LINC00652	0.523	0.6329163
SDF2	-0.268	0.6329356
LOC100505920	-0.346	0.6332499
ZNF280C	0.357	0.6332902
TBC1D4	0.313	0.633294
LINC01204	0.946	0.6333052
CD160	0.282	0.633321
CDC42BPA	-0.711	0.6333335
SLU7	0.264	0.6333412
LOC149373	0.239	0.6334082
TTC8	-0.243	0.6334393
PTGDS	0.274	0.6336963
HIF1A	0.29	0.6338535
ORC5	-0.285	0.6338767
CCDC63	0.723	0.6340271
TRIAP1	0.241	0.6340463
CTSD	-0.262	0.6340806
ABAT	-0.363	0.6340975
FAM218A	-0.305	0.6341433
MYF5	0.696	0.6342116
C17ORF75	-0.309	0.6343496
NRROS	-0.916	0.6343563
PHLDA3	0.307	0.6345227
C5ORF46	0.689	0.6346231
MPZ	-0.58	0.6346765
LOC105376081	0.387	0.6346916
RUNDC3A-AS1	0.392	0.6346943
DDO	-0.456	0.6348262
NXPE1	-0.235	0.6349268
THAP4	0.267	0.6350101
RPL7	-0.307	0.6350297
LINC00906	0.612	0.635071
ARFIP2	-0.239	0.635077
KRT77	0.787	0.6350922
PIH1D3	-0.333	0.6351417
SPAM1	0.444	0.6352227
C1QTNF3	-0.857	0.635246
TMEM132E	0.44	0.6352765
DNMT1	0.269	0.6353748
SERPINE1	0.469	0.6355102
LINC00909	-0.282	0.6355364
CCNYL2	-0.588	0.6355997
ZNHIT1	-0.244	0.6357912
KCNA7	0.568	0.6358584
MBD3	-0.652	0.6358989
CATIP-AS1	-1.1	0.6359445
GDPD3	-0.296	0.6361666
CLDN3	0.29	0.6362565
TSC1	-0.284	0.6363171
ZC3H12C	0.313	0.6363681
FAM19A1	-0.631	0.6364225
IFIT1	0.288	0.636495
POMGNT2	0.364	0.6365442
LINC01210	-0.793	0.6368171
STRN4	-0.246	0.6368584
NPM2	0.327	0.6368673
C1QTNF1	0.244	0.6369623
ANGPTL6	-0.731	0.6369929
ARHGAP20	-0.573	0.6370225
STEAP1B	-0.995	0.637036
HVCN1	-0.378	0.637042
LOC100130476	-0.696	0.6370613
LINC01105	0.373	0.6371666
NRSN2-AS1	0.405	0.6373169
OCR1	-0.543	0.6373278
PTPN7	0.32	0.6375976
ANGPTL2	0.288	0.6376594
LOC101928716	0.371	0.637691
VAT1L	0.502	0.6377183
NMRAL1P1	-0.293	0.6377349
CYB5A	1.17	0.6377991
COL16A1	0.234	0.6378114
RPE	-1.08	0.6378848
CACHD1	0.242	0.6379118
MYH10	-0.316	0.6379213
LINC00491	0.411	0.6380691
PCSK1N	0.295	0.6380831
APTR	-0.303	0.6380969
NFIA	0.301	0.6381636
PELI1	-0.409	0.6382369
SLIRP	-0.234	0.6382624
PHYHD1	0.258	0.6382824
SMARCC1	-0.268	0.6384284
TMEM11	0.296	0.6386484
ATP6V1G2	0.457	0.638678
PLSCR4	-0.324	0.6386806
ZNF101	0.235	0.6388596
KIF3B	-0.297	0.638878
CYSLTR2	-0.354	0.6389504
TMEM175	-0.471	0.6390087
LOC100507336	0.617	0.6390382
EGLN2	0.234	0.6391044
CD14	0.377	0.6391556
MAPKAPK2	-0.317	0.63921
SEP15	-0.242	0.6393346
OCIAD1	-0.232	0.639345
CARM1	-0.263	0.6393711
LPAR1	-0.267	0.6393776
GC	0.483	0.6393845
ABO	0.507	0.6394203
SH2B2	-0.278	0.6394731
HOXC10	-0.703	0.6395225
TNFRSF21	-0.411	0.6395368
EFHC1	-0.279	0.6396644
NABP2	0.236	0.6397209
STMN3	0.353	0.6397251
PLS1	0.479	0.63981
PRRT2	0.451	0.6399188
TMEM130	-0.289	0.6399268
AKR7A2	-0.253	0.6400187
ASB14	-0.278	0.6400425
KRTAP4-11	-0.868	0.6401249
FHL2	-0.285	0.6401752
PIN4	-0.231	0.6402152
NOSIP	0.231	0.6402179
NYNRIN	-0.842	0.6402768
PPL	1.15	0.6403238
ZNF18	-0.344	0.6403322
NUP133	-0.289	0.6403845
NPR3	-0.92	0.6405789
C1ORF64	0.255	0.6407222
GABRR2	-0.388	0.640827
MIR302B	-0.294	0.6408862
SLC2A6	0.282	0.6409302
LOC100506929	-0.246	0.6409939
TEX10	0.252	0.6409951
WRB	-0.257	0.6409973
NFKBIA	0.235	0.6410234
MMGT1	-0.249	0.6411357
CCDC92	0.249	0.6412531
EXTL2	0.294	0.6412898
SLC6A8	0.488	0.6413597
TSPAN9	-0.849	0.6415903
ZNF511	0.275	0.6415989
EFL1	-0.242	0.6416073
LINC01393	-1.07	0.6416092
LOC283585	-0.262	0.6417397
CTAGE11P	0.816	0.6418012
MCU	0.413	0.6418268
FAM217B	0.247	0.6418431
EIF3I	-0.292	0.6419198
RETSAT	-0.258	0.641956
UBA3	-0.244	0.6419613
RING1	0.234	0.642039
GABPB1	0.317	0.6420439
TBX19	0.462	0.6420523
APTX	-0.241	0.6420912
FBXL4	-0.236	0.6422057
LOC728084	0.366	0.6422754
DEPDC5	-0.232	0.6424041
DES	-0.239	0.6424779
LINC00702	-0.244	0.642577
SOCS2	0.279	0.6426075
FAM160B1	-0.518	0.6426332
CNPPD1	-0.267	0.6427005
ANKRD23	-0.348	0.6427784
KRT12	-0.477	0.6429424
RASSF2	-0.337	0.6429707
RNF38	-0.459	0.6429972
PLIN1	0.911	0.6430334
C12ORF29	0.287	0.6430338
CALB1	1.34	0.6430586
MX2	0.279	0.643101
PMEL	-0.471	0.6431338
PIK3R6	0.319	0.6431392
DLX6-AS1	-0.631	0.6431517
ASIC4	0.309	0.6432953
NFU1	-0.233	0.6432964
PROX1-AS1	-0.386	0.6432991
PF4V1	-1.35	0.6434716
FCGR2A	-0.812	0.6434938
LOC101929897	0.247	0.6435573
LOC101928806	-0.589	0.6436808
THCAT158	0.645	0.6438531
TRAPPC5	-0.245	0.6439933
TMEM109	0.229	0.6440252
TMEM220	-0.367	0.6440719
SASH1	-0.242	0.6440792
ABI1	0.236	0.6440973
FRMPD1	0.302	0.6441735
LSM7	0.233	0.6441846
LOC101928306	-0.51	0.6442288
AGMAT	0.787	0.6443004
MXRA7	-0.28	0.6443567
PRO0471	-0.588	0.6444191
BTBD3	-0.255	0.6444209
OR2S2	-0.72	0.6444263
ZAP70	-0.736	0.6445169
SLC22A18	-0.726	0.6445811
KLHDC8A	0.445	0.6446489
ATAD1	0.244	0.6446628
OTUD4	-0.278	0.6446651
INTS8	0.246	0.6447287
DNM1P46	-1.09	0.6447727
ALCAM	0.362	0.6447735
ARHGEF26	-0.261	0.6448053
RNF7	0.283	0.6449328
A2M-AS1	-0.241	0.6450133
LOC101928521	-0.584	0.6451814
ZNF34	0.242	0.6452562
NEK7	-0.229	0.6452966
VPS29	-0.265	0.645446
CCDC127	-0.255	0.6454555
LIN52	-0.237	0.6454587
CEP85	0.245	0.6455264
CCDC66	-0.242	0.6456191
SGK223	0.608	0.6456347
PHF21B	0.308	0.6456501
DNTTIP1	0.231	0.6457783
MAGEC3	-0.642	0.6458505
CBLN2	-0.433	0.6459545
KIAA0226L	-0.286	0.646084
ABHD6	-0.236	0.6461647
POLN	0.228	0.646396
KLHL32	0.318	0.6465323
IRGC	-0.591	0.6465546
LOC100128993	0.485	0.6465648
GCN1	0.263	0.6466949
TNFRSF18	0.306	0.6468678
SDR39U1	0.246	0.6470401
LOC101927420	0.272	0.6470468
EFNA3	0.505	0.6470755
EPB41L3	-0.268	0.6471188
ABCF3	-0.237	0.6471548
ZBED8	-0.313	0.6471846
KDM5B	0.321	0.6472667
PORCN	0.243	0.6472995
CSAD	-0.352	0.6473102
ZSCAN31	0.555	0.6474202
TXLNG	0.316	0.6474956
ABCE1	0.317	0.6475565
SLC16A2	-0.23	0.6476835
TENM4	-0.348	0.6478706
BEST2	-0.891	0.6478816
GNL2	0.261	0.6478927
EEFSEC	0.226	0.6479338
GML	-0.245	0.6479853
NEIL3	0.318	0.6480162
RPN2	-0.235	0.6481199
CEP19	-0.79	0.6481392
FBXW4P1	0.279	0.6482849
PRKY	0.261	0.6483338
HNRNPUL1	-0.259	0.6483795
LOC102724275	0.409	0.6484698
SLC7A5	-0.312	0.6484808
CLUL1	-0.28	0.6486733
TAB2	0.258	0.6487055
ANKRD50	-0.242	0.6489065
LOC100128922	-0.261	0.6489249
MEIS2	0.275	0.6490571
FBXO31	-0.494	0.6490727
XKR8	0.229	0.6490962
NPBWR1	0.433	0.6491076
LOC100270804	-0.234	0.6492671
ZNF157	0.683	0.6492793
CDK5R2	0.437	0.6492951
STARD5	-0.881	0.6493067
NEK10	0.534	0.6494794
RNF11	0.224	0.6496628
RPL10A	-0.225	0.6497069
IFFO2	0.269	0.6497497
POC5	-0.315	0.6498051
RTN4RL2	-0.231	0.649819
PRSS36	1.05	0.6499076
TCEAL3	0.226	0.6499763
NUCB2	0.233	0.6499948
LOC100996760	-0.681	0.6500198
LOC101928663	-0.952	0.6500217
REC114	-0.586	0.6500518
LOC100288570	-0.748	0.650091
HSD11B1	0.386	0.6501223
RNPEP	0.259	0.6501728
DHRS7B	-0.255	0.6502256
RRN3P2	-0.352	0.6502264
CXORF40A	0.231	0.6502364
CDK5RAP1	-0.227	0.6503117
GUCY1B2	0.285	0.6503677
CCR8	-0.633	0.6505553
AIM1	-0.282	0.6506771
LOC101927086	-0.256	0.6506887
SF3B6	-0.241	0.6507438
EDIL3	-0.3	0.6509452
UMOD	-0.5	0.651015
VPREB3	-0.83	0.6511146
AUP1	0.243	0.6512089
LRRC47	0.236	0.6512164
LOXL1-AS1	-0.231	0.6512343
NLRP10	0.253	0.6512398
SGCE	-0.267	0.6513384
TMEM150B	0.81	0.6513584
LOC100506885	0.297	0.6514355
BOLA1	-0.259	0.6514457
SERP1	0.275	0.6515023
LOC101928326	-0.869	0.6515671
LOC101927865	-0.49	0.6517295
NUDT11	0.293	0.6517531
CAPG	-0.388	0.6518465
SPINK5	-0.362	0.6518639
NME4	-0.233	0.6519057
CHIT1	-0.575	0.6519116
NT5C3B	0.276	0.6519189
LRRC4C	0.227	0.652089
HIST3H2A	0.717	0.6521754
TOP2B	-0.256	0.6521968
SLC25A41	0.256	0.6522315
PTOV1-AS1	0.236	0.652277
EMC7	-0.238	0.652353
GZMK	0.532	0.6525188
LCA5L	-0.317	0.6525244
TERF1	-0.224	0.6525411
CGREF1	-0.701	0.6525863
BAALC	-0.252	0.6526931
MVP	-0.376	0.6527969
SLC12A7	-0.249	0.652802
CCDC154	0.402	0.6528197
IFT46	-0.227	0.6528824
SEMA3A	-0.836	0.6529921
MBIP	0.252	0.653001
LOC101927482	0.593	0.653155
HFE2	0.589	0.6532535
ADCY10P1	-0.239	0.6535082
NSUN5	-0.277	0.6536417
HGS	-0.269	0.6536421
AMELX	-0.229	0.6536799
EPN2-AS1	-0.496	0.653776
NOL11	0.266	0.6538555
STAG1	0.756	0.6538955
ZFYVE19	-0.258	0.6539665
EMC8	-0.274	0.6540032
FAM3A	-0.28	0.6540044
HDX	0.249	0.654267
PRR35	0.975	0.6543253
SELT	-0.227	0.654357
NDN	-0.256	0.6543638
RHOG	-0.332	0.6544343
CHRNA1	0.485	0.654442
GRPR	-0.378	0.6544586
PFN4	-0.344	0.6544601
SCFD1	-1.09	0.6544749
APLP2	0.277	0.6545099
LCN12	-0.266	0.6545906
LOC100505711	0.51	0.6545945
LINC00996	-0.705	0.6547136
SLAMF6	0.234	0.6547577
ARRDC3-AS1	-0.916	0.654768
TXNDC16	-0.223	0.654819
CCT2	0.33	0.6549078
CATSPERD	-0.538	0.6549118
PLXDC1	0.274	0.6549495
KDM3B	-0.229	0.6550006
KCNMB2-AS1	-0.45	0.6550516
SLC5A10	0.411	0.6550726
LAMTOR5	-0.24	0.655259
LOC101927770	-0.78	0.6552841
RIBC2	-0.332	0.6552878
TLL1	0.336	0.6553209
CCR1	-0.335	0.6554005
SELL	-0.376	0.6557231
SKIV2L	-0.225	0.6557691
FLJ16779	0.647	0.6557835
PTGFR	-0.627	0.6558463
LOC101929949	-0.281	0.655908
NOTCH2NL	-0.232	0.655933
FABP2	0.237	0.6559562
TGFBR3	-0.221	0.6560195
PSRC1	-0.419	0.6560727
PIGZ	-0.225	0.6560934
RFESD	0.243	0.6561275
HINT1	0.261	0.6561308
XXYLT1	0.27	0.6561894
IRF6	-0.757	0.6562337
DDX25	0.246	0.6562877
MAP7D1	-0.288	0.6564946
DNAAF2	0.322	0.6565074
GUCY1A3	0.284	0.6565541
CSF3R	0.343	0.6568027
TCEAL9	0.245	0.6568558
RPS6KA5	-0.267	0.6569002
LRP1B	-0.312	0.65695
SLC51A	0.793	0.6570608
MRPS7	-0.222	0.6571144
PHF5A	-0.226	0.6571679
POLR2C	-0.232	0.6572074
B4GALT6	0.503	0.6572766
EVL	-0.235	0.6572802
ITIH3	-0.313	0.6574554
ACSS3	-0.407	0.6575551
COMMD5	-0.336	0.6575627
TIGD6	-0.354	0.6575782
CRISPLD1	0.53	0.657834
MTFR1L	-0.229	0.6578615
IL13RA2	-0.842	0.657868
COG3	0.297	0.6579887
WWC3	-0.218	0.6580936
STOX1	0.333	0.6581308
PATE2	-0.607	0.6581446
BACH1	0.422	0.6582068
PMM2	0.673	0.6582191
DNASE2B	-0.312	0.6582562
RPL6	-0.221	0.6585489
MAP2	-0.359	0.6586012
LOC101929872	-0.506	0.6586078
PROSER3	0.336	0.6586862
STIL	-0.3	0.6587092
NRXN3	-0.692	0.6589231
ASNA1	-0.235	0.6589843
BOLA2	0.27	0.6590277
TNFRSF8	0.232	0.6592145
C9ORF84	-0.257	0.6592746
SFT2D1	-0.253	0.6593113
STIM2	0.239	0.6595398
FEN1	-0.274	0.6595538
TMEM256	-0.349	0.659676
ARL2BP	-0.23	0.6596831
VSIG1	0.285	0.6597235
C9ORF142	0.228	0.6597532
LOC102723721	0.391	0.6598431
TPM4	0.31	0.6599405
LINC01563	0.231	0.6599685
WWP1	-0.217	0.6601553
MAN1B1	-0.226	0.6601616
DUSP1	-0.239	0.6601805
TMEM258	-0.26	0.6602496
COPS3	0.228	0.660446
ZNF221	-0.596	0.6605493
PTPRM	0.249	0.6606431
SWT1	-0.315	0.6606493
CCDC160	-0.291	0.6607194
LOC107161159	0.763	0.660731
OLR1	-0.466	0.6607892
SDR9C7	-0.339	0.6609714
ST3GAL4-AS1	0.24	0.660987
LOC101929550	0.613	0.661083
HSF1	-0.298	0.6611803
HINFP	0.219	0.6612275
PLCD1	-0.279	0.6612549
TUBGCP2	0.35	0.6613756
SLC4A5	0.273	0.6613845
TTR	-0.555	0.6615943
RNF2	-0.237	0.6615975
KLHL42	-0.362	0.6616066
FBXW8	-0.382	0.6616069
RANBP3	0.263	0.6616203
GNAI3	0.236	0.6616619
RUNDC3B	-0.344	0.6616761
MIR646HG	-0.378	0.6616765
BIN1	-0.314	0.6616969
LOC102724975	0.444	0.6617862
NES	-0.776	0.6618609
GSDMD	-0.296	0.6619069
C17ORF62	-0.266	0.6620477
MINOS1	0.436	0.662088
RAP2C-AS1	-0.826	0.6621495
SLC4A3	0.425	0.6621817
LOC93622	-0.235	0.6622647
DMXL2	-0.231	0.6623644
NUP85	0.227	0.6624111
SPARC	0.221	0.662422
SSUH2	-0.753	0.6624439
TMTC3	0.28	0.6624955
DENND5A	-0.271	0.6626483
HAUS3	-0.313	0.6629686
C19ORF68	0.393	0.6629736
MT2A	0.28	0.6629869
SCN2A	0.763	0.6630117
COLQ	0.217	0.6630352
COX4I2	-0.73	0.6631551
ACTL10	-0.327	0.6632067
POM121C	-0.218	0.663251
TLR1	-0.241	0.6632829
ATP6V0D1	-0.236	0.6633463
ZNF600	0.399	0.6633771
TMEM221	0.311	0.6634539
USP11	-0.214	0.6636315
EPC2	0.222	0.6636376
RCN1	0.24	0.6636415
ICAM1	-0.326	0.6636425
UNC13B	0.235	0.6637614
CTBS	-0.369	0.6638704
ZNF30	0.292	0.6639324
ACADSB	-0.453	0.6640282
TNK2	-0.22	0.6640501
APOF	-1.03	0.6640625
LOC285696	-0.638	0.6640892
NCAPG2	-0.374	0.6641251
FGL2	-0.387	0.6641627
S100P	0.288	0.6641699
MLYCD	-0.408	0.6641825
RFPL1S	0.312	0.6644097
PPCS	-0.326	0.6644099
KRT32	0.564	0.664482
EME1	0.353	0.6646104
SLC9A3	0.36	0.6646447
PLCD4	0.228	0.6646944
ZIM3	-0.654	0.6647662
GNB1	-0.226	0.664792
PSORS1C3	-0.897	0.6648324
CELSR3	0.382	0.6648643
RFT1	-0.295	0.6649177
RCVRN	0.648	0.6649539
LOC100996549	0.613	0.6649885
NAV2-AS5	0.304	0.6651176
ZNF682	0.261	0.6651316
MTOR	-0.231	0.6651629
DCTN2	-0.22	0.6651663
LDHB	0.244	0.665168
LINC00659	0.614	0.6651814
LGALSL	0.311	0.6652206
STIM1	-0.242	0.6654029
CYP4F11	-0.421	0.6654434
PTGR2	-0.297	0.665575
LINC01153	-0.813	0.6656132
HIGD1B	-0.264	0.6656653
CTSH	0.225	0.6658121
MYH13	-0.587	0.6658368
TGFBR1	-0.95	0.6659168
PLCB4	0.593	0.6659176
SORD	0.283	0.6659475
LOC101929002	-0.282	0.665974
RIPK2	0.266	0.6659842
LOC100996404	-0.384	0.6659868
DMRTA2	-0.272	0.6661063
PDE2A	0.272	0.6661783
C8ORF33	-0.259	0.6661859
TTTY5	0.306	0.6662082
ZNF616	0.394	0.6662216
MRPS23	-0.291	0.6663978
CXORF58	0.592	0.6664178
APLP1	-0.378	0.6664403
MPPE1	-0.275	0.6666309
LRRC58	-0.237	0.6666763
ARHGAP39	0.241	0.6668419
LOC100128644	0.546	0.6669098
AMD1	-0.251	0.6670346
MCM10	-0.261	0.6671023
BTBD2	-0.234	0.6672004
LOC101929454	0.339	0.6673311
ACAD9	-0.516	0.667348
BTNL2	0.256	0.6673538
USP38	0.236	0.6673678
SCAPER	-0.264	0.6674566
BRWD3	-0.338	0.6675243
ADNP2	-0.22	0.6675368
UNG	-0.307	0.6675455
POLD1	0.246	0.6676485
MSANTD2	-0.235	0.6676669
AP5S1	-0.318	0.6678141
FAM129A	-0.688	0.6678297
MRRF	-0.271	0.6679485
LINC00029	-0.666	0.6679741
C8ORF22	-1.04	0.6680104
PPFIA1	-0.255	0.6680233
WFIKKN1	-0.677	0.668082
ZNF383	0.213	0.6680925
PSMD5	0.313	0.6681701
GANAB	-0.226	0.6681864
LOC105375677	0.265	0.6683147
NEXN-AS1	0.926	0.6683599
TNFRSF1B	-0.462	0.6683983
BCLAF1	0.377	0.6684377
KIAA1161	0.624	0.6684712
TRMT10C	0.245	0.6684784
RND2	-0.295	0.6684876
AVEN	-0.231	0.6684905
KIAA1107	0.348	0.6686406
YTHDF2	-0.252	0.6686574
RBM6	0.251	0.6686921
FRMPD3	0.273	0.6687618
WNT1	-0.748	0.6688496
SPEF1	-0.242	0.6688626
LOC400043	0.365	0.6688932
EGFL7	-0.291	0.6690169
LILRA6	-0.224	0.6690226
RRN3P3	0.413	0.6690789
FRMD6	0.627	0.6692311
CYP1A1	0.503	0.6692997
KIAA1024	0.813	0.6693047
TMEM39B	0.229	0.6694949
TMEM252	0.229	0.6695439
TARDBP	0.309	0.6695778
BROX	-0.217	0.6695871
KPNA2	0.226	0.6697457
GLTSCR1L	0.286	0.6698865
SERTM1	0.279	0.6699203
RBPJ	0.216	0.6699656
LPCAT1	0.322	0.6700702
TESK2	0.24	0.6701236
LOC441179	-0.409	0.6702074
POLL	-0.267	0.6702594
SPG21	0.211	0.67038
FAM118B	-0.583	0.6704501
TRMT11	0.231	0.6704851
NCAPH	-0.292	0.6705089
IL18R1	-0.419	0.6705802
PKIA	0.531	0.670621
SLC5A4	0.379	0.6707448
EXOC6B	-0.227	0.6707729
MEF2C	-0.72	0.6708177
ABCD1	-0.253	0.6711034
PABPC5	-0.429	0.6712438
RTP5	0.391	0.671304
CNKSR1	0.233	0.6713045
LOC285957	-0.463	0.6713143
ARPC3	-0.321	0.6713204
PEPD	0.235	0.6713413
BMP2	0.323	0.6713902
RBMX2	0.21	0.6714131
IL1RAPL2	-0.672	0.6714305
IFNGR2	0.238	0.6714856
CT83	-0.671	0.6715415
AKTIP	0.219	0.6717449
THAP9-AS1	-0.274	0.6717481
PAGE4	-0.234	0.6718065
PPBPP2	-0.395	0.6718511
SMIM17	0.357	0.6722696
MAN2B1	-0.31	0.672272
KCNC2	-0.311	0.6724355
AMER1	-0.825	0.6725141
ZNF610	-0.269	0.6725421
CPEB3	-0.276	0.6725523
HOXD4	-0.714	0.6726089
TGM7	-0.233	0.6727239
SPRYD7	0.227	0.6729567
MARCKSL1	-0.382	0.6730851
C6ORF141	0.417	0.6731061
ALG2	0.22	0.6731147
SIAH3	-0.979	0.6731858
LOC646014	-0.23	0.6732403
PCNA	-0.211	0.6732677
RPGRIP1	0.268	0.6733684
ODF2	-0.799	0.6733865
CDK12	-0.607	0.6734091
CIB1	-0.319	0.6735053
FTL	-0.232	0.6736234
FBXO46	-0.32	0.6736238
FAM170B	0.245	0.6736372
CEBPE	-0.223	0.6737139
RTP1	0.641	0.673719
BPIFA3	-0.514	0.6738558
AKAP11	-0.214	0.6738673
DLK2	-0.439	0.6738766
HPD	0.411	0.6739206
FCGR1B	-0.334	0.6739951
GLOD4	-0.225	0.6740791
SLC25A32	-0.234	0.6740794
APOPT1	-0.236	0.6741484
EBAG9	0.222	0.6741557
ZNF486	0.236	0.6742222
SLURP1	-0.441	0.6743015
RPS28	0.311	0.6744931
ARF3	0.214	0.6745895
SMLR1	-0.779	0.6747257
PRRC1	-0.236	0.6748141
FAM58A	0.224	0.6748165
HDAC5	0.294	0.6748673
PPP4R3CP	1.06	0.6749133
RAD9B	-0.456	0.6750409
MASTL	-0.343	0.6750621
STARD3NL	0.207	0.6750796
INPP5A	0.44	0.675115
KCNMB4	0.37	0.6751166
PPIA	0.22	0.6751241
LOC100130285	0.225	0.6751539
LOC729815	-0.251	0.675255
PLSCR1	0.756	0.675326
SHISA6	-0.293	0.6753407
PHF6	-0.272	0.6754484
PLCG1-AS1	-0.208	0.6755922
TMEM56	0.46	0.6756129
LOC101927958	0.679	0.6756542
LOC102723809	0.614	0.6756903
C1ORF122	-0.251	0.6757239
OR2H4P	0.264	0.6757525
URM1	0.253	0.6757735
TP53TG3HP	0.285	0.6758333
ILF3	0.218	0.6759054
TYRO3	0.247	0.6759354
ATP6V0C	0.206	0.6760774
ANKS1A	-0.242	0.6761013
LINC00504	0.23	0.6762027
IL22RA2	-0.671	0.6766019
EEA1	-0.215	0.6766994
USF1	0.276	0.6767263
LINC01527	0.363	0.676752
GOPC	-0.216	0.6767693
GMEB2	0.227	0.676792
CTB-49A3.2	-0.273	0.6768164
PEG3-AS1	0.239	0.6768321
TNAP	0.621	0.6768502
MDGA2	-0.332	0.6770267
LOC284825	-0.495	0.6770769
RANBP3L	-0.403	0.6771035
ABCC6P1	0.554	0.6771061
ARR3	0.452	0.6771084
MTX3	0.211	0.6771401
PRDX6	-0.25	0.6771465
DBI	0.233	0.6771887
HMGCL	-0.249	0.6771996
FUCA2	-0.226	0.6772911
GAPDH	0.213	0.6773191
LOC100505501	-0.236	0.6775299
CLPX	0.206	0.6775328
CFAP36	0.233	0.6775947
LOC105378568	-0.219	0.6776097
MGRN1	-0.215	0.6776345
FGF7P3	-0.358	0.6776854
FKSG49	0.228	0.6777596
LRRC56	-0.617	0.6777748
SIRT2	-0.28	0.6779994
LOC105378052	-0.564	0.6780009
OSBPL5	0.313	0.6780538
PPP2R3C	0.245	0.6780573
DACT3-AS1	0.288	0.6782155
LINC01103	0.663	0.678265
SLC2A9	0.523	0.6783322
ASF1A	0.225	0.6783405
NSDHL	-0.33	0.6783884
FKBP11	-0.799	0.6784256
LOC101928323	-0.294	0.6785598
LRRC39	0.28	0.6785615
MTCL1	0.78	0.6785665
LOC101927339	-0.512	0.6787907
CUTA	0.21	0.6788194
CHST14	-0.377	0.6789291
RPL36AL	0.212	0.6790686
ZNF165	0.934	0.6790716
TMEM268	0.3	0.6791636
JARID2-AS1	0.307	0.67921
ND2	0.204	0.6793819
BET1	-0.245	0.6795482
CHMP2A	-0.217	0.6797246
EPHA2	-0.58	0.6797684
RPS11	0.485	0.6799917
ALLC	-0.57	0.679997
PPFIBP2	0.205	0.6800702
CKAP2L	0.575	0.6801575
ZNF318	0.311	0.6806206
ACIN1	-0.205	0.6806555
RNF114	0.214	0.6806711
KLHDC2	0.251	0.6807021
CCDC151	0.236	0.6808173
LYSMD3	0.298	0.6809942
HSDL1	0.305	0.681065
CDHR2	-0.278	0.6811841
METTL8	-0.207	0.6811939
KDF1	0.25	0.6811997
CCDC54	-0.697	0.6812166
ITLN1	0.302	0.681451
CIDECP	-0.23	0.6814718
ANKRD49	0.229	0.6816545
RTN2	-0.642	0.6816975
TACR3	0.586	0.6817326
WIF1	0.34	0.6818174
SLC18A3	0.247	0.6819476
STK32C	0.424	0.6819831
CASC1	-0.367	0.6820082
VARS	0.423	0.6820597
SLC2A1-AS1	-0.263	0.6821106
OSTF1	-0.226	0.6821402
CD226	-0.448	0.6821481
LOC100289495	-0.578	0.6821518
EIF4G1	0.221	0.682164
TMEM254	0.215	0.6822543
DYRK4	-0.206	0.6822549
CFAP20	-0.215	0.6823037
SPOPL	-0.205	0.6823766
TSPAN11	-0.51	0.6823966
LOC102724782	-0.47	0.6824007
PARS2	-0.334	0.6824125
SOST	0.755	0.6824321
SMARCA5	-0.238	0.6824734
WASIR2	0.791	0.6825718
ARHGAP9	0.257	0.6826365
FOXH1	-0.568	0.6826853
ZNRF3	0.24	0.6826903
PRDM7	-0.303	0.6827753
COQ5	-0.223	0.6827982
GALR1	0.422	0.6828756
AMOT	-0.878	0.683072
FASTKD1	0.237	0.6830742
AGO2	0.206	0.6831102
MBLAC2	0.234	0.6831541
SSPO	0.535	0.6832794
ZFAND3	-0.21	0.6833094
PIP5KL1	-0.345	0.6833789
LOC100506331	0.661	0.6833966
LOC389895	0.909	0.6834453
SPRNP1	0.272	0.6834463
LEPROTL1	-0.209	0.683495
SDE2	0.218	0.6835414
DANT2	0.755	0.6835553
TTPAL	-1.03	0.6836062
ZNF345	0.289	0.6836547
RPL23AP53	-0.482	0.683679
WDR11	-0.203	0.6837446
ADH1A	0.201	0.6840546
WDR82	-0.228	0.6841488
LOC101929441	0.255	0.6842023
NAP1L3	0.34	0.6842556
WFS1	0.26	0.6842799
TMEM86B	-0.221	0.6844072
MEX3A	0.501	0.6845123
SCML2	0.245	0.6845865
SEC24B	-0.218	0.6845869
LSMEM2	0.223	0.6846008
RPL39	-0.216	0.6846467
MAP7	-0.277	0.6846793
ABCB10	0.214	0.6848147
LOC101929406	0.677	0.6849672
LOC101928424	-0.289	0.6850231
CREBL2	0.323	0.6850856
APOBEC3C	-0.222	0.6851655
CORO1C	-0.226	0.6852524
TMX2	-0.236	0.685259
RMND5B	0.208	0.68527
KRTAP3-2	-0.375	0.6852897
IL22RA1	0.31	0.6853559
ZDHHC17	0.31	0.6854078
HINT2	-0.22	0.6854247
MPP2	-0.215	0.6854301
POU3F2	-0.229	0.6854684
APH1B	-0.352	0.6854881
LOC101927766	0.46	0.685521
YKT6	0.217	0.6856262
NGF	-0.395	0.6856979
CHRND	0.676	0.6857148
SPATA2L	0.307	0.6858245
ZNF259P1	-0.768	0.6858433
DEFB121	-0.438	0.6858604
GPR150	-0.642	0.6858915
ADNP	0.272	0.685978
TMEM200B	0.552	0.6859902
LOC101929465	-0.643	0.6859931
LOC100132356	0.263	0.6860682
SPRED3	0.289	0.6860737
C19ORF44	-0.203	0.6861101
OXA1L	-0.309	0.6861521
CPS1-IT1	0.233	0.6862743
PROKR2	-0.401	0.6864313
SUSD6	0.217	0.6865246
SPOCD1	1.13	0.6866131
PRMT5	0.204	0.6867427
LOC101929188	-0.314	0.6867741
ADAM18	-0.645	0.6868289
PCDHA2	0.239	0.6869813
LCAT	-0.754	0.6870963
RPL38	0.329	0.6871386
LINC01254	0.713	0.6872956
SOAT1	0.228	0.6873664
CTBP1-AS2	-0.311	0.6873963
CA4	-1.09	0.6874055
TVP23B	0.213	0.6875221
MACROD1	0.224	0.6875368
HYAL2	-0.206	0.6875905
BAHD1	-0.233	0.6876289
COA5	0.208	0.6876525
TMEM91	0.247	0.6876672
KBTBD12	0.427	0.6877052
PREX1	0.223	0.6878051
DQX1	0.674	0.6878773
HELZ	-0.259	0.6880683
EIF3L	-0.237	0.6882484
LINC00954	-0.789	0.6883025
LOC100507494	-0.563	0.6883344
SLC38A9	0.201	0.6884385
GNE	0.207	0.6884705
LHX1	0.483	0.6885612
HAUS8	0.41	0.6885628
E2F6	-0.216	0.6885743
KRTAP4-8	0.315	0.6885857
LRRC49	0.254	0.68868
LINC00417	-0.41	0.6887395
DNAJB6	0.214	0.6888284
SLC22A25	0.274	0.6890066
HSCB	0.274	0.6890199
KRT36	-0.295	0.6890397
PPP1R13B	0.217	0.6890506
LCN2	-0.661	0.6890778
POLA1	0.249	0.6890894
VOPP1	0.204	0.6891172
PUS7	0.28	0.6891461
BCAP31	-0.21	0.6892718
RAB28	-0.254	0.6893478
LGALS12	0.263	0.6893635
OSGEPL1	0.208	0.6894509
MPPED2	0.271	0.6895401
SLC7A9	0.204	0.6895549
LOC554174	-0.52	0.6896308
ZBTB22	-0.326	0.6898982
LOC101928205	-0.632	0.6899957
LINC01359	0.238	0.6901304
PRRC2A	-0.274	0.6901929
TNPO3	-0.206	0.6902105
CCDC58	0.197	0.6902262
LOC100507389	-1.07	0.6903127
TOMM70	0.249	0.6904459
LOC101928893	-0.6	0.6905267
PRUNE2	0.276	0.690575
UBAP2	0.226	0.6909143
TTI1	-0.225	0.6909619
MMP13	-0.244	0.6914054
ATXN7L3	0.213	0.6914162
ZCRB1	-0.212	0.6914224
CAPN2	0.212	0.6916358
LOC400692	-0.864	0.6917273
DCAF11	-0.206	0.6917496
TACC3	-0.834	0.6917638
DSG2	0.483	0.6917715
DHX40	0.219	0.6917812
KIF9-AS1	-0.433	0.6918071
NASP	-0.253	0.692072
ZFP62	-0.2	0.6920858
ESPL1	-0.331	0.6923486
ZNF418	0.31	0.6923943
DIABLO	0.207	0.6924073
LY86	-0.314	0.6924358
ATXN7L1	-0.306	0.6926336
GNG5	-0.236	0.6926546
CRISP2	0.359	0.6927202
ZSWIM8	0.337	0.6928329
LINC01093	-0.827	0.6930829
TTC29	-0.727	0.6930878
KIR2DL5A	0.483	0.6932327
CATR1	0.221	0.6932615
LINC00973	-0.912	0.6933815
MOCS3	-0.478	0.6933833
BIRC7	0.295	0.6934234
S100A7A	-0.269	0.6935119
EI24	-0.203	0.6937675
SMG8	0.21	0.6938084
RNF148	0.269	0.6938633
CYSRT1	-0.739	0.6938755
ERC2	0.236	0.6939047
DMAP1	-0.254	0.6940049
GOLGA8A	0.444	0.6940116
PCOLCE-AS1	0.201	0.6940499
LINC01530	0.434	0.6941107
POLR2H	0.217	0.6941179
SHCBP1	-0.323	0.6941351
GOLGA5	-0.236	0.6942135
FER1L6-AS1	-0.35	0.6942465
CAPN1	0.264	0.6943488
TMEM9	-0.195	0.6944865
PFDN5	0.194	0.6946127
TBPL1	0.195	0.6946341
DLL1	0.301	0.6947158
RNF175	0.273	0.6948002
LINC00901	0.295	0.6948181
PEAR1	-0.251	0.6948854
ZNF879	0.222	0.6949453
TM4SF5	0.366	0.6951079
TMEM267	-0.225	0.6951093
PTRHD1	0.192	0.6951672
CHPT1	0.316	0.6952572
LOC101928173	0.784	0.6952787
GCC2	-0.512	0.6953118
C14ORF93	0.203	0.695392
TMEM167B	-0.237	0.6954391
PERM1	-0.237	0.6954598
ARF4	-0.221	0.6959717
NDUFV2	0.195	0.6960179
MAST1	-0.681	0.6960298
LINC01355	-0.208	0.6961925
PEX11B	0.204	0.6962246
POGZ	0.226	0.6963199
BRSK2	0.368	0.6963226
AGPAT2	0.206	0.6963267
OR7E12P	0.319	0.6964307
CRBN	-0.193	0.6964431
LOC101928551	-0.494	0.6965194
ORC4	0.213	0.6965286
FADS3	0.266	0.6965876
LRP10	-0.245	0.6967751
IDI2-AS1	0.196	0.6967959
SHC1P1	-0.583	0.6968166
SGK1	-0.306	0.6968206
IMMP2L	-0.326	0.6968696
C17ORF97	0.26	0.6968985
C12ORF80	-0.567	0.6970337
LOC101928617	0.251	0.6970766
CD1A	-0.473	0.6970871
SLC25A17	-0.244	0.6972458
RAB13	-0.259	0.6974219
DTX2P1-UPK3BP1-PMS2P11	-0.208	0.6974523
BTAF1	0.193	0.6974572
RPS23	-0.364	0.6976829
LINC00466	-0.834	0.6979186
PIR	-0.346	0.6979521
APBA2	0.327	0.6979957
LINC00572	0.242	0.6981
JTB	0.195	0.6981222
CRCP	0.244	0.6982274
ABL1	-0.206	0.6983743
LEMD2	-0.202	0.6985161
COX10-AS1	0.207	0.6986779
LOC101927254	0.412	0.6987544
SLC17A8	0.524	0.6987799
GLDN	-0.343	0.6987842
GOT2	-0.212	0.6988707
RNASEH1	0.238	0.6990076
CEP162	-0.246	0.6990112
HCCAT5	-0.548	0.6990302
SDC1	-0.261	0.6990348
GIN1	0.2	0.6990886
EIF3J	0.217	0.6991052
FRRS1	0.661	0.6991203
SEC61A1	0.245	0.6991666
CCDC140	-0.729	0.6991819
GGPS1	0.196	0.6992803
DND1	0.245	0.6993614
SCARNA15	0.242	0.6994887
EDEM1	-0.199	0.6995144
IL10RA	-0.362	0.699615
ITGB5	-0.209	0.6997109
SLBP	0.205	0.6997376
IL12RB2	-0.298	0.6997581
BAP1	0.196	0.6998982
SMO	-0.408	0.6999479
RAB40AL	-0.252	0.6999655
TAF13	0.224	0.6999917
SLC39A13	-0.199	0.7000885
MED10	-0.216	0.7001505
KRTAP4-7	-0.745	0.7002494
LOC219688	0.321	0.7003282
ASB12	0.292	0.7003797
NFAM1	-0.471	0.7004335
PEX10	-0.215	0.7004384
SUCO	-0.201	0.7007052
ZNF574	0.302	0.700762
C2CD4C	-0.678	0.700939
SEC23B	0.236	0.7009697
SMCP	-0.219	0.7010186
DYNLL2	-0.211	0.7010717
C19ORF25	-0.271	0.701297
GRID2	0.257	0.7013402
ZBTB34	0.197	0.7016384
MAPRE1	-0.229	0.7016516
FAM49A	0.198	0.7017419
FAM57A	0.25	0.701817
ZNF778	-0.305	0.7018332
SEPT7P9	0.202	0.7018372
SLC35B4	-0.202	0.7018577
MFF	0.196	0.7019023
ZFAND1	0.216	0.7019279
PTK2B	-0.236	0.701993
OR52A1	0.417	0.7021079
NAG18	-0.595	0.702345
C2ORF42	-0.19	0.7023721
DDB2	0.477	0.7023929
MRPL10	0.19	0.7024947
CRTC2	0.226	0.7024998
COX7A2	0.196	0.7025096
LDLRAP1	-0.222	0.702519
PHGR1	-0.497	0.702537
ZNF37BP	0.197	0.7025894
VCP	0.192	0.7025997
TMEM45A	-0.234	0.7026455
LOC101928100	0.218	0.7027849
SNRNP200	-0.248	0.702804
LACTB2	-0.33	0.7029548
SEPP1	0.26	0.7029556
HADHB	-0.239	0.7029611
LOC101927362	0.231	0.7029845
PHTF1	0.24	0.7030442
C16ORF86	-0.362	0.7030535
PLA2G2A	0.671	0.7031257
STK24-AS1	-0.607	0.7031712
ENPP7	-0.736	0.7032146
FICD	0.198	0.7032264
PPP1R13L	-0.192	0.7033257
FDPS	0.216	0.7034786
DEGS1	-0.243	0.7035892
PPP1R1B	0.297	0.7037622
RBBP8	-0.198	0.7037906
C2ORF15	-0.804	0.7038258
LINC01019	-0.727	0.7038558
MMD	0.215	0.703996
WDR93	-0.352	0.7040318
DLG3-AS1	0.259	0.704055
SLC6A14	-0.603	0.7040616
SHBG	-0.377	0.7040914
LOC100507654	0.537	0.7040978
OLIG3	-0.866	0.7041034
DVL2	0.19	0.7041616
LOC101927636	-0.27	0.7042986
ZW10	-0.229	0.7044503
LOC100130548	0.31	0.7045064
TRAPPC2	-0.2	0.7045902
GINS1	-0.269	0.7047002
FLAD1	0.2	0.704734
FASLG	-0.51	0.7047589
LOC101929680	-0.568	0.7048121
SYNGR2	-0.226	0.7048781
GOLT1B	0.201	0.7048976
LOC100128840	0.497	0.7049195
AGAP4	-0.227	0.705043
TRUB2	0.206	0.70516
C11ORF86	-0.324	0.7052388
CTSL	0.194	0.705264
SETDB1	-0.225	0.7052838
FLVCR1-AS1	-0.206	0.7053209
TIGD5	-0.494	0.7053322
MURC	-0.209	0.7053955
LINC00877	0.317	0.7054585
GXYLT2	0.229	0.7055886
DCTN3	-0.21	0.705729
ZNF195	0.202	0.706144
MAP3K6	0.42	0.7061512
NCF4	0.364	0.7061765
KLK14	-0.205	0.7062242
GPD2	0.188	0.706333
ZC3H8	0.201	0.7063372
PKDCC	-0.351	0.7065572
LOC728445	-0.427	0.7065599
DPP8	-0.215	0.7066371
LOC100127972	-0.429	0.7066434
GHET1	-0.968	0.7066603
LOC101928222	0.444	0.7067081
NEPRO	-0.22	0.7067262
PDHA2	-0.504	0.7069804
DARS	0.208	0.7070465
LOC148413	-0.247	0.7073969
NEU1	-0.195	0.7074284
TOX4	0.198	0.7074609
PRAC1	-0.706	0.7074716
SYPL1	-0.251	0.7076429
LRCH1	0.639	0.7076478
LIF	0.436	0.7077974
TRAF3	0.256	0.7078122
LOC101928132	-0.766	0.7080732
SCYL2	-0.183	0.708192
AFP	0.241	0.7082027
LOC101927513	0.217	0.7082369
FOXCUT	0.24	0.7082536
PABPC1	-0.225	0.7084268
NHSL2	-0.515	0.70845
TKTL2	-0.549	0.7084883
LHFPL1	0.227	0.70852
ARL4A	0.227	0.7086295
CH25H	0.398	0.7086316
CRACR2B	-0.505	0.7086634
LOC101928417	0.532	0.7089794
CA14	-0.289	0.7090432
RALY-AS1	0.214	0.7090501
GPRIN1	-0.555	0.709107
CKMT2	-0.318	0.709212
LOC100131303	-0.577	0.7092248
HAAO	-0.416	0.7092422
FAM50B	0.207	0.7092479
PSG9	0.26	0.7092484
ATP2B4	-0.187	0.7092988
CCPG1	-0.251	0.7093312
LOC101927263	-0.271	0.7093817
CADM4	0.361	0.7094293
LOC100289230	0.22	0.709503
C5ORF30	-0.223	0.7095445
YAF2	-0.201	0.7095607
TGDS	-0.558	0.7096468
IQSEC1	0.209	0.7096573
PRLH	-0.234	0.7097468
PODXL	-0.219	0.7097602
P3H1	-0.313	0.7098006
HPRT1	-1.13	0.7098614
DENND2D	-0.46	0.7099779
SPTB	0.211	0.7100181
PPP6R1	0.187	0.710079
CYSTM1	-0.195	0.7100845
LOC285500	-0.735	0.710166
TRIM64EP	0.673	0.7102322
FLJ12825	-0.387	0.7105046
GPD1L	-0.203	0.710516
TUBB4A	-0.309	0.7105713
KIAA1644	0.262	0.710635
PMPCA	0.197	0.7106887
ZBTB16	-0.19	0.7107167
NARFL	-0.25	0.7107511
CUEDC1	-0.208	0.7108107
GCSAM	-0.415	0.7108186
SPACA4	0.568	0.7108474
ALOX15	-0.409	0.7109117
FMO9P	-0.564	0.7109488
LAPTM4B	-0.222	0.7109547
HMGB3P1	-0.687	0.7111389
LOC101928847	0.296	0.7111577
SHC1	-0.21	0.7112678
ESX1	-0.53	0.7114553
CNOT11	-0.188	0.7114723
NAT6	-0.416	0.7115518
FABP3P2	0.43	0.7116541
LOC100422212	-0.432	0.7117488
COX14	0.198	0.7117733
FAM107B	-0.188	0.7119749
SPAST	0.199	0.7120029
DLG4	0.299	0.7120127
PSMC3IP	0.221	0.7120599
C1ORF162	-0.449	0.7120696
ADCY6	0.196	0.7120924
DNAH10	-0.211	0.7121331
BZW2	-0.192	0.7121847
LOC100132005	-0.318	0.7122408
DPYS	-0.367	0.7122588
PRPF19	-0.242	0.7122622
LOC283112	0.225	0.7122702
UHRF2	0.185	0.7122915
CWC15	-0.183	0.7123645
RAD54B	0.203	0.7124608
C15ORF59	-0.192	0.7124819
LOC401324	0.419	0.7126041
GDAP1	-0.242	0.712696
ZNF213	-0.206	0.7127427
MFSD10	0.212	0.7127455
DCHS2	0.385	0.7128348
CDX2	0.28	0.7131198
TMEM133	-0.213	0.7131202
TMEM263	0.184	0.7131376
CTD-2194D22.4	0.625	0.7131699
NAT9	0.229	0.7132558
LYZL4	-0.43	0.7132971
SLC7A11-AS1	0.228	0.7134137
IP6K2	0.369	0.7134692
TSPAN3	0.27	0.7135036
ADAMDEC1	0.316	0.7135311
MPPED1	0.409	0.7135395
SIL1	-0.2	0.7137034
NEDD4	-0.356	0.7137248
LINC00476	0.29	0.7137561
PIGH	-0.223	0.7139797
C6ORF99	0.242	0.7139923
JMJD8	0.247	0.7140253
ANKRD20A11P	0.188	0.7141964
MTTP	-0.391	0.71427
ABCA3	-0.236	0.7144193
ENPP2	-0.308	0.7144949
ALMS1-IT1	0.466	0.7145238
DHX58	-0.392	0.7146506
APBB1	-0.186	0.7148159
LOXL3	-0.226	0.7148357
IGSF8	-0.196	0.7148399
FAM96B	0.18	0.7148424
ASB8	-0.218	0.7148725
C14ORF132	-0.195	0.7149423
NUPR1	-0.204	0.7149621
MED1	-0.202	0.7150916
MTG1	-0.511	0.7151403
JAZF1-AS1	-0.62	0.7153359
ARMC1	-0.192	0.7153366
RASSF1	0.223	0.7154159
SIX1	0.347	0.7154171
KRT83	-0.181	0.7154449
AKR7A3	0.188	0.7154629
C5ORF56	-0.198	0.7154976
INSIG2	0.191	0.7156759
CCNT2-AS1	-0.457	0.7157747
CAD	-0.376	0.7157954
CRABP2	-0.603	0.7159718
AFDN-AS1	-0.312	0.7159883
IFI27L1	0.217	0.715989
TMEM60	0.195	0.7160214
SDHB	0.226	0.716094
TUSC8	0.596	0.7161839
ARID1A	-0.183	0.7161876
DUSP13	0.285	0.7162736
LRRC14	-0.179	0.7162866
LOC105371763	-0.247	0.7163001
CCDC47	0.18	0.7163416
UPF3B	-0.445	0.7164643
SMPD2	0.279	0.7166156
CSRNP2	0.216	0.7166229
MRPS36	0.178	0.7166413
HPF1	-0.239	0.7168357
FLOT2	-0.21	0.7168599
NCAPG	0.182	0.7170344
LOC100128653	0.251	0.7173178
SLC35F2	0.223	0.7174381
HNRNPA3P1	-0.378	0.717514
ZNF295-AS1	0.233	0.7175166
STXBP3	0.217	0.7175216
CRYGS	0.196	0.7175391
ZNF746	0.515	0.7177656
JKAMP	-0.196	0.7178995
SCN4B	0.347	0.7179091
C7ORF73	0.177	0.7179407
WDFY1	-0.192	0.7180157
TIPARP	0.259	0.7180639
ZNF638	-0.178	0.7180676
ZNF354A	0.177	0.7181495
TIMM23	-0.288	0.7181632
TUBA8	0.642	0.7182458
AOAH	-0.2	0.7182768
FCMR	0.291	0.7183399
HECTD3	-0.241	0.718359
MED19	-0.178	0.7183855
L3MBTL3	-0.224	0.7184571
SAXO2	0.217	0.7185104
RALBP1	0.199	0.7185473
CCDC112	0.183	0.7186622
RANBP9	0.18	0.7186694
ST3GAL1	-0.202	0.7187688
TMEM72-AS1	-0.3	0.718904
DOK7	0.211	0.7190001
MEP1A	-0.392	0.7193553
SYNDIG1	0.18	0.719474
VN1R108P	0.217	0.719637
LOC102723409	-0.599	0.7196375
GEMIN6	-0.186	0.7196668
ARPC2	-0.177	0.7197722
NACAP1	-0.225	0.7197915
FAM120C	-0.206	0.7198465
GCDH	-0.324	0.7200551
LINC00445	-0.437	0.720077
OSBPL6	-0.222	0.7201357
LINC00597	-0.306	0.7201425
RIPK3	-0.184	0.7203325
EMID1	0.206	0.7203355
CD19	-0.634	0.7206129
BRWD1-IT2	-0.255	0.7207147
RPL3	-0.195	0.7207354
HIST1H2AC	-0.211	0.7208055
CCDC17	-0.642	0.7209688
RNF212B	-0.484	0.7210451
DNER	-0.176	0.7210644
MYO1H	0.225	0.721078
CLYBL-AS2	-0.409	0.7212208
RNF39	-0.443	0.7212788
C17ORF98	0.597	0.7212865
DCAF12L1	-0.654	0.7213684
RPS6KA1	-0.192	0.7213983
THUMPD1	-0.21	0.7214451
ACTR1A	-0.244	0.7214483
TBL3	-0.369	0.7214746
LOC101929464	0.673	0.7215833
MOAP1	0.244	0.7216446
PLXNA1	-0.184	0.721843
SLC44A3	-0.25	0.7218984
MGC20647	-0.546	0.7219448
SLC41A3	-0.193	0.7220085
SEPW1	0.176	0.7221261
PCDHB15	-0.301	0.7222048
KCNK6	-0.276	0.722219
TRIM68	0.182	0.7222341
KBTBD11	-0.193	0.7222672
C1R	-0.206	0.7223063
LINC00163	-0.238	0.722346
TMEM161B	-0.195	0.7224143
ADCY7	-0.26	0.7225278
KCTD16	-0.218	0.722546
MSMO1	0.397	0.7226662
ENHO	0.354	0.7227728
ATXN1L	-0.187	0.7228167
ATAD3C	-0.305	0.722912
EHMT1-IT1	-0.526	0.7229736
EIF4EBP1	0.487	0.723005
DRG1	0.174	0.7230251
MYC	-0.328	0.7230291
UQCR10	-0.232	0.7231386
RB1	0.174	0.7231839
FBXW4	0.178	0.7232159
BBS1	0.233	0.7235726
FITM1	-0.365	0.7236234
CSMD3	-0.232	0.7237185
GLDC	0.22	0.7237733
TMX1	0.175	0.7238562
SMNP	-0.551	0.7238574
SSSCA1-AS1	-0.275	0.7239057
GNL3	0.226	0.7239152
CLEC3A	0.518	0.7240116
DKFZP586I1420	-0.178	0.7240296
FCRL3	-0.4	0.7240558
PEG10	0.368	0.7241034
THUMPD2	0.285	0.7241246
RBP2	-0.328	0.7241287
TBC1D14	-0.196	0.7241404
LILRA1	0.178	0.7241589
SLC30A9	0.179	0.7241869
LINC00623	0.262	0.7242374
NLGN3	-0.206	0.7242601
PRDX1	-0.193	0.7243473
AHCYL2	-0.217	0.7246792
VAMP7	-0.209	0.7247399
WT1-AS	0.368	0.7247449
ANKRD30B	-0.538	0.7247546
RNPS1	0.186	0.7247786
LOC101927438	-0.844	0.7247877
TUBA4A	-0.199	0.7249079
TBC1D7	0.203	0.7249696
TIAM1	0.571	0.72506
COX1	0.175	0.725373
PDE6H	-0.665	0.725399
SIRT7	0.191	0.725538
DONSON	0.202	0.7255897
MKNK2	0.199	0.7256197
TP73-AS1	0.235	0.725672
PBX4	0.576	0.7257571
ROBO3	-0.21	0.7258034
LOC101929210	-0.668	0.7259974
LOC100272217	-0.284	0.7260966
MEIS1	0.188	0.726192
FAM109B	-0.293	0.7262937
BTK	0.388	0.7262979
HLA-DRB4	0.589	0.7263481
C8ORF88	-0.266	0.7264066
ZNF653	0.272	0.7264341
NXPH2	-0.288	0.726519
SCN5A	0.326	0.7265986
WDR3	-0.187	0.7266205
KIRREL3	-0.194	0.7266821
KRT15	0.234	0.7266922
TBC1D10B	-0.235	0.7268356
SMYD4	0.18	0.7269331
PHC2	-0.534	0.7269369
ZBTB8B	-0.238	0.7269697
ZNF213-AS1	-0.178	0.7269761
CTSE	0.173	0.7270507
GANC	0.256	0.7270796
METAP1	0.186	0.7271522
SLC30A7	-0.378	0.7271653
UQCR11	-0.253	0.7272632
POU6F2	0.171	0.727306
GALNT13	-0.174	0.7273198
PLPP4	0.246	0.7273653
SYT14	-0.391	0.7273748
STAMBP	-0.203	0.7274993
ND4	0.17	0.7275908
GPRC5D	-0.592	0.7277526
RAB10	0.183	0.7278735
KIAA0895	0.341	0.7279025
CDK4	-0.201	0.728069
EMC2	-0.265	0.7282707
RARS	-0.192	0.728364
HOXC6	0.601	0.7284065
LOC105376975	-0.341	0.7284944
LINC00240	0.828	0.7285766
LINC00869	-0.333	0.728585
FAM102B	0.32	0.7286798
ARID3A	0.26	0.7288118
CLN3	0.171	0.7288194
HACD3	0.209	0.7290184
KRT19P2	0.666	0.7290539
MGMT	0.189	0.7291933
LOC652993	-0.273	0.7292644
TAF4B	0.199	0.729533
VPS9D1-AS1	0.197	0.7296326
TLR5	-0.205	0.7298605
PCSK1	-0.188	0.7298873
IFNL1	0.285	0.7299013
LOC101927839	0.463	0.7299213
ZNF667	0.208	0.7300024
DEDD	-0.246	0.7301818
PEBP1	0.175	0.7301899
ATG16L2	0.249	0.7302973
SH3BP1	-0.464	0.7303496
HIST1H4J	0.196	0.7306224
LNP1	0.172	0.7306304
GBP1P1	-0.476	0.7306419
ZCCHC12	0.487	0.7306645
PBX3	0.179	0.7306751
YES1	0.667	0.7308295
CHRNB4	-0.554	0.7308607
LECT2	0.203	0.7309074
SLC27A1	-0.189	0.7309467
PXMP2	0.194	0.7310068
MIP	-0.454	0.731061
LOC400684	-0.576	0.7311296
SHH	-0.453	0.731142
TEX2	-0.178	0.7312052
DCBLD1	0.274	0.7312586
DHX33	0.186	0.7313547
COX6A2	0.216	0.7313755
ARSF	0.342	0.7313891
LOC101930452	0.428	0.7313965
WNT8A	-0.216	0.7314699
SYT11	-0.3	0.7315056
MED4	-0.187	0.7317251
KLHL2	-0.197	0.7317296
PINLYP	-0.185	0.7317517
CLEC1A	-0.173	0.7317597
PPP1CC	0.209	0.7318183
PRKX	-0.245	0.7318495
NUDT9P1	-0.423	0.7318677
FBXO43	-0.289	0.7318927
EED	0.215	0.7319449
LINC01511	0.182	0.7319665
TEX35	-0.342	0.7319807
OR2L13	-0.403	0.7320973
OSTM1	-0.885	0.7321346
ZNF382	0.225	0.7321513
LOC105373495	-0.357	0.7321768
C11ORF24	0.238	0.732177
DDX21	0.172	0.7322066
GORAB	-0.168	0.7322168
LOC101930405	-0.181	0.7323373
LOC100130938	-0.19	0.7323631
CCNDBP1	-0.17	0.7323747
NACAD	0.255	0.7323992
LOC100288238	0.273	0.7324211
SYT1	-0.389	0.7325002
SATB1	-0.234	0.7325943
MPC1	0.212	0.7325964
MITD1	-0.178	0.7326916
DTNB	-0.314	0.7326955
BTN3A1	-0.283	0.7327521
CACNA1G-AS1	0.217	0.7328149
MLF2	0.184	0.732857
SLC35F6	0.167	0.7328853
ZBTB2	0.209	0.7329888
SMC6	-0.227	0.7330305
NBEAL2	-0.464	0.7331354
MOB3C	-0.231	0.7331612
TATDN3	-0.221	0.7331644
CHD8	-0.173	0.7332307
AP3M2	0.172	0.7332346
RNF121	-0.34	0.7333794
RTN1	0.298	0.7334328
ZNF223	0.183	0.7335275
NCAN	-0.178	0.7336243
PTTG2	-0.331	0.7337598
ETFB	-0.209	0.733762
FAM118A	0.181	0.7338896
ERVMER61-1	0.653	0.733891
LOC102725438	-0.575	0.7339863
ZDHHC8P1	0.267	0.7339905
BBOX1-AS1	0.176	0.7340102
LOC100505534	0.211	0.7340334
LOC283665	-0.417	0.7340689
GRIK5	0.389	0.7340986
DHODH	-0.336	0.7341245
RFWD2	0.172	0.734152
LOC101929715	0.292	0.7341927
ITGA10	-0.18	0.7343663
LOC100132686	-0.414	0.7344693
IFNA2	0.803	0.7345314
SPCS2	-0.196	0.7346759
PLK2	-0.171	0.7346997
LOC643355	-0.618	0.7347419
GATA1	0.356	0.7347798
COL5A3	0.22	0.7349005
B4GALNT2	0.274	0.7349415
IL4R	-0.297	0.7349561
NDUFB9	0.191	0.7350192
MED9	0.191	0.7350287
CLSTN2-AS1	-0.499	0.735266
FGF17	0.324	0.7352922
OSBPL2	0.218	0.7353134
LOC340085	0.217	0.7353597
TSGA13	-0.406	0.7354579
ZNF804A	0.255	0.7354832
RRAGB	0.247	0.7356141
GABPA	0.167	0.7356182
YWHAB	-0.224	0.7356477
PER2	-0.478	0.7357021
PRR29	-0.265	0.7361394
ANKRD45	-0.498	0.7362326
WDR47	-0.183	0.7362455
GTF3C1	0.175	0.7362516
TMEM41B	-0.201	0.736287
MRPS18B	0.195	0.7363729
CTDSP2	0.172	0.7365183
ZNF266	0.198	0.7365451
LOC100509814	0.485	0.7365453
B3GAT3	0.214	0.7365922
NEIL2	0.19	0.736651
ZFP69	0.212	0.7368774
FRG1HP	0.195	0.7369932
VASP	-0.182	0.7370293
ALDOC	0.19	0.7370658
GOLGA4	-0.24	0.7370725
SNX7	-0.168	0.7370761
ATP4A	0.302	0.7372411
DRD5	-0.39	0.7372591
TXNDC17	0.209	0.7374955
APOL1	-0.311	0.7374992
ZBTB6	0.189	0.737503
TSPAN33	-0.165	0.7375556
MAGEB3	0.256	0.7375814
RMI1	-0.175	0.7375915
LOC283856	-0.251	0.7377586
ZNF257	-0.269	0.7377874
PRMT9	-0.191	0.7377907
MLANA	-0.406	0.7378036
FGG	0.293	0.7378547
CDC26	0.168	0.737917
LOC105369595	-0.73	0.7380381
IGHV7-81	0.272	0.7380386
EAPP	0.167	0.738088
LIN7B	-0.184	0.7381506
LOC101929007	-0.227	0.7381577
YEATS4	0.17	0.7382658
PIBF1	-0.173	0.7383356
AP1B1	-0.197	0.7384942
CENPH	-0.166	0.7387398
PRR15	0.205	0.7387684
CCDC130	0.185	0.7389285
SMC5-AS1	-0.164	0.7389879
SRPK3	-0.474	0.7390371
H3F3A	-0.216	0.7390486
LOC253805	-0.493	0.7390648
SALL4	0.184	0.7390795
LENG8	-0.22	0.739173
MMD2	-0.697	0.7391814
UBC	0.193	0.7391872
TEX22	0.189	0.7392395
PPP1R15B	0.193	0.7392964
DDHD2	-0.17	0.7393092
SLTM	0.167	0.7393142
KCNK5	0.187	0.7393785
SIPA1	-0.229	0.7393859
LOC107984534	-0.185	0.7393976
STK25	-0.164	0.7394152
LY6G5C	-0.47	0.7394361
CCDC77	-0.336	0.7394674
VPS37C	0.175	0.7395026
EXOSC9	0.171	0.7395938
SLC1A1	-0.204	0.7396293
LOC101929488	0.273	0.7396366
FBXW5	-0.169	0.7397215
FAM53C	0.179	0.7397326
COX17	0.208	0.7397415
HEATR9	-0.511	0.7397695
TTC19	-0.167	0.7398263
SNORA37	-0.339	0.7399393
ITIH2	-0.252	0.7399973
NEURL1	0.249	0.7400899
FAM178B	-0.222	0.7403127
GBAT2	0.24	0.7403256
MEN1	-0.17	0.7403381
PSMG2	-0.169	0.7403865
HK1	0.175	0.7403865
ITGB1BP2	0.269	0.7405042
TTLL9	-0.272	0.7405449
SEPT3	0.261	0.7406644
UMAD1	-0.186	0.7406791
S100A4	0.401	0.7406818
HHIP-AS1	0.205	0.740887
SEMA4C	0.18	0.7409401
GRB2	0.192	0.7409469
ARHGAP17	0.197	0.7410165
PSMG1	-0.165	0.7410255
SYDE2	-0.748	0.7410508
XPO6	0.172	0.7411337
RFK	0.174	0.7411955
SNRNP25	0.175	0.7412194
DCTPP1	0.193	0.7413025
KRTCAP3	-0.209	0.74131
DEF8	-0.238	0.741335
SIGLEC6	-0.251	0.7413533
RPS5	-0.167	0.741357
PSMD2	-0.18	0.7413849
LOC101927133	0.219	0.7414275
DLD	-0.194	0.7414526
NXPE4	-0.255	0.7415902
SERINC1	-0.17	0.7417406
LOC100506504	-0.279	0.7417676
SLC30A2	0.175	0.7420606
MVB12A	-0.394	0.7420796
MTA3	0.166	0.7421215
LOC286161	0.164	0.7423602
LINC00888	0.219	0.7424193
STX1B	0.251	0.7424641
REM2	-0.341	0.7424796
SUPT3H	-0.163	0.7425381
SVBP	0.203	0.7425568
CSTF1	-0.165	0.742591
SPATA41	-0.571	0.7426301
LOC101927650	-0.395	0.7426327
VWCE	-0.327	0.7426419
ABCB4	-0.278	0.742688
DYNC1LI1	0.169	0.7427024
PAF1	0.162	0.7427954
TYR	0.62	0.7428681
PCYT2	-0.235	0.7428901
NRG3	-0.212	0.7430136
EMP3	-0.224	0.7430739
SLA	-0.395	0.7432284
SEC22A	-0.197	0.7433224
C5ORF47	-0.291	0.7434236
LOC101927066	0.633	0.7434388
SNRPD1	0.209	0.7434714
MICU2	-0.162	0.7436454
MED15P9	0.545	0.7437739
IL1RAPL1	0.202	0.7437763
TRIM40	-0.425	0.7438185
LINC01545	-0.318	0.7438789
CHCHD2	-0.173	0.7438998
XRCC1	-0.174	0.7439489
BRD9	-0.168	0.7443447
ANAPC10	0.161	0.7443459
SULT2B1	0.354	0.7443649
ZNF438	-0.164	0.7443705
NAP1L2	0.307	0.7444617
NSAP11	-0.537	0.7447089
UBA2	0.169	0.7448872
SSR2	-0.161	0.7449522
LOC728095	-0.286	0.745011
TMEM184B	-0.184	0.7451576
IRGM	0.544	0.745166
TNFSF15	-0.658	0.7452243
UPF2	-0.201	0.7453007
PIP4K2A	0.323	0.7453441
LMNB2	0.306	0.7453967
SF3A3	0.159	0.7454915
CREB3L4	0.257	0.7455386
FGF8	0.197	0.74557
TM9SF4	-0.171	0.7456117
LOC101928858	0.41	0.7456368
NDRG2	-0.378	0.7457061
NUDT16L1	0.166	0.7459483
SCML1	-0.219	0.7459946
TMEM95	-0.457	0.7460707
CYP4F2	-0.427	0.7460826
ZNF274	0.195	0.7461324
PPBP	0.34	0.7462728
KCNA5	-0.521	0.7464107
LINC01207	0.662	0.7464478
DNAJB14	0.239	0.7464536
NLRP11	-0.348	0.7464949
SIRT6	-0.16	0.7465427
MMP15	0.273	0.7466405
DOK1	0.195	0.7466705
ZNF561-AS1	-0.224	0.7467332
WHRN	-0.232	0.746762
CD46	-0.188	0.7467715
CCDC81	-0.444	0.7468599
LRCH2	-0.181	0.7468719
DCUN1D5	0.412	0.7469004
RDH11	-0.159	0.7469471
IGLL5	-0.571	0.7469633
ITGA3	-0.329	0.746973
PJA2	0.164	0.7470926
MCEMP1	-0.51	0.7471712
FBXO33	-0.159	0.7472071
LRRD1	0.439	0.7472117
COL8A2	0.174	0.7472267
ABI3	-0.247	0.7472435
RAD50	-0.167	0.7473788
AMBN	-0.352	0.7473975
TSPAN32	0.158	0.7474119
PSMC4	0.16	0.7474276
WDR45B	0.168	0.7474518
FANCF	-0.199	0.7474579
SMIM15	0.163	0.7478282
TUBB	-0.227	0.7478576
DHRS4-AS1	-0.228	0.7479022
SLC7A6	0.164	0.7479177
VENTX	0.261	0.7479699
LOC101927021	0.178	0.7480476
XPNPEP1	-0.204	0.7480579
FAM134C	-0.17	0.7480644
ARNT2	-0.184	0.7480883
LOC101060019	0.355	0.7481309
ATP5A1	0.32	0.7483347
TMEM147	0.158	0.7484169
ARAF	0.179	0.7484313
TSPOAP1	-0.221	0.7484859
LOC284513	0.171	0.7484898
C6ORF226	-0.169	0.7484996
GRID1-AS1	0.276	0.7485021
LOC101929552	0.372	0.7485023
GDI1	-0.161	0.748575
HJURP	-0.338	0.7486293
CLDN8	0.678	0.7486761
TNFAIP8L2	-0.264	0.7487131
ADAMTS9	-0.659	0.7488744
LMX1A	-0.643	0.7489119
LRRC15	0.198	0.7489371
UTP11	-0.205	0.7490741
MRPL46	-0.161	0.7491353
MBD4	0.175	0.7491935
LYPLA1	-0.239	0.749231
NRBP1	0.374	0.7494982
SOGA1	-0.445	0.749503
TRPV4	0.323	0.7496055
OSBPL8	-0.359	0.7496745
KDM4A	0.168	0.7497056
PROZ	-0.361	0.7497196
LDOC1L	-0.169	0.7498096
DNAJC18	0.156	0.7500024
TTLL2	-0.528	0.7500487
RP1L1	0.454	0.7500765
THAP12	-0.172	0.7501356
LOC102723493	0.269	0.7502997
FBXO25	-0.162	0.7503761
IMPDH1	0.197	0.7504458
ATPIF1	-0.176	0.7505129
RPS17	-0.172	0.7505162
SRP19	-0.176	0.7505589
ATAT1	-0.294	0.7506597
ZNF180	0.208	0.7507516
LOC101929622	0.329	0.7508399
DUSP21	-0.627	0.750894
DUSP12	0.164	0.7509688
OCLM	0.241	0.7509694
JOSD2	-0.2	0.7509777
CACNA2D2	0.296	0.7510426
SECISBP2	0.161	0.7511144
BRINP2	0.216	0.7511667
CCNB3	0.172	0.7512027
LNX2	-0.191	0.7512526
ACPT	-0.396	0.7515753
KRTAP7-1	-0.211	0.7515764
FLJ34503	0.232	0.7515778
MPST	-0.197	0.7517096
SNAPC2	-0.162	0.7517147
MICU1	-0.206	0.7518053
TMEM117	0.172	0.7518333
ISOC2	-0.198	0.7518753
KLHDC7A	-0.484	0.7519262
STX5	-0.207	0.7519544
SLC37A3	-0.166	0.7519836
RHPN1	-0.207	0.7521833
HRAT13	0.299	0.7522773
SH2B3	-0.195	0.752348
RSPH6A	-0.268	0.752397
LOC101928429	0.25	0.7523972
SNW1	-0.159	0.7528789
ETNK2	-0.194	0.7528861
RWDD2A	0.163	0.752902
LOC100294362	0.415	0.7529763
WNT7A	0.552	0.7530676
GAS2	-0.184	0.7532842
USP20	0.165	0.7533186
TAS2R10	-0.219	0.7533588
FAM214A	-0.216	0.7534218
LAGE3	0.155	0.7534539
NEURL4	-0.438	0.7534592
KRT10	0.158	0.7535092
ACAA1	-0.157	0.7536367
NDUFB6	-0.164	0.7536574
PCDHGB5	0.224	0.7537358
CDIP1	0.155	0.7538541
TREM1	-0.201	0.7538543
ZBTB14	0.177	0.753877
RFC2	-0.178	0.7538913
CYP4F62P	0.557	0.7539532
PP12613	0.172	0.7541221
SAMD11	-0.188	0.7541394
CD79B	-0.423	0.7542
SPAG7	0.155	0.7543081
IL5	-0.369	0.7546086
MRPL55	-0.22	0.7548013
LMF2	0.157	0.7548223
LRFN2	0.229	0.7549358
LOC101929504	-0.526	0.7549513
RUSC1-AS1	-0.166	0.7550809
TMEM128	-0.271	0.7551004
LINC00242	-0.493	0.7551656
ATP6V1B2	0.176	0.7551711
FAIM2	0.212	0.7552139
C4ORF3	-0.198	0.7553197
SUPV3L1	0.164	0.7553562
GPR162	0.559	0.7553859
CCL16	-0.451	0.7554413
DPYSL2	-0.157	0.755473
MYZAP	0.203	0.7554866
SLC39A10	-0.242	0.7555163
ADAMTS15	-0.19	0.7556124
TMEM99	-0.171	0.7556472
SNX31	-0.67	0.7558725
VPS4A	-0.154	0.7559059
ERP29	0.153	0.7560456
STEAP1	0.182	0.7562611
SLC29A1	-0.369	0.7563339
MDFI	0.186	0.7563528
LOC153546	-0.225	0.756378
ALYREF	0.183	0.7563944
CNRIP1	0.206	0.7564317
LINC01503	0.448	0.7565112
ASTE1	0.152	0.7565857
DCAF12	-0.201	0.7566928
TMEM225	-0.486	0.7567566
TNFSF13B	0.293	0.7568227
S100A8	-0.542	0.7568347
ADIRF-AS1	0.268	0.7568991
URB2	0.19	0.7569186
LSM1	-0.16	0.7569458
CARD18	-0.662	0.7570253
MRM2	-0.168	0.7570521
TOMM40	0.18	0.7570965
WDR97	0.266	0.7572916
PP12708	0.274	0.7574298
PLEKHM3	-0.179	0.7575404
MRPL35	0.157	0.7575816
HIST1H4E	-0.239	0.7576202
LOC101927124	0.68	0.7576755
LSM6	0.151	0.7577052
DDRGK1	0.17	0.7578026
GTPBP6	0.161	0.7578141
MCMBP	0.157	0.7578151
TAS2R5	-0.379	0.7578615
IFNA21	-0.446	0.7579914
ZMPSTE24	0.172	0.7580041
AACSP1	-0.674	0.7580096
POMZP3	-0.158	0.7581018
SERPINA9	0.296	0.7581407
METTL4	-0.168	0.7582488
SLC22A8	0.328	0.7584617
SSBP3-AS1	0.194	0.7585506
CLK2	0.2	0.7587413
LOC100130428	0.269	0.7587898
C14ORF119	0.178	0.7588264
DHRS13	0.248	0.7588746
LINC00174	0.38	0.7589202
WDR5	0.164	0.7590563
ACADS	-0.15	0.7591944
C2ORF16	-0.655	0.7592726
CACNG6	0.171	0.7593377
LOC101928464	0.168	0.7596116
LY6G6C	-0.411	0.7596345
PATE1	-0.421	0.7598815
ACBD6	0.151	0.7599278
LOC101927379	0.397	0.7600835
LINC00626	-0.415	0.7601005
GHDC	-0.156	0.7601166
GSKIP	0.152	0.7601344
FTCDNL1	0.286	0.7603115
LIG1	0.214	0.7603152
PRKCQ	-0.268	0.7603583
TAF12	0.202	0.7603587
HPN	-0.243	0.760469
IFNA7	0.443	0.7605002
SPEN	-0.155	0.7605268
OVGP1	0.181	0.7605337
PIK3CD	0.157	0.760592
ZBTB20-AS1	-0.533	0.7606393
MSH2	-0.189	0.7606759
STRN3	-0.164	0.7607219
NLRP5	0.402	0.7607521
ARHGEF16	0.292	0.760783
LOC100506699	0.25	0.7608681
FPR3	0.161	0.7608755
HPCAL4	0.316	0.7609769
CCDC105	-0.54	0.7609871
JSRP1	-0.272	0.7610061
TENM2	-0.175	0.7610149
F10	0.469	0.7610954
LOC102724030	-0.289	0.7611292
CHRNE	0.206	0.7613467
LINC01198	-0.498	0.7614039
ZNF48	-0.199	0.7614407
C2ORF61	0.2	0.7615065
LOC101928045	-0.222	0.7615419
ZSCAN29	0.175	0.7615517
ARHGEF1	0.16	0.7616012
SPINK1	-0.228	0.7616623
TMEM176A	-0.202	0.7616628
KLF10	-0.212	0.7617051
C10ORF71	-0.277	0.7617446
RIMS2	0.356	0.7617814
CHCHD1	-0.151	0.7618553
SERINC3	0.19	0.7618561
ZNF510	0.259	0.7619173
PARP9	0.165	0.7619885
IMP4	-0.156	0.7620169
SLC35A5	-0.172	0.7620422
CLCNKB	0.208	0.7621491
LINC00668	0.279	0.7621497
NTM	0.158	0.7621665
ILKAP	0.152	0.7622558
ZNF793	0.242	0.7623044
EFHB	-0.201	0.7624019
GUCY2F	-0.158	0.7624094
TPRG1	-0.165	0.7625345
FSD2	-0.376	0.7625791
DLST	-0.17	0.7626561
ADAP1	-0.211	0.7626773
RNF20	-0.151	0.7627135
EFNA4	-0.377	0.7627288
ARPC1A	0.147	0.7628008
LOC101927609	0.205	0.7628062
AHCY	-0.179	0.7628373
THAP1	0.155	0.7629036
SMCO1	0.397	0.762953
SH2D4B	-0.421	0.7629568
SPSB2	0.18	0.7629581
AQP9	0.412	0.7631001
DDX41	0.152	0.7631251
ZNF251	0.185	0.7632444
VRK2	-0.245	0.7632916
LOC101929787	0.208	0.7633182
ING4	0.181	0.7633628
LOC400548	0.387	0.7633716
CACNA2D3	0.258	0.7634252
POLR2K	0.158	0.7634368
WBP4	0.155	0.7634615
DUSP15	-0.246	0.7634934
ANKRD20A5P	0.176	0.763527
LOC100506113	-0.315	0.7637068
SMARCAL1	0.173	0.7637789
NT5C3A	0.164	0.7637941
C22ORF39	0.15	0.763797
PCDH1	0.162	0.7638676
LOC100289094	-0.326	0.7639383
EFNB1	0.202	0.7639545
NOP10	0.149	0.7639895
HSPB2	0.248	0.7641162
AKIP1	-0.175	0.764123
IPO13	-0.163	0.7641773
TANGO2	0.163	0.7641978
WFDC9	-0.337	0.764465
COX8A	-0.156	0.7645287
HCG9	-0.354	0.7646009
UBE2L6	-0.148	0.7646493
ZNF239	0.174	0.7646578
AMZ2	0.148	0.7646648
LINC00939	-0.511	0.7647957
PRSS22	0.243	0.7648149
NAT10	-0.16	0.7649427
LOC142937	-0.245	0.7651043
KCTD1	-0.356	0.7651332
BOLA3	0.148	0.7653152
ZNF542P	-0.148	0.7654164
UFC1	0.154	0.7655522
BRI3	-0.158	0.7656635
MCEE	0.205	0.7656659
XPA	-0.146	0.7658861
PFN2	0.16	0.7658944
CNTN6	-0.408	0.7660022
RALA	0.148	0.7660319
HOOK2	0.187	0.7660869
GRK1	-0.456	0.7661876
LOC101928760	0.229	0.7663624
RAX2	-0.213	0.7664981
ZNF691	0.197	0.7665126
LOC728868	-0.17	0.7665596
CIAPIN1	0.293	0.7666391
NPHP3	-0.3	0.7669554
LOC101928731	-0.351	0.7672228
ENPP5	-0.249	0.7672241
LOC102724009	-0.148	0.7672362
TMEM126A	0.145	0.7673576
NCDN	-0.145	0.76736
ADM2	0.449	0.7674412
ZSWIM3	-0.442	0.76747
GABRA5	-0.64	0.7674778
LINC01566	-0.345	0.7677716
NPY6R	-0.389	0.7677859
MRM3	-0.155	0.7679265
SYN3	0.228	0.7679297
LINC01225	0.169	0.7679428
TBC1D27	0.38	0.7679734
EPS15	-0.157	0.768027
CDH2	0.148	0.7680325
GRIN3B	0.425	0.7680717
KCTD13	-0.149	0.7680803
FUNDC1	-0.175	0.7680992
GAS8-AS1	-0.465	0.7681041
IL11RA	-0.209	0.7682801
TMEM2	0.172	0.7683785
FLYWCH2	0.189	0.7684092
ZDHHC6	-0.149	0.7684108
MARCH7	-0.157	0.7684426
UFSP2	0.175	0.7686414
LINC00857	-0.218	0.7686917
FBXO40	0.151	0.7687642
ASB5	-0.702	0.7687908
MRPL51	0.145	0.7688203
KAT5	0.146	0.7691523
FGFR3	-0.229	0.7692379
PKIG	-0.149	0.7692629
TCEB3B	0.205	0.7693073
ANKS1B	-0.173	0.7696086
SPDL1	0.219	0.7699283
LGI1	-0.267	0.7699317
LOC100130207	-0.211	0.7699384
GSTA4	-0.161	0.7700605
MGC57346	0.178	0.7700736
KCNJ9	0.156	0.7701392
PSME1	-0.163	0.7701547
FBXL8	0.29	0.7702173
GPR183	-0.287	0.7706441
FAM169A	-0.147	0.7707054
FTO	-0.145	0.7707106
EIF4H	-0.143	0.7707126
ALDH5A1	-0.148	0.7707524
LOC105377348	-0.306	0.770942
GPR50	0.299	0.7710278
LINC01023	0.346	0.771046
IQCC	0.183	0.771053
KIF2C	0.199	0.7713854
PRPF40B	0.192	0.7714442
PRSS27	-0.156	0.7715701
DUS1L	-0.154	0.7716805
LOC105378419	-0.21	0.7717994
ZMAT2	0.142	0.7718475
BABAM1	-0.188	0.7720995
DNLZ	0.178	0.7721303
OOSP2	0.213	0.7721319
RRAGA	0.163	0.7721837
GLG1	-0.181	0.7721934
OLFML1	-0.172	0.7722148
SMAP1	-0.143	0.7722989
CHMP5	-0.158	0.7723315
CDK16	0.197	0.7723885
DBH-AS1	0.369	0.7724134
MAPKAP1	-0.143	0.7724257
ZNF697	0.249	0.7724925
ATG4D	0.159	0.772527
IL17RD	-0.323	0.7726333
FAM127B	0.226	0.7726728
TSPOAP1-AS1	0.225	0.7727493
PVT1	0.19	0.772826
BVES-AS1	0.156	0.7729373
KRT24	-0.358	0.773143
LMNTD2	0.227	0.7731785
RNF123	-0.145	0.7733209
MGC16025	-0.685	0.7734856
HSPC081	0.243	0.7737071
RPS16	-0.146	0.7737136
PCDHGA9	0.523	0.7738567
VRK1	-0.16	0.7738994
ZNF512	-0.141	0.7739209
SLC25A2	0.354	0.7739544
LRRN4CL	-0.188	0.7739733
LOC101927967	0.553	0.7739843
ANKRD26P3	-0.198	0.7740706
PNPLA5	0.529	0.7741129
TVP23A	-0.173	0.7741288
EMC6	0.141	0.7742038
OGFRP1	0.366	0.7742835
SPRN	0.166	0.7744626
SNORD8	0.475	0.7744816
CCDC122	0.361	0.7745225
ISG20	-0.335	0.7745686
ARMC6	-0.203	0.7745822
LINGO1	0.159	0.7746113
KIF21A	-0.202	0.7747799
YAP1	-0.14	0.7748573
CABYR	-0.28	0.7748763
SLC30A8	0.166	0.7748866
ANO8	0.147	0.7750388
FBXO17	0.35	0.7750595
CLIP4	0.145	0.7750806
ZNF665	-0.158	0.7751132
MICA	0.191	0.7751268
LOC100133315	-0.247	0.7753163
NDUFAF1	0.147	0.7753459
LINC00343	-0.419	0.7753645
TIGAR	-0.163	0.7754138
LOC101928963	0.213	0.77549
SHISA3	-0.157	0.7755262
LOC100505853	0.416	0.7755364
C2CD4A	-0.671	0.775582
UBE3C	-0.139	0.7757613
IGFLR1	-0.242	0.7758801
CLNS1A	-0.16	0.7759027
LOC286052	0.201	0.7759119
PCDHB11	-0.287	0.7759612
GPR174	0.328	0.7760033
ZNF497	-0.261	0.7762637
VPS25	-0.145	0.7763439
LINC00471	0.387	0.7764688
SMAD1	0.179	0.7766482
CUEDC2	-0.14	0.7766963
SLC7A14	0.23	0.7767523
EEF1A2	0.231	0.776758
LRRC74B	0.573	0.7767623
C1ORF43	-0.156	0.7767653
ECH1	-0.181	0.7767934
OTUD3	0.178	0.7768277
INTS2	-0.165	0.7768461
NPAS4	0.138	0.7769127
IL18RAP	0.251	0.7769702
MAK16	-0.19	0.7770232
NAT14	0.18	0.7770554
GLCE	-0.317	0.7771594
ULK3	0.199	0.7772404
EGFLAM-AS2	0.42	0.7774139
PIH1D1	-0.141	0.7774411
MRPL34	0.186	0.7774554
FLJ20021	0.191	0.7775684
MAB21L3	-0.427	0.7776347
SSTR5-AS1	0.645	0.7777297
VDAC2	-0.141	0.7777383
MTMR9LP	0.522	0.7778858
HSD17B11	-0.185	0.7779104
ENDOG	0.269	0.7781255
LOC101927059	0.267	0.7781767
PTDSS1	-0.151	0.7781951
HDAC1	-0.173	0.7782709
ELMOD3	0.147	0.7784908
TRIM16	-0.251	0.7784925
NDUFB8	-0.173	0.7785821
C2ORF70	0.268	0.7786481
SUMO3	0.154	0.7788269
ADK	0.217	0.7789557
STEAP3	-0.139	0.7790405
ELK2AP	-0.279	0.7790449
RPTOR	0.226	0.7791974
DYSF	0.247	0.7793153
TFAP2D	0.438	0.7794046
SMIM10L2A	-0.151	0.7795189
ADRM1	0.147	0.7795197
TRMT12	0.15	0.7795214
PYCR1	0.263	0.779591
LOC285556	0.418	0.7798743
GNAS-AS1	0.256	0.7799866
OVOL3	0.178	0.7799967
PAXIP1-AS2	-0.159	0.7800594
CYP27B1	-0.178	0.7801127
SLC25A33	0.144	0.7801562
ZRSR2	0.141	0.7801754
FKSG29	-0.411	0.780272
LOC101927478	0.139	0.7803494
VLDLR	-0.166	0.7804316
TRIM16L	-0.166	0.7804816
PPP1R9B	0.19	0.780576
UGT2B17	0.316	0.7805789
PTENP1	-0.431	0.780731
MBL2	0.527	0.7807366
RAB31	-0.173	0.7807598
NGEF	-0.375	0.7808293
PRDX4	-0.137	0.7808564
LINC00210	0.383	0.7810492
CUTC	-0.144	0.7810631
OSTC	0.144	0.7811658
PF4	-0.547	0.7812145
MPP5	0.188	0.7812147
CTNNBIP1	-0.191	0.7812524
WFDC13	0.297	0.7813694
LOC101929154	-0.302	0.7814294
GPC5	-0.227	0.7815367
ZNF14	0.14	0.7816455
APOL3	0.14	0.7816897
OR8B2	-0.201	0.7816932
SEPT8	-0.19	0.7817952
FCRLB	-0.613	0.7820449
FLII	0.168	0.782279
LOC100505564	-0.191	0.7823679
ATP6V1E2	0.138	0.782382
THEG5	-0.191	0.782471
ORAI3	0.139	0.7826072
FLJ37201	-0.362	0.7826399
C14ORF169	-0.186	0.7827153
PIP	0.235	0.7828316
ABT1	-0.134	0.7828803
CRYAA	-0.338	0.7829154
RAB33B	-0.142	0.7829246
TEX14	-0.189	0.7829863
LINC01468	-0.548	0.7829972
PCDHA9	0.236	0.7830771
ROBO1	0.187	0.7831616
EDN2	-0.375	0.7831839
KNSTRN	0.146	0.7832295
ZNF16	0.156	0.7832762
PI4KB	-0.151	0.7833287
C19ORF81	-0.166	0.783335
FLJ22763	-0.577	0.7834004
REM1	0.264	0.7837253
LINC00189	-0.366	0.7838323
GRIA4	0.345	0.7840786
LOC285638	-0.22	0.7840853
FAM98C	0.146	0.7841053
ATF7IP2	0.146	0.7841267
SNX3	-0.142	0.7843728
MRPS28	-0.135	0.7844087
USP1	0.168	0.7844149
LOC100128343	0.196	0.7844857
UBR1	-0.14	0.7845505
SYNE4	-0.188	0.7845882
LOC285819	-0.146	0.7846455
LOC100287525	-0.206	0.7846654
GRHPR	0.165	0.7846799
PTPN23	0.3	0.7847205
LOC101928809	0.588	0.7847461
CNTFR	-0.193	0.7847901
CD151	-0.172	0.7848042
LINGO2	-0.194	0.7849891
LOC105379045	0.143	0.7851931
HP	-0.278	0.7852218
LOC283214	-0.205	0.7852486
HSD3B2	0.166	0.7852637
VWA5A	-0.161	0.7853071
PGBD4	0.186	0.7854218
PSMD8	-0.14	0.785445
S100A7	0.153	0.7855871
TSPYL2	0.169	0.7858175
TCEAL4	0.145	0.7858344
ATAD3A	0.233	0.7859777
LOC100996694	-0.275	0.785992
KIAA1586	-0.148	0.7860578
BCAS2	0.139	0.786079
C19ORF66	-0.133	0.7861398
ARL8B	0.143	0.7863494
IKBKG	-0.149	0.7868016
WRN	-0.148	0.7868084
GZMB	0.286	0.787
CCDC26	0.457	0.7870352
PNMAL1	0.199	0.7870648
PMS2P2	-0.165	0.787089
FLJ41455	0.249	0.7871503
LOC101927907	-0.23	0.7872053
LIPI	0.313	0.7872063
RPS6KC1	-0.138	0.7873065
SRGAP2	0.196	0.7873564
GBP2	-0.272	0.7874275
FAM110C	-0.161	0.7875208
MDH1	0.176	0.7875847
ZDHHC20	0.144	0.7877957
PP2672	0.133	0.7878023
ZNF541	0.312	0.7878208
RPS18	-0.135	0.7879244
LILRA4	-0.202	0.7880935
H2BFS	-0.223	0.7881534
GPT	0.147	0.7881543
PAX5	-0.218	0.7881987
NADK2-AS1	0.462	0.7882925
LOC101929660	-0.645	0.7883086
TUBG1	0.152	0.7886302
C1ORF112	-0.186	0.7886681
RAD51AP1	0.174	0.788795
SNRPG	0.133	0.7888016
FAM198A	-0.154	0.7888584
MTERF1	0.135	0.7889067
LINC00518	-0.43	0.7889234
MMP26	0.345	0.7890208
LOC100507006	0.153	0.7890805
PRRT3	-0.188	0.7890906
FGL1	0.176	0.7891062
FAS-AS1	-0.224	0.7892641
ANKRD26	-0.181	0.7893001
LOC100127974	-0.418	0.7893459
SLC38A3	-0.206	0.7893937
LINC00244	-0.439	0.7894825
FBP1	-0.204	0.7894972
A1CF	0.241	0.7897129
ANHX	0.268	0.7897453
IL34	-0.379	0.7898558
LOC101928673	0.268	0.789995
LOC102724809	-0.457	0.790008
PITPNA	0.13	0.7901864
ACTL7B	0.448	0.7901886
FAM234A	-0.138	0.7902573
PSMC3	0.143	0.7903529
ZMYND10	-0.423	0.7904455
STRIP1	-0.161	0.7904689
LOC100132167	-0.139	0.7907696
CBX7	0.167	0.7907781
MAGEA1	-0.473	0.7909692
TPSG1	-0.159	0.7914945
RNF13	0.154	0.7914961
EIF2B3	0.16	0.7915359
DDX11L2	0.168	0.7915693
ZNF185	-0.185	0.7917433
ATP12A	-0.32	0.7919194
SPRR4	-0.16	0.7919559
ACTL6A	-0.181	0.7920116
FBXW9	0.132	0.7920425
MYCBP2	-0.189	0.7920581
CREB3L3	0.237	0.7921285
HSPA12A	-0.423	0.7921436
PXN-AS1	-0.627	0.7921488
DIP2B	0.144	0.7921939
FZD5	-0.195	0.7922175
SMTN	-0.457	0.7923111
SMAD7	-0.131	0.7923955
RASSF10	-0.515	0.7925998
FNIP2	0.13	0.7927449
BAMBI	-0.131	0.79282
MFN1	-0.143	0.7928566
LINC01526	-0.135	0.7929115
APOBEC2	0.148	0.7929547
PRR34-AS1	-0.156	0.7930082
CPSF3L	-0.339	0.7936048
LOC152274	0.4	0.7936877
HTATSF1	0.155	0.793737
LOC101927516	0.341	0.7937525
TMEM101	-0.212	0.7937705
C7ORF43	-0.38	0.7938306
CCDC96	-0.334	0.7938389
CXORF38	-0.159	0.7938529
LOC101928284	-0.34	0.7939181
FRG1EP	-0.17	0.7940508
SRRM2-AS1	-0.32	0.7940588
LOC400590	0.501	0.7940869
LOC105376796	-0.153	0.7941165
C1QBP	0.138	0.7944572
TMEM186	0.134	0.7946672
RPE65	-0.261	0.7947357
HIST1H4H	-0.272	0.7947565
LINC00317	-0.284	0.795032
PLD2	0.146	0.7951045
MTMR11	0.139	0.7951976
CCR10	0.413	0.7952135
GLRA2	-0.267	0.7953008
C1ORF106	0.142	0.795311
MAPKAPK3	-0.178	0.7955375
LOC101928476	-0.19	0.7956749
LIPC-AS1	0.186	0.7957545
LOH12CR2	0.183	0.7957553
FSCN3	0.276	0.7958751
UBAC1	0.141	0.7959252
SLC35G3	-0.353	0.7959395
HSD3B7	0.288	0.7960357
SPINK2	-0.178	0.7963105
MN1	-0.167	0.7963636
FDX1L	0.144	0.7963947
S100A12	-0.287	0.7965414
CISD1	0.144	0.7965945
POM121L2	0.152	0.7966249
SH3BP5L	-0.142	0.7966394
ACTC1	0.196	0.7967277
LOC100131496	-0.461	0.7968263
IGFBP7-AS1	0.157	0.7970335
PTPRU	-0.153	0.7971392
BORA	0.164	0.7972618
STARD13	0.183	0.7975565
SLC25A3	0.348	0.7976072
C2ORF27A	-0.285	0.7976162
LOC100653005	0.174	0.7976805
SLC6A18	-0.303	0.797701
APEX2	-0.2	0.797808
KLC2	-0.183	0.7978275
CPNE2	0.156	0.7978663
CHMP1A	-0.128	0.7980105
HARBI1	-0.131	0.7980439
POLR2D	-0.173	0.798169
ATPAF1	-0.127	0.79844
PTGES3L	-0.444	0.7985767
TUBA1C	-0.168	0.7986011
FERMT2	-0.153	0.7986845
LINC00221	-0.57	0.7987262
BCL7C	-0.133	0.7987556
NEO1	0.143	0.7987654
CADPS2	-0.448	0.7987718
FCER2	-0.138	0.7988429
KLRG1	-0.239	0.7988505
AP4M1	0.166	0.7990412
PHF23	0.171	0.7993567
TOR1A	-0.369	0.7995888
PPP1R12A	0.158	0.7996029
LOC101927416	-0.499	0.7996251
LOC151484	0.373	0.7996946
KCNA3	0.175	0.8000903
PDCD4-AS1	0.184	0.8003046
DCAF12L2	-0.137	0.8003242
ATP13A2	0.155	0.8005477
TMEM114	-0.139	0.8005525
MAGEB2	0.19	0.8007893
RPL34	0.128	0.8008468
NEUROG2	0.196	0.8008537
CASP1	0.266	0.8008801
SNHG18	-0.448	0.8009289
ACACA	-0.142	0.8009335
TPSD1	0.165	0.8009556
MIOX	0.271	0.8010659
FRY-AS1	-0.378	0.8011377
ZFP37	0.177	0.8011803
MRFAP1	0.128	0.8011806
PALB2	-0.131	0.8011827
SMS	0.143	0.801191
FOPNL	0.138	0.8012308
LINC00868	0.16	0.8013179
LOC101927503	0.242	0.8013745
LOC101929517	-0.619	0.8013887
ATP5J	0.125	0.8015976
SFTA1P	0.289	0.8017255
MFN2	-0.131	0.8017288
PZP	0.221	0.8017448
KIF2B	-0.254	0.8017582
RNF149	-0.122	0.8017756
TAS2R16	0.467	0.8018477
S1PR1	-0.123	0.801904
NUBP2	0.144	0.8019414
LINC00515	-0.122	0.801942
ANKRD33B	0.138	0.8020277
TMEM74B	0.13	0.802046
C3ORF56	-0.169	0.8021504
SOD1	0.129	0.8021558
RTCB	-0.136	0.8022028
SRPX	-0.127	0.8022375
KRTAP4-9	-0.261	0.8022736
USMG5	-0.123	0.8023717
TTC9	-0.26	0.8024672
XRCC6	-0.122	0.8027528
RABGGTA	0.134	0.8028152
ZNF219	0.137	0.8028409
ZNF766	-0.153	0.8029837
LIN28B-AS1	-0.191	0.8030011
LOC388780	-0.22	0.8031135
ZNF484	0.317	0.8032625
LOC101929181	0.311	0.8033787
KCNK13	-0.122	0.8034975
RNF112	-0.233	0.8036157
SNHG24	-0.127	0.803928
FLJ38773	-0.133	0.8039364
LRRC3B	-0.263	0.8039401
HIBCH	0.136	0.8039836
BATF	0.145	0.8040171
ECM1	0.137	0.8040204
MARK3	0.124	0.8040853
MRPL54	0.131	0.8041492
CHRM2	-0.46	0.8042061
OR10J1	-0.279	0.8043381
FAM151A	0.232	0.8044304
ACAD8	0.121	0.8046046
NSMCE3	0.139	0.8046183
LOC100506922	-0.134	0.8046402
HMGXB3	0.15	0.804658
TRIM28	0.133	0.8046711
LOC101928583	0.304	0.8048246
MRFAP1L1	0.127	0.8048989
ZNF564	-0.128	0.8049014
SUN1	0.174	0.8050939
CYP27A1	0.163	0.8051759
LOC101927071	-0.447	0.8052617
CCR9	-0.22	0.8052724
OR1D2	0.121	0.8053364
CAT	-0.133	0.805373
CD3G	0.399	0.8053864
LOC149351	-0.55	0.8055831
SYNM	-0.16	0.8057369
FJX1	-0.164	0.805818
NORAD	-0.121	0.8059332
XYLT1	-0.292	0.8059824
MAMSTR	0.13	0.8059941
AHR	-0.259	0.8062606
BHLHE23	-0.324	0.806281
JMJD1C-AS1	0.175	0.8063052
ANP32D	-0.336	0.8063446
LINC01616	-0.267	0.8065405
TTLL1	-0.142	0.8065871
MCM6	-0.444	0.8066372
LPL	0.169	0.8066593
CACFD1	0.136	0.8067015
ZC3H12D	0.153	0.8067377
C17ORF53	-0.248	0.8067938
ITGA7	-0.198	0.8068097
PRDM13	-0.337	0.8069337
CDKN1B	0.123	0.8069518
LOC101928881	0.465	0.8070369
IQCF2	0.47	0.8070974
PHOSPHO1	-0.446	0.8072514
LCLAT1	-0.125	0.8073604
SLC16A6	-0.241	0.8074221
SNRPE	0.125	0.8074334
UQCC2	0.155	0.8074346
RNF165	-0.206	0.8075572
GPR146	-0.175	0.8075865
LINC00887	0.478	0.8076083
IRX1	-0.168	0.8076207
SECTM1	-0.442	0.8076554
BCAS1	0.193	0.8078531
TNFRSF1A	-0.143	0.8078838
IYD	-0.599	0.8078992
C8ORF37	0.136	0.8079632
STAB2	0.181	0.8079809
RAP2C	-0.133	0.8079821
ZNF623	-0.136	0.8081247
MSH6	0.127	0.8081359
ACADVL	0.147	0.8081768
STRADB	-0.153	0.808194
CACNA1S	0.35	0.8082653
VIMP	0.126	0.8082811
NBEAL1	0.118	0.8083074
KDM5C	-0.244	0.8083185
LOC102723684	-0.438	0.8084049
C8ORF82	-0.238	0.8084077
TRIM35	-0.16	0.8084411
PPP1R8	-0.124	0.8084535
LOC149401	-0.158	0.8085045
GIPC1	-0.126	0.8085216
FAM71F2	-0.16	0.8085512
SMAP2	-0.159	0.8086072
DPH7	-0.182	0.8089253
EIF2A	0.142	0.8089379
LINC00708	-0.372	0.8089757
FBXL12	-0.283	0.8090602
SEMA3B	0.136	0.8091021
KRT25	-0.488	0.8091566
C7ORF13	-0.151	0.8094214
APOBEC1	-0.278	0.8094616
ARHGDIG	-0.169	0.8095933
GLTSCR1	-0.13	0.8096735
CES2	-0.135	0.8096873
DSCAM-AS1	-0.186	0.8098322
TRIT1	0.119	0.8099331
RYR1	-0.26	0.8100562
FIRRE	0.533	0.8100573
INPP1	0.133	0.8101198
GSN-AS1	-0.167	0.8101257
ZMYND19	0.133	0.8103047
POU4F2	-0.131	0.8103342
LINC00853	-0.481	0.8103785
GNPDA1	0.125	0.8104028
LOC81787	-0.185	0.8104408
LENG9	0.162	0.810514
LOC100130705	-0.333	0.8106567
THOC1	0.121	0.8108945
HSPA2	-0.159	0.8109235
PRKCQ-AS1	-0.177	0.8110081
SYT3	0.19	0.8110133
GNA14-AS1	0.161	0.811282
KBTBD4	0.143	0.8113033
D21S2090E	0.132	0.8113311
PMVK	-0.122	0.8113811
RDH16	-0.262	0.8114757
C1ORF198	0.174	0.8116993
CER1	-0.134	0.8117691
TSNAX	0.121	0.8118109
DMTF1	-0.116	0.8118431
PC	0.119	0.8121039
CCDC84	-0.143	0.8121446
C1ORF159	0.27	0.8121481
SCART1	-0.308	0.812412
HOXC4	-0.233	0.8125276
NAP1L5	0.133	0.8125713
LOC100506016	-0.203	0.812966
SIDT1	-0.159	0.8130507
C22ORF24	-0.224	0.8131058
ASRGL1	0.183	0.81338
GOLGA7B	-0.21	0.813684
SPRR2G	0.178	0.8136882
DLEU7	0.168	0.8137725
LPAR4	-0.189	0.8141822
VDAC3	0.174	0.8142281
CORO7	0.114	0.8143112
PHYHIPL	0.17	0.8143695
PTPN13	-0.237	0.8144387
C3ORF49	-0.126	0.8144425
PNKP	-0.123	0.8144537
C19ORF47	0.126	0.814599
CHCHD7	-0.135	0.8146527
LOC100272216	-0.23	0.8146746
LOC254028	0.232	0.8148889
COX6C	0.119	0.814923
ZNF212	-0.148	0.8149507
KLHL24	-0.161	0.814958
ARL8A	0.114	0.815084
TRIP13	-0.157	0.8152175
FOXE3	0.231	0.8153408
RBM12B-AS1	0.126	0.8156996
LOC101928666	0.129	0.8158926
PLEKHM2	0.128	0.8159133
TAP1	0.15	0.8159224
LOC100996542	0.189	0.8159697
LOC101928739	-0.43	0.8161225
JUNB	0.181	0.8161398
DENND6A	-0.117	0.8161807
LINC00638	0.223	0.816268
TMEM14C	-0.114	0.8164055
CNIH2	-0.4	0.8164858
VIPR1	-0.237	0.8165739
NDUFA1	-0.121	0.8168132
FAM50A	0.116	0.8169121
IQCJ-SCHIP1-AS1	-0.163	0.8169226
ASF1B	0.329	0.8169868
HEXB	-0.127	0.8171819
OR7A10	0.294	0.8173316
PRPSAP2	0.126	0.817345
IPO4	-0.121	0.8173635
NDRG1	-0.161	0.8174333
TGFBI	-0.369	0.8174646
LOC101927552	-0.153	0.8175836
SH2D3A	-0.301	0.8176515
PSD	0.198	0.8177039
ADRA2A	0.49	0.8178619
COX7A1	0.147	0.8178762
LRRIQ1	-0.313	0.8179082
LOC105374325	-0.302	0.8180274
MRPL19	0.197	0.8180324
CX3CL1	0.121	0.8180602
CDPF1	-0.168	0.8180826
SLC36A1	0.194	0.8182308
RPP38	0.116	0.8183129
LOC105376805	-0.15	0.8183366
ANK1	0.176	0.8184255
TRPM2	-0.114	0.818428
CTH	0.227	0.818438
ARF5	-0.112	0.8184694
TIMM50	-0.125	0.8185029
PSG7	0.265	0.8186363
LRIG3	-0.165	0.818745
EFHC2	-0.42	0.8187772
SHKBP1	-0.165	0.8187957
DROSHA	0.116	0.8188946
LEMD3	0.121	0.8190631
ETHE1	-0.12	0.8190645
RGMB-AS1	-0.282	0.8192945
NDUFA4	-0.124	0.8193129
SLC7A7	-0.193	0.8194601
MTMR3	0.112	0.8196498
CEP192	0.131	0.8198441
IL3	0.419	0.8198546
PYROXD2	0.148	0.8198726
LOC100507516	0.49	0.8199542
LOC105370697	-0.304	0.8200579
LOC101927943	0.309	0.8201888
GTF2F2	-0.148	0.820205
PRO1082	-0.117	0.8203124
RPL22	-0.114	0.8203339
FLJ38576	-0.26	0.8203937
LOC100289058	0.138	0.8205764
BRD1	-0.14	0.8206759
TPRG1L	-0.117	0.8207829
FAM89B	0.158	0.8207997
DENND1C	-0.125	0.8209154
HIST1H2APS5	0.296	0.820946
CAPN14	0.409	0.8210568
LRP2	-0.151	0.8211602
FNDC10	-0.148	0.8211783
GAA	-0.13	0.8212736
AOC2	0.141	0.8212759
ZSWIM2	0.47	0.8213337
CLPS	-0.23	0.8214993
LOC105370549	0.472	0.8215996
TMEM216	0.146	0.8216699
LOC441052	-0.322	0.8217536
ARL6IP5	0.116	0.821916
FASTKD3	0.123	0.8219752
PAK4	-0.114	0.821981
IFNA5	-0.428	0.8220279
VWA7	-0.365	0.8220427
KRT18	0.37	0.8224602
TPRKB	0.117	0.8225758
NME6	-0.137	0.8225854
E2F3	-0.115	0.8226824
LOC100147773	0.142	0.8227378
DCTN1	-0.11	0.8227666
RAI2	-0.131	0.8227784
TMSB15B	-0.3	0.8231194
SCD	0.169	0.8233241
SHPRH	0.17	0.8234423
FOXF1	0.109	0.8234574
PALM2	-0.204	0.8234979
LOC101927877	-0.307	0.823504
SREBF1	0.309	0.8236514
TMED2	-0.11	0.8236779
PRKAR1B	-0.122	0.8237031
TFPT	-0.134	0.823819
TMEM192	0.11	0.8238304
STARD9	0.111	0.8239038
RABGEF1	-0.177	0.8239468
ALDH1L1	-0.156	0.8240216
LOC101930081	-0.21	0.8240347
NPDC1	-0.116	0.8241138
GMFG	-0.161	0.8241262
CYP27C1	-0.165	0.824282
USP10	0.122	0.8242847
TSTD1	-0.431	0.8243818
LOC101928505	0.205	0.8245645
GLI1	0.157	0.8248438
DDX4	0.182	0.8248997
NMB	0.237	0.8249574
POM121	0.224	0.8251078
LOC101929279	-0.152	0.8251244
CDRT15L2	0.174	0.8252875
NKX1-1	-0.23	0.8253277
LOC105373434	-0.192	0.8253826
IFNE	-0.563	0.8253925
GAR1	-0.117	0.8254265
PEX12	0.113	0.8254913
TRIM23	0.129	0.8255089
ZNF354C	0.133	0.8255443
OIP5	0.289	0.8255905
ZDHHC23	-0.154	0.8256385
SEC31A	0.128	0.8256933
RHOXF1	0.143	0.8257227
CALML5	-0.165	0.8257976
SHROOM2	0.126	0.8258207
MRAS	-0.176	0.825928
GSPT2	-0.146	0.8259668
C1ORF158	0.21	0.8261114
PCSK9	0.206	0.8261287
LOC100506351	-0.143	0.8262071
CEACAM8	-0.136	0.8262392
ITPKB-IT1	0.358	0.8263304
PNPLA3	-0.323	0.826338
RHOBTB1	-0.12	0.826418
APPL1	0.136	0.8264489
JUP	-0.134	0.8265665
FMO6P	0.221	0.8266775
SETX	-0.111	0.8267521
ACBD4	0.113	0.8267901
CITED4	-0.137	0.8268119
PNPLA8	0.117	0.8268606
CMC1	-0.11	0.8270298
BCS1L	-0.106	0.8273531
CITED2	0.307	0.827366
LINC01206	-0.495	0.8273989
RGSL1	0.118	0.8274396
TMEM140	-0.258	0.8275316
GXYLT1	-0.117	0.8280159
GK3P	0.135	0.8280518
GUSBP5	-0.112	0.8280655
RNF133	-0.138	0.8280971
BAAT	0.153	0.8281207
CDYL	0.152	0.828163
ZBTB4	-0.108	0.8281631
LTB4R2	-0.134	0.82818
LINC01231	0.126	0.8282467
NUS1	0.119	0.8282976
SIGLEC5	0.121	0.8284705
PAQR4	0.129	0.8284849
RMDN3	-0.106	0.8286146
SCOC	-0.121	0.8286749
DHX29	0.116	0.8287136
LOC105375483	-0.152	0.8288338
KIAA1191	-0.108	0.8290328
USP21	-0.133	0.8290937
TEFM	0.11	0.8291175
RALYL	0.231	0.8293063
CDC42-IT1	-0.114	0.8293342
LOC157931	0.492	0.8294008
LINC00933	-0.443	0.8295606
CDH20	0.193	0.8295908
SLC7A6OS	0.134	0.829684
ERCC6	-0.124	0.82995
GDAP1L1	0.28	0.8300291
TPMT	0.297	0.8303343
SYTL5	-0.256	0.8304202
ERCC6L	-0.337	0.8304665
PKN1	0.128	0.8305037
PIEZO1	-0.351	0.8305277
COX7A2L	-0.107	0.8305351
PPP2R1A	-0.106	0.8305479
FREM1	0.215	0.8305888
MADCAM1	-0.135	0.8307171
CFAP161	0.373	0.8307448
C7ORF71	-0.513	0.8308506
LOC728061	0.138	0.8310235
TMEM160	0.107	0.8311225
PSMB5	0.106	0.8311258
MAP4K3	0.128	0.8314548
NANOS1	0.116	0.8314562
GUCD1	0.122	0.831499
SLC22A24	-0.126	0.8318629
LY6G6E	0.343	0.8318721
FKBP1B	0.172	0.8319221
LOC101927069	0.349	0.8319351
ADGRG1	-0.178	0.8319618
PFAS	-0.111	0.8319951
AEN	0.123	0.8320351
RPUSD4	0.116	0.8321499
SMG1P5	-0.15	0.8321577
DDX24	-0.105	0.8322617
OR7D2	-0.225	0.8323266
NEBL-AS1	-0.213	0.8324201
RNF166	-0.121	0.8325827
HIST1H2AL	0.163	0.8325984
PIP5K1B	-0.233	0.8326506
LOC101928661	-0.157	0.8326577
BIK	-0.259	0.8326707
ATXN8OS	0.125	0.8327323
CCDC182	0.104	0.8330115
ALDH3A1	-0.14	0.8330175
CYP4F22	0.155	0.833103
FNDC7	-0.248	0.8331793
NIFK-AS1	0.131	0.8331811
LOC643072	0.116	0.8332815
USO1	0.11	0.8332903
KLRA1P	0.323	0.8333996
SPRR1B	0.291	0.833567
ZNF385D	-0.173	0.833593
GPATCH3	-0.113	0.8336021
PRR7	0.306	0.83364
GTF2I	-0.105	0.8336899
ZNF491	-0.136	0.83372
ADAM2	0.391	0.8337394
LINC00348	0.28	0.8337975
PDE6C	0.189	0.8339207
LOC101929177	-0.104	0.8342491
PUS1	0.145	0.8342802
CAMTA2	0.104	0.8343179
SYT8	-0.168	0.8343311
LOC100420758	0.108	0.8343875
CLCN6	0.109	0.8345521
TMEM79	0.163	0.8345756
KCNK12	-0.227	0.8348324
WDR45	0.103	0.8350069
OPTC	-0.233	0.8350911
INSRR	0.319	0.8352299
CNNM3	0.152	0.835303
FAHD1	0.148	0.8354111
TSR1	0.107	0.8358604
FAM114A1	-0.147	0.8358779
ABCA5	-0.12	0.8361893
SNRPB	0.133	0.8361901
FXYD6	0.179	0.8362808
LOC440434	0.116	0.8363996
MRPS35	-0.102	0.8366324
LOC100996251	-0.107	0.8366449
GNG10	-0.119	0.8366775
LAMB2P1	-0.15	0.8367064
NEURL3	-0.227	0.8370796
ZHX2	0.118	0.8370866
PSMD14	-0.101	0.8371202
AKR1B10	0.115	0.8371351
DIRC3	0.163	0.8372139
CBLN1	0.482	0.8373131
DPEP3	-0.21	0.8373614
RPS7	0.105	0.8374003
VPS37B	-0.134	0.8375434
KLHDC3	0.145	0.8375462
GRAMD1C	-0.147	0.8375821
C2ORF73	-0.194	0.8376107
FBXL22	-0.12	0.8377026
SRA1	-0.114	0.8377062
PPP1R16A	0.108	0.8377552
SHISA7	-0.125	0.8377834
SPSB4	-0.119	0.8378253
CA7	-0.285	0.8378744
CTDP1	0.114	0.8378962
WFDC10A	-0.235	0.8379299
PTPMT1	0.105	0.8381175
MAGI2-IT1	0.126	0.8383849
LOC441601	-0.313	0.8384997
GHRLOS	0.183	0.8385283
ENTPD1-AS1	0.0999	0.8386907
CCL23	-0.216	0.8386946
CPAMD8	-0.205	0.838716
LOC101928009	-0.17	0.8388063
RGS2	0.131	0.8388128
KIAA1143	-0.145	0.8389221
LINC00567	0.341	0.8389518
ATP5G3	0.105	0.8389707
SLC35A1	0.123	0.839018
NUP62	0.116	0.8391019
LDHAL6A	0.171	0.8391379
SLC35F1	0.125	0.8391869
HYOU1	-0.135	0.8392323
LOC101928844	-0.105	0.8392628
STT3B	-0.101	0.8393729
TRAV8-3	0.127	0.8394514
DHDDS	0.103	0.839461
LINC01116	-0.113	0.8395081
LINC01121	-0.184	0.8395526
C10ORF62	-0.271	0.8397143
CENPB	0.119	0.8400446
TNFSF18	0.109	0.8401097
LRRC42	-0.105	0.840206
C1ORF111	0.125	0.8402082
PPP1R35	-0.118	0.8402204
PNPO	0.114	0.8402267
PSMB6	0.108	0.8402509
NIP7	-0.121	0.8402992
HACE1	0.107	0.8403144
PRIMA1	-0.134	0.8403183
METTL2B	0.1	0.8407604
ZNF469	-0.209	0.8407675
EXOSC5	-0.156	0.8408561
P4HTM	0.104	0.8408961
DYNLT3	-0.107	0.8409717
TAB1	0.115	0.8413421
WDR83OS	-0.0978	0.8414232
IFIT5	-0.11	0.841709
HCRTR1	-0.151	0.8418657
LOC101928144	-0.194	0.8419029
ZNF133	-0.102	0.8419312
LOC101927098	-0.207	0.8419718
SLITRK3	0.0979	0.8420896
PLAC1	0.173	0.8421971
CSDC2	-0.142	0.8423058
SHANK2-AS3	-0.302	0.8425562
RLN1	-0.191	0.842567
LOC100507194	-0.386	0.8426454
PNMA3	-0.181	0.842773
LINC00202-2	-0.192	0.8427927
VPS26B	0.116	0.8430686
LINC00284	-0.106	0.8430857
SLC50A1	-0.188	0.8430956
SLC52A1	0.353	0.8431622
BCORP1	0.122	0.8431678
HOXC13	0.149	0.8431682
LOC101060424	-0.265	0.8432721
ASB16	-0.141	0.8434464
LOC102724511	-0.434	0.8434548
NCOA4	0.113	0.8434609
FOXN3-AS2	-0.241	0.8436862
BNC1	0.322	0.8436889
SETD1B	-0.123	0.8440162
ZNF622	0.104	0.8440986
MUL1	0.103	0.8441791
C3ORF80	-0.616	0.8442112
DOC2A	-0.298	0.8442174
LOC100128185	-0.0992	0.8443087
MRPS16	0.102	0.8443793
TMEM184C	0.0976	0.8444
AKT1	-0.0961	0.8444777
TAAR2	0.272	0.8445569
CCDC83	-0.376	0.8445663
CSN3	-0.168	0.8447262
RIC3	-0.131	0.8447319
NCKAP5	-0.187	0.8447348
HIST1H3C	0.176	0.8447541
MIR133A1HG	0.278	0.8447725
GSG1L	-0.113	0.8451682
ZNF426	0.117	0.8453864
STK32B	0.188	0.8454511
TSSC1	-0.0974	0.8454799
TK1	0.294	0.8455424
SLC25A1	0.154	0.8456157
P3H3	0.129	0.8457436
TAAR9	-0.387	0.8461172
CECR7	0.314	0.8462114
FAF2	-0.11	0.8464775
LOC105374768	-0.405	0.8466096
ZFAND6	0.0941	0.8469218
RPS6KA3	0.123	0.8470006
MESDC1	0.103	0.8470434
ZNF792	0.158	0.8471856
METTL23	-0.12	0.8474459
LOC100506083	-0.109	0.8474559
ACTR5	0.123	0.847515
LOC105372793	0.348	0.8475676
LOC101927157	-0.105	0.8476481
FAM174A	-0.0948	0.8478456
NEK4	-0.328	0.8478659
LL22NC03-63E9.3	-0.316	0.8479021
SOX8	-0.113	0.8479181
VRTN	-0.2	0.8479563
SHCBP1L	-0.136	0.8480815
LINC01082	-0.125	0.8481325
NOP2	0.112	0.8485727
CD33	0.23	0.8486577
LOC105379362	-0.134	0.8486952
LOC101926975	-0.272	0.8487878
HTN1	-0.332	0.8488542
GGT6	-0.287	0.8488702
IQCF6	0.132	0.8489416
CREB3	-0.0929	0.8490426
USP54	0.108	0.8491281
UQCRC1	0.0975	0.8491325
HCK	-0.255	0.8491555
MVD	0.115	0.8493944
ARPC4	-0.098	0.8494034
FYTTD1	0.107	0.8494858
LOC101926916	0.102	0.8496162
ANO5	-0.103	0.8496836
CDC37	0.0947	0.8496997
CECR5	0.0993	0.8498463
EFNB2	0.108	0.8500742
MCM8-AS1	-0.217	0.8501302
SASS6	0.109	0.8502014
RNF103	-0.224	0.8502357
PCDH17	0.0974	0.8503465
POC1B	-0.146	0.8503996
GJA8	-0.109	0.8505054
GNAI1	-0.115	0.8506147
SLC26A4	-0.246	0.8507931
OR9A1P	-0.224	0.8509461
PRKD1	-0.127	0.8510041
FMO2	-0.112	0.8510062
NMD3	-0.102	0.8510205
PTPRCAP	0.249	0.8510249
DDX19B	-0.114	0.8512398
RGS9	0.0922	0.8512952
VBP1	0.0935	0.8514015
HLX	0.207	0.8514506
PLA2G7	0.191	0.8515584
TLR8	0.14	0.8515739
CCDC190	-0.249	0.8516087
HERC5	-0.103	0.8516214
SRP54	-0.115	0.8517687
GPR141	0.0987	0.8518594
FKBP2	0.0936	0.8519292
FAM193A	0.0919	0.8520467
NUDT1	-0.199	0.8520491
ANGPTL3	0.263	0.8521712
CHAMP1	0.0934	0.8522144
SLC25A14	0.141	0.8523167
ARL1	-0.113	0.8523542
LOC101927093	-0.13	0.8523639
SNORA68	-0.174	0.8523742
WHAMMP2	-0.141	0.8526349
LINC00847	0.104	0.8526521
LOC100288675	-0.124	0.8529393
RADIL	-0.247	0.8530533
LINC01494	0.253	0.8532454
PGLYRP4	-0.144	0.853394
GEMIN7	0.153	0.8536362
CTNNAL1	0.104	0.8537236
PDGFRL	-0.132	0.8537984
PGLYRP1	-0.141	0.8539729
SSMEM1	-0.338	0.8539803
LOC101928255	-0.26	0.8539851
DEXI	0.097	0.8540832
LOC101929761	0.134	0.8540984
TRY2P	-0.194	0.854226
GZMH	-0.113	0.8546407
DNM1P41	0.15	0.8547388
GALK1	0.353	0.8547726
PRRX1	-0.109	0.8549071
CBY3	-0.113	0.8549196
DSERG1	0.12	0.8549283
C1ORF226	-0.121	0.8550526
ADAMTS1	-0.14	0.855055
GALNTL6	0.0965	0.8550917
RPS6KB2	-0.124	0.8552523
BTNL8	-0.174	0.8553332
SCAP	-0.0932	0.8553464
GLA	-0.104	0.8554455
SDR16C5	-0.345	0.8555208
OR11A1	-0.15	0.8555467
CAMKV	0.0942	0.8555579
RAC3	0.322	0.8555707
ITPR1-AS1	-0.378	0.8555815
LOC101927972	0.153	0.8556359
THEM6	-0.189	0.8556377
NLRP4	0.244	0.8556784
PLP1	0.0962	0.8556841
RABAC1	-0.0906	0.8557179
PREB	0.124	0.8558224
VPS51	0.0955	0.8558296
TBX2-AS1	0.208	0.8560079
ATP6V1E1	0.0964	0.8561212
CEP126	0.148	0.8561631
CAV3	-0.138	0.8563032
ALOX5AP	-0.187	0.8563194
GPR78	0.116	0.8564772
SEPT12	-0.135	0.8564922
TRBV27	0.299	0.856549
UGT1A6	-0.171	0.8566053
ASIC2	0.232	0.8566393
RAD21	-0.0941	0.856673
POMP	-0.0884	0.8566928
MGC34796	-0.17	0.8567212
CEP72	-0.124	0.8567544
FAM150B	0.0931	0.8568292
BRAP	0.0956	0.8568762
CCDC167	0.0882	0.8569969
ZNF428	-0.332	0.8570243
PMM1	0.0905	0.85716
CROCCP3	0.207	0.8575541
SDCBP	0.0908	0.8576035
FAM214B	-0.123	0.8577639
MARCH4	-0.132	0.8578156
RPP25L	-0.106	0.8578898
TOR1B	-0.0876	0.8579897
LONRF3	0.112	0.8579962
IL4I1	-0.112	0.8580454
NOXRED1	0.109	0.8581557
FIGNL1	-0.0951	0.8581589
MFAP1	0.0893	0.8583462
C17ORF67	-0.229	0.8584018
MARC2	-0.101	0.8584921
CRKL	0.092	0.8586549
TTC13	0.0874	0.858662
ITPRIPL1	0.142	0.8590552
ARHGAP12	-0.0967	0.8592424
LOC283516	0.18	0.8593032
SMKR1	0.254	0.8593635
LRRC69	0.0897	0.8596456
FERD3L	0.112	0.8596904
CENPW	0.0908	0.8601385
GHRH	-0.134	0.8601838
TCF7L1	-0.0944	0.8602079
KLF1	0.124	0.8603605
NINL	0.111	0.8603666
ZNF702P	0.226	0.8604071
MORC4	0.113	0.860425
GIGYF2	0.105	0.8604373
TOMM40L	-0.0913	0.8605739
LINC00644	0.115	0.860582
KIAA1468	0.103	0.8606211
IKBKE	-0.109	0.8606263
ABCC10	0.109	0.8606851
SH3BGR	-0.128	0.8607102
RASGEF1C	0.103	0.8608867
TMEM30A	-0.0962	0.8608923
XRN1	-0.112	0.8609159
RBP5	0.128	0.8610812
DUSP22	-0.0874	0.8612278
NPY5R	-0.322	0.8612283
MRPL3	-0.0898	0.8612336
H1F0	-0.135	0.861352
SGTB	-0.267	0.8615008
AURKC	0.0893	0.8615148
ANP32A-IT1	0.0973	0.8616699
RPL24	-0.0851	0.861844
SYCE1L	0.154	0.8619231
C8ORF34-AS1	0.114	0.8620201
SIRPD	-0.098	0.862162
EBLN2	0.118	0.8621959
LOC102723831	0.0896	0.862205
AIFM1	0.116	0.8623967
LOC101929284	0.0846	0.8624569
CCNA1	0.15	0.8625612
RPL19	-0.087	0.862589
ATIC	0.104	0.8627037
COPG2IT1	-0.115	0.8628111
TRIML1	-0.106	0.8630376
LOC340074	0.231	0.8630872
LOC101928877	0.198	0.8631282
STARD3	-0.0853	0.8632049
LOC105373460	0.384	0.8632528
HCG26	-0.24	0.8632681
IDE	-0.0909	0.86334
COPS5	0.0874	0.8633494
LOC101928718	0.276	0.8634635
FLJ31104	0.109	0.8635872
WDYHV1	0.113	0.8637621
MROH6	-0.0862	0.8637763
ZNF408	0.0857	0.8638675
ANXA2P1	-0.199	0.8640278
GNPAT	0.0872	0.8640503
ARMCX6	-0.103	0.8640826
LOC439938	0.162	0.8641331
B4GALT2	-0.0862	0.8642639
RBX1	-0.0834	0.8643104
EXOC3-AS1	-0.0855	0.8644097
TERB2	0.443	0.8645558
LINC00595	0.09	0.8647056
EGR2	-0.121	0.8647161
LOC101929288	0.11	0.8648019
RPL7AP10	0.185	0.8649563
NAV2-IT1	-0.111	0.8651649
SENP1	0.205	0.8651744
PACSIN3	-0.12	0.8651961
RSPO3	0.366	0.8654095
POT1	-0.0873	0.8655482
NKAP	-0.0859	0.8656505
SLC5A9	0.303	0.8656598
CHRNB2	-0.205	0.8657559
NINJ1	0.095	0.8657915
PTGER4P2-CDK2AP2P2	0.216	0.8658099
ZNF532	-0.0918	0.8658451
LOC101927095	0.124	0.866019
PDZK1	0.259	0.8660751
TYK2	-0.0892	0.8660995
RILP	-0.18	0.8663384
ARCN1	-0.0853	0.8663702
NAA60	0.082	0.8665851
LHPP	-0.166	0.8667823
TRAF6	-0.0894	0.8668266
PCDHGA8	0.0841	0.8669034
ITGB7	0.0989	0.8669584
LRRC37B	-0.108	0.8670653
GPATCH1	-0.0845	0.8671626
VAMP8	0.125	0.86718
CCDC107	0.102	0.8673132
UBXN8	-0.0821	0.8674979
HAX1	-0.0846	0.8676323
ZNF436-AS1	0.107	0.8677169
GABARAPL2	0.0934	0.8677338
SH2B1	-0.105	0.8678078
ZFAND2B	0.0983	0.8678444
LOC100287210	0.171	0.8679332
ARMC12	0.0857	0.8680865
KRTAP4-5	-0.188	0.8682399
DHX16	-0.0893	0.8683317
P2RX5	0.106	0.8684264
PLEKHO1	0.149	0.8684881
CPSF3	-0.0805	0.8685234
CLK1	-0.0875	0.8685813
TSR2	0.0814	0.8687683
DUSP26	-0.112	0.868823
ZNF485	0.148	0.8688372
UCN2	0.134	0.8688895
LOC284395	0.102	0.868901
LINC00710	0.363	0.8689751
SNRNP35	0.0863	0.8690585
LOC101928207	-0.112	0.8690821
RAB2B	0.082	0.8691087
VPS37D	0.185	0.8691853
ZNF28	0.162	0.8692127
CTPS2	0.132	0.8692947
PRINS	0.081	0.869329
THYN1	-0.08	0.869506
PRAMEF10	0.214	0.8695849
OPRPN	0.123	0.8697362
RBPMS-AS1	0.118	0.8698414
GCSAML	0.0993	0.8698731
FXYD4	-0.0813	0.8698928
UBL4A	0.0869	0.869969
NDUFA5	0.0985	0.8700157
INSM2	0.11	0.8700246
MCRIP1	-0.136	0.8702995
SLC25A5-AS1	-0.124	0.8703482
ZNF713	0.0931	0.870366
PTPRZ1	-0.0896	0.8704721
PARP1	0.095	0.8705149
DUSP11	-0.0799	0.8707113
NCSTN	-0.101	0.8708435
HMMR-AS1	0.249	0.8711489
GRB7	-0.093	0.8712378
ALPP	0.0824	0.8713273
IGLL1	-0.192	0.8714439
C1ORF204	-0.0862	0.8715267
LOC105370580	-0.159	0.8716716
MRPS11	-0.086	0.871716
LOC101927702	0.221	0.871817
SKA3	-0.138	0.8720223
DPY19L3	0.121	0.8721479
TAF3	0.0933	0.8722566
PRELID3A	-0.149	0.8723251
FER1L5	-0.141	0.8723484
NAPG	0.0833	0.8724015
FLJ33360	0.0839	0.8725083
KIR2DL2	-0.106	0.8725583
EXOSC8	-0.0806	0.8726614
BCDIN3D	0.115	0.8728079
CTNNBL1	0.0801	0.8728731
LINC00328	0.172	0.8729237
DNAJB2	-0.115	0.8731627
PKI55	-0.182	0.8731719
NR3C2	0.0882	0.8732117
HLA-DPA2	0.245	0.8736632
PNLDC1	-0.103	0.8736998
LZTR1	-0.0777	0.8737997
GUSBP2	0.109	0.8738018
DDX59	-0.085	0.8738168
LOC101928047	-0.19	0.8739225
SPINT2	0.103	0.8739659
MYCNUT	0.118	0.8739908
TAC3	-0.0891	0.8741928
LOC105373150	-0.265	0.8742725
LOC101927330	-0.157	0.8743787
RBBP5	0.0915	0.8744428
TOMM34	-0.0973	0.8744984
ABCD2	-0.333	0.8746671
SLC22A15	-0.0847	0.8747185
ZNF436	-0.0998	0.8748847
ANKRD30BP2	0.14	0.8749593
FBXL2	0.084	0.8752088
LOC100130778	-0.291	0.8754415
LINC00654	0.0881	0.8755035
OPHN1	-0.0946	0.8758387
CYFIP1	-0.0997	0.876017
LOC286382	0.125	0.8760979
LOC339298	0.226	0.8761574
C3ORF14	-0.126	0.8761694
TTC7B	0.117	0.8762696
GDPGP1	0.121	0.8762936
TFF3	-0.0795	0.8765269
NMUR1	0.122	0.8765322
A4GNT	-0.0869	0.8765502
PAEP	-0.23	0.876555
ZNF645	-0.1	0.8765919
RHCG	-0.162	0.876711
ZNF669	-0.0767	0.876792
FOXB1	-0.178	0.8770367
ZGLP1	-0.217	0.8770794
LINC00685	0.0783	0.8772239
NAA38	-0.0783	0.8773285
TMEM159	0.0938	0.8775248
C5ORF45	-0.105	0.8775851
CLC	-0.107	0.8775971
EIF3J-AS1	-0.101	0.8776583
NDUFB10	0.0916	0.8778091
SCAMPER	0.213	0.8778343
LOC439911	0.0798	0.8778639
LOC285178	0.163	0.8778962
TPST2	0.0774	0.8779988
LINC01300	-0.352	0.8782162
LOC100130992	0.0774	0.8782446
LOC101929473	0.153	0.8785913
LOC105371703	-0.115	0.8787329
LOC100996263	-0.0866	0.8791
GUCA2B	-0.191	0.8792716
SNF8	0.0775	0.8792865
LOC105373383	-0.122	0.8793197
VEZF1	0.0852	0.8796178
ZFP36	0.142	0.8796331
PLPPR3	-0.127	0.8796594
MAL2	0.452	0.8798407
AHSP	0.19	0.879902
C11ORF42	-0.0931	0.8800988
SAPCD2	-0.0743	0.8801943
DNAJC27-AS1	0.249	0.8802787
MRPL15	-0.08	0.8803036
TAAR1	-0.115	0.8804514
ATG4A	0.0734	0.8804712
LOC497256	-0.201	0.8805347
LOC255654	0.086	0.880768
FGF10-AS1	-0.159	0.8808211
LOC646482	0.296	0.8809053
NRM	0.0736	0.8809909
RRP1B	0.0778	0.8810038
SHC2	0.086	0.8811984
LOC375196	-0.2	0.881246
IFRD2	-0.12	0.8814382
FAM13B	-0.114	0.8815853
CYP1B1-AS1	0.134	0.8815905
CHSY1	0.0812	0.8817352
MIR181A2HG	-0.286	0.8817464
TEX30	0.0923	0.881801
ALKBH2	0.0868	0.8818361
RGAG4	0.11	0.8818678
NPIPA1	0.111	0.8819906
GSTP1	0.0779	0.8820134
HSD17B3	-0.0769	0.8820979
SUGCT	-0.105	0.8826301
CHST8	-0.19	0.8826429
TMEM205	0.0727	0.8827937
FBXL7	0.0945	0.8828208
GMNC	-0.271	0.8831626
LINC00886	0.167	0.8834025
RSPH1	0.0733	0.8835125
WFDC8	0.124	0.8836427
PRAP1	0.137	0.8837379
CD177	-0.147	0.8837865
ZNF415	0.0967	0.8838489
MAMDC4	0.196	0.8838901
LOC284263	-0.239	0.8840972
WBSCR28	-0.156	0.8841048
C11ORF16	-0.104	0.8842182
TNFAIP8L1	-0.101	0.8842889
CPE	0.136	0.8843711
ARL2	0.0823	0.8843891
LINC00870	-0.0884	0.8845215
FOS	-0.222	0.8845621
ONECUT1	0.115	0.8851189
ZNF337	-0.0744	0.8851226
TAF2	0.0805	0.8852416
FKBPL	-0.0975	0.8854023
LOC284950	0.24	0.8854057
GJB6	-0.259	0.8856047
LOC105377925	0.431	0.8856367
BATF2	0.13	0.8858165
GLT1D1	0.132	0.8859927
EIF2D	-0.076	0.8862217
GNPNAT1	0.0775	0.8863904
GNB1L	0.192	0.886661
ZNF23	-0.074	0.8866806
PCF11	-0.0731	0.886692
CPEB1-AS1	0.134	0.8868965
ADCY3	0.089	0.886898
AKR1B1	-0.0719	0.8870002
SLC25A22	0.0895	0.8870142
ST3GAL5	-0.0728	0.8872587
LOC100505658	0.0915	0.8872885
CCL11	0.138	0.8873945
LOC101927841	0.214	0.887459
WASF1	-0.0829	0.8874772
SMARCD1	-0.0868	0.8874958
CDIPT-AS1	0.188	0.8876794
LINC00879	-0.131	0.8878371
SNORD89	0.0787	0.8878596
LOC105373876	-0.238	0.8879153
PCGF6	0.0727	0.8881517
CLMP	0.265	0.8881702
CRNN	-0.105	0.8882246
SHOC2	-0.069	0.8883057
UBP1	0.117	0.8883078
RP9	0.0811	0.8883965
LOC553103	0.152	0.8884341
DISP1	0.0748	0.8884439
HAVCR1	0.227	0.8886459
LOC100507156	-0.127	0.8886873
C10ORF91	-0.0934	0.8888359
DPP9	0.09	0.8889008
CSN1S1	-0.187	0.8889745
UBE2E3	-0.0687	0.8889991
ARHGEF9	-0.074	0.8891908
FCER1G	-0.147	0.8892219
TRAF3IP2	-0.084	0.8892344
LOC101928031	0.294	0.8892624
LOC100130987	0.125	0.8894526
LONP1	0.0788	0.8895757
TAF1	-0.0684	0.8898332
IL19	0.162	0.889851
MIR2052HG	-0.135	0.8899598
PABPN1	0.0724	0.8901072
TSSK1B	-0.0776	0.8902054
DSG1	0.155	0.8902908
RALY	-0.0806	0.8904226
RPL41	0.0675	0.8904881
LBH	-0.0691	0.8907622
RASA1	-0.0744	0.8907888
C2ORF47	0.0677	0.890839
NUP210L	-0.227	0.8909979
LINC00607	-0.162	0.8910048
RPL26L1	0.0791	0.8910543
ZNF419	-0.0726	0.8911758
PTX3	0.165	0.8911918
GAST	0.173	0.8912861
EP300	-0.0702	0.891345
LOC541472	0.0816	0.8913936
ORC6	-0.0832	0.8914173
C1ORF127	0.189	0.8916203
NAXD	0.0683	0.8917864
LOC101928419	0.187	0.8917898
PRORY	-0.0694	0.8918005
ACTL9	0.108	0.8921447
LOC101926967	0.0866	0.8921477
LOC101928020	0.147	0.892257
LOC646588	0.0741	0.8923549
C9ORF69	0.096	0.8924013
LOC101926944	-0.348	0.8924695
C9ORF62	-0.248	0.8925671
AMHR2	0.0905	0.8926116
THEMIS2	0.133	0.8926292
MYL6B	0.0749	0.8926695
GPR25	0.09	0.8926846
ZC2HC1A	0.0878	0.8928438
LOC101928418	-0.0834	0.8929157
FLJ13224	-0.0778	0.8929374
KRT85	0.0869	0.8930445
CLIP2	0.0781	0.8930914
MRGPRG-AS1	-0.133	0.8931672
HAO2	-0.201	0.8933836
LTF	0.344	0.8934286
LOC100506100	-0.224	0.8934336
C1ORF100	0.206	0.8934459
ZNF891	0.112	0.893504
LOC100505635	0.0944	0.8935155
RALGDS	0.0789	0.8935335
MRPL45P2	-0.267	0.8936079
PODNL1	0.0764	0.8936804
MEPCE	-0.0755	0.8939348
LOC101929538	0.146	0.8942673
ERICH4	-0.217	0.8943723
RHBDD2	0.0714	0.8944852
ELP3	0.0677	0.8944991
APOO	0.0865	0.8945265
LOC101927363	0.159	0.8949323
LOC654780	0.0674	0.894993
C14ORF28	-0.0934	0.895058
OXLD1	-0.0673	0.8950591
UVRAG	0.0813	0.8952111
EP300-AS1	-0.104	0.8956445
DPM1	-0.0665	0.8956546
FAU	-0.0657	0.8957347
LOC101929529	0.142	0.8957386
SEMA4G	-0.0728	0.8960996
GRIN2D	-0.0688	0.8961179
ALKBH4	0.0658	0.8963614
ZCCHC9	-0.0775	0.8963721
TPK1	0.0691	0.8964441
LOC102724017	0.0693	0.8964909
NECAB3	-0.0708	0.8967016
STX1A	0.224	0.8967142
C8B	-0.105	0.8970644
MC1R	0.0686	0.8972592
LOC101929609	-0.0776	0.8972872
ACSM1	-0.184	0.8973542
GTF2IP12	-0.112	0.8973545
PLGLB2	0.115	0.8974136
NXNL2	0.0706	0.8975126
CES1P1	0.0815	0.8975536
EMILIN1	-0.203	0.8975757
LOC102723845	0.0667	0.8976009
ZNF280A	-0.214	0.8976162
COX6B1	-0.0632	0.8977063
SLC2A2	0.109	0.8977889
UBAC2	-0.0818	0.8978167
XK	0.131	0.8978263
LHX8	-0.327	0.8978788
ZNF417	-0.251	0.8979207
TRIM54	0.0883	0.8979643
SLN	0.158	0.898019
DARS2	-0.0678	0.8980775
LOC101928820	-0.158	0.8981949
TCFL5	-0.0715	0.8982539
C2CD5	0.0916	0.8983807
FCHO1	0.0706	0.8983902
MAP1S	0.0686	0.8984541
PILRA	0.0957	0.8986302
NDUFB7	-0.0812	0.8989931
LRBA	-0.0647	0.8991423
PMF1	-0.0661	0.8991675
LOC101927735	0.137	0.899559
SLC25A39	-0.062	0.8996701
ABHD17C	0.0673	0.8996768
HTRA1	0.0845	0.8998516
C4ORF36	0.162	0.8999281
ZNF593	-0.0738	0.899941
C10ORF35	0.102	0.8999418
HPCA	0.0744	0.8999667
KCNMB3	-0.138	0.9000844
PLEK2	0.0795	0.9000909
TULP1	-0.0735	0.9002118
LOC100996455	0.226	0.900531
USP29	0.169	0.9006227
MATR3	-0.106	0.9006978
GDF9	-0.111	0.9009595
DZIP1L	0.0832	0.9010598
BPIFB2	-0.257	0.9011401
SIRT3	-0.0622	0.9011627
LINC00608	-0.114	0.9012657
CDC40	0.0668	0.9014262
ATP5G1	0.0634	0.9014706
HLA-DRB6	0.209	0.9015237
NXPH4	-0.0844	0.9017001
NAALADL1	0.0782	0.9020639
LINC00112	-0.093	0.9021778
ARL14	-0.102	0.9022193
ZNF35	0.0719	0.9022792
FAM69C	-0.1	0.9023794
LOC102723701	-0.118	0.9024538
CALR3	-0.254	0.9027989
TYRP1	-0.0829	0.9030965
TMC4	-0.137	0.9035051
CEP135	0.0891	0.9036742
LY96	0.137	0.9037525
ATG2A	-0.0754	0.9038181
FNDC9	0.121	0.9040006
FAM64A	0.199	0.904134
F2	-0.065	0.9047479
SNTA1	0.0677	0.9047538
LOC101928134	-0.107	0.9047887
LOC339260	0.155	0.9048682
TMEM151A	-0.095	0.904925
NFE4	0.179	0.9049533
MLST8	-0.0581	0.9049946
ITGB3BP	0.0779	0.9049969
ZG16B	-0.117	0.9050499
GPS2	-0.0579	0.9052618
HRC	0.0936	0.9054615
LBR	-0.113	0.9054718
NKG7	0.0784	0.9054984
MUM1L1	0.0586	0.9056901
ADGRF2	-0.234	0.9060177
LAMTOR2	-0.0625	0.9061133
LOC100507311	0.0663	0.9061157
CCDC28B	-0.0905	0.9061318
LINC01149	-0.136	0.9063493
CD2	0.0692	0.9065549
ACP6	-0.0685	0.9066338
KRT37	-0.174	0.9068104
KRTAP5-9	-0.0652	0.9071501
CMC2	-0.0613	0.907229
NNT-AS1	0.0723	0.9072764
SPATC1	0.0898	0.9073977
ST5	0.1	0.9074153
DEFA6	0.129	0.9074472
CDK5	-0.104	0.9074833
TMEM178A	-0.165	0.9076164
ZNF582-AS1	0.0751	0.9076726
IMP3	0.0727	0.9078177
NXNL1	0.107	0.9080672
UBE4A	-0.0588	0.9081004
LOC284014	0.0565	0.9083665
C19ORF54	-0.0854	0.9086108
S100PBP	0.0562	0.9086277
CSNK1G2-AS1	0.105	0.9087671
PRPF8	0.0599	0.90891
PTH2	0.0798	0.9091123
GPR15	-0.117	0.9091999
LINC01555	0.11	0.9092435
PGM5P2	0.0659	0.9094119
LOC101928211	-0.0738	0.9095362
FAAH	0.0847	0.9096818
LOC101928449	0.0874	0.9098308
KAT7	0.0559	0.9098575
R3HDML	0.0913	0.9100442
ISCA2	-0.0595	0.9100826
PCDHB2	-0.0776	0.9100994
ZDHHC16	-0.0553	0.9103224
LOC102723648	-0.245	0.9104272
LOC145678	-0.163	0.9105353
LOC101929027	0.166	0.9106214
DPY30	-0.061	0.9106883
FNDC3B	0.0633	0.9108018
LOC101929759	-0.09	0.9109262
CCDC146	-0.0683	0.9109528
SPATA42	-0.21	0.9109956
PDCD11	-0.0698	0.911077
PTS	0.0558	0.9111311
LINC00526	-0.056	0.9112666
MLNR	-0.12	0.9113763
GOLGA6A	-0.125	0.9114216
JOSD1	0.0586	0.9114259
SLC22A14	0.0827	0.9115785
CD3E	-0.239	0.9116193
PIM2	0.0767	0.9116445
OR10H1	-0.104	0.9117573
LRRC6	-0.0762	0.9118411
SSNA1	0.0547	0.9118751
TAF6	-0.0562	0.9120264
FLNC	0.133	0.9121233
LOC100505664	-0.0547	0.9121754
FHL3	0.151	0.9122024
ITIH6	-0.137	0.9122643
NKIRAS1	0.063	0.9123644
LOC100506473	0.0717	0.9123709
GRIPAP1	-0.125	0.9125218
CCK	-0.174	0.9125958
HYKK	0.115	0.9126326
NMBR	-0.191	0.9126471
IFI27L2	-0.0569	0.9126764
MS4A6E	-0.0971	0.9126845
CILP	-0.0566	0.9126947
LOC101927451	-0.0578	0.9127144
NCAPD3	0.0705	0.9128562
OLA1	-0.0562	0.91286
LOC100507377	0.0539	0.9129131
EDAR	-0.0617	0.912918
CYTIP	-0.0815	0.9129288
CYB5R2	0.0646	0.9129602
GPR84	-0.226	0.9129867
GCM2	-0.158	0.9131602
LOC100287808	-0.078	0.9131661
GSG2	0.0912	0.9131875
ZNF211	-0.0678	0.9134241
SLC46A3	-0.0545	0.9135118
C9ORF43	0.0559	0.9135918
OLFM3	-0.12	0.9136118
CHMP7	-0.0547	0.9138179
PDZK1IP1	0.23	0.9139244
C1ORF87	-0.0772	0.9139254
CLIC2	-0.0833	0.9141858
LOC148709	0.234	0.9143458
RBM24	0.0568	0.9144503
ST13	0.0591	0.9144807
ERI3	-0.0536	0.9146664
EAF1	0.0544	0.9147532
FGFBP1	-0.135	0.9148551
LOC100130078	-0.15	0.9149258
EPDR1	0.101	0.914952
ARHGEF18	0.056	0.9155411
LOC642426	-0.378	0.9156689
BMP3	-0.127	0.9156788
CTSLP8	0.0697	0.9156789
SPATA45	-0.227	0.9157307
NAA50	0.052	0.9159211
PNMA6A	-0.069	0.9159378
HIST1H3G	0.095	0.9159858
EN2	0.322	0.9160233
CDIPT	-0.0537	0.9160685
ZNF513	0.0543	0.9160966
PHACTR3	0.0629	0.9163014
CRLF1	-0.12	0.916323
GBAS	0.063	0.916359
LOC440149	0.0885	0.916506
SPRTN	0.0812	0.9165139
FMO1	-0.145	0.916544
OXSM	0.0563	0.9165947
B3GNT4	0.0727	0.9166199
OR6W1P	-0.0548	0.9168778
GALNT11	0.0676	0.9169622
PPT1	-0.0524	0.9171547
LINC01289	0.134	0.9174799
NARS	0.0504	0.9175733
ZNF283	0.092	0.9177052
RNASEH1-AS1	-0.0697	0.9178558
LOC100310756	-0.0816	0.9181699
PRPF3	0.0725	0.9182938
SMAD5-AS1	-0.177	0.9183745
EDC4	-0.0621	0.9186002
PSMC5	-0.0512	0.918625
CCDC189	-0.0584	0.9187505
C6ORF48	-0.0512	0.9187513
UAP1L1	-0.0707	0.9187593
PPARG	0.182	0.9189232
PSMB10	-0.0541	0.9189761
CTSK	-0.0514	0.9190461
PCDHGA4	-0.0622	0.9190776
ATP5E	0.0494	0.9191119
SKAP1	-0.062	0.9193886
RRP9	-0.123	0.9194398
FAM117A	0.081	0.9195312
TRPT1	-0.059	0.9195696
THAP8	-0.0567	0.9196059
CDH10	0.0883	0.9196225
FTSJ3	0.0654	0.9197403
TXNDC11	0.0557	0.9200346
ZNF524	-0.0811	0.9201108
CLDN10	0.0543	0.9202613
DCLRE1A	0.0579	0.9203333
KIAA1958	0.0662	0.920543
EID2	0.0534	0.9205686
LOC102724487	0.142	0.9206249
CDK7	0.0489	0.9207113
TMEM141	-0.0609	0.9208596
LINC00844	-0.0712	0.9208747
ZBTB5	0.0524	0.9208998
COMMD3	0.05	0.9209102
FTHL17	-0.197	0.9209264
CYP46A1	0.0536	0.9209683
PWAR5	-0.0763	0.9211768
SCUBE2	-0.0583	0.9214447
TLR9	-0.0562	0.9215604
LOC100129198	-0.153	0.9216189
KRTAP10-11	-0.0732	0.921698
ACADM	-0.0492	0.9217541
LOC100505515	0.102	0.9217575
CD163L1	0.0567	0.9221676
TBCA	0.0492	0.9221692
MTERF3	0.0493	0.9222545
RPL9	0.0487	0.9224829
LOC100131043	0.0472	0.922606
PRB4	-0.0773	0.9226723
TCEAL7	-0.0611	0.9227667
LOC286083	0.058	0.9228198
PTTG3P	0.0531	0.9229958
C22ORF31	0.0657	0.9232408
STGC3	-0.121	0.9234797
CNN2	0.0487	0.9235539
SLC16A12-AS1	0.1	0.923847
C5AR1	0.106	0.9241573
LOC101929132	-0.154	0.9244896
PPP5D1	-0.145	0.9246096
USHBP1	0.072	0.924653
POLR3GL	-0.0499	0.9246624
HDGFRP2	-0.048	0.9246639
LINC01209	0.1	0.9248423
PLPP6	-0.0612	0.9249344
MARK4	0.0474	0.9250908
CETN3	-0.0669	0.9252966
LOC100131541	0.0609	0.9253497
LOC153577	0.0956	0.9256492
HIST1H2BK	0.0619	0.9256834
LOC105373942	0.0712	0.9257044
KCCAT333	0.142	0.925734
TRIP4	-0.0463	0.9261058
NRGN	-0.0634	0.9261685
CCDC88B	-0.146	0.9263178
CNEP1R1	0.0455	0.9264104
TUT1	-0.0849	0.9264451
C19ORF53	0.0514	0.926484
WDR43	0.0506	0.9266067
SLC25A38	0.0458	0.926751
HES4	0.0757	0.9267631
HSPB1	-0.104	0.9268348
ZNF560	-0.0511	0.9268844
LOC284600	0.055	0.9269516
CPSF1	-0.127	0.9269699
MLKL	0.0497	0.9269857
C1QB	-0.103	0.927261
LOC105378311	-0.112	0.9273141
MIR205HG	-0.0943	0.927496
WFIKKN2	0.062	0.9276291
SLC17A2	0.145	0.9277647
FAM209B	0.124	0.9277817
NOL8	-0.0456	0.927789
RAD51C	0.0556	0.9277955
FRMD6-AS1	-0.0676	0.9279237
ARHGEF25	-0.0669	0.9279996
EIF6	-0.0448	0.9281002
FAM184B	0.0972	0.9282348
PSENEN	-0.0484	0.9283043
PVRIG	0.0669	0.928341
AATBC	-0.141	0.9284523
CAPN12	-0.0591	0.9285042
MIR548XHG	0.11	0.9285826
TRAIP	0.137	0.9286093
SUN2	0.0466	0.9286434
LOC100506679	-0.122	0.928772
AMMECR1L	0.0469	0.928833
VSIG10	-0.0836	0.9288559
TMEM63C	-0.0654	0.9290341
CEND1	-0.0673	0.9291112
LCN1	-0.0543	0.9291252
PCDHB5	-0.0543	0.9291483
KCNE1	-0.076	0.9292185
TUBA3FP	0.0643	0.929318
ZNF526	-0.0573	0.9293182
UNC50	0.0497	0.9293568
LOC340581	-0.111	0.9294066
SH3BGRL2	0.0454	0.9294252
LINC00298	0.134	0.9294503
KCNQ1-AS1	0.105	0.9297254
JAGN1	-0.0432	0.9298799
LINC00310	0.116	0.9301963
BPGM	0.0432	0.9302699
CYP4X1	0.0941	0.9305327
MYPOP	-0.0593	0.9307448
ZDHHC12	0.0669	0.9307699
C11ORF84	0.0908	0.930826
NKAPP1	0.0516	0.9310045
LOC285423	0.156	0.9311008
LGR6	-0.0717	0.9311512
E4F1	0.054	0.9312888
CKAP5	-0.0433	0.9313598
BTBD6	-0.0566	0.9314314
PLOD1	-0.0635	0.9315948
LOC283335	0.0728	0.931609
ZNF823	-0.0558	0.9317093
WDR75	0.0487	0.9317909
KCNK16	0.087	0.931823
C2ORF57	0.0712	0.9323602
NALCN-AS1	-0.127	0.9323989
PPP1R18	-0.0605	0.9324785
PHF2P1	0.134	0.9325242
C15ORF56	-0.0712	0.9326008
LINC01136	-0.126	0.9326289
B3GAT1	0.0591	0.9327232
NDUFA9	-0.0426	0.9332371
NKAIN1	-0.0964	0.9333126
ZNF581	-0.0499	0.9334958
RASL12	-0.0745	0.933503
CCDC71	-0.0423	0.9335359
LOC105376100	0.073	0.933563
PEF1	0.0418	0.9337013
LINC01270	-0.0462	0.9338935
ZNF587B	0.053	0.9341397
PRELID1	0.0416	0.9342454
TMEM41A	0.0415	0.9343539
LBX2-AS1	-0.0927	0.9346139
LOC100294145	-0.0711	0.9346224
ADARB2-AS1	-0.0418	0.9352005
HLA-F-AS1	-0.155	0.9352026
ARID5A	0.0988	0.9354289
SLC22A2	-0.0842	0.9354396
FAM213B	-0.0493	0.9355779
LOC730101	-0.0563	0.9356046
TMEM59L	0.0603	0.935637
LOC100289283	0.151	0.9356889
SH2D5	-0.092	0.9359839
PRNT	-0.192	0.9360025
CASP16P	-0.0537	0.9360906
ANKRD19P	-0.0993	0.9361861
DHRSX	0.0423	0.936294
ZBTB9	-0.0415	0.9363499
BTBD10	0.051	0.9364781
EPYC	-0.0737	0.936661
C8ORF17	0.0459	0.9367443
KIF15	-0.0769	0.9367682
OCIAD2	0.0506	0.9367698
LOC101928152	0.0989	0.9368247
URB1-AS1	-0.0437	0.9368294
PDCD10	-0.0488	0.9369633
TMEM51	-0.066	0.9371569
PKD2	0.0405	0.9371916
EIF4A3	-0.0392	0.9371967
MINPP1	0.0462	0.9372186
LOC100132077	-0.0384	0.9372788
DDX55	-0.0595	0.9374442
GOLGA7	-0.044	0.9375553
DTHD1	0.0873	0.9375605
FAM83G	0.126	0.937687
IRF3	-0.0419	0.9379048
POMT1	0.0543	0.9379361
CDCA7L	-0.0508	0.937995
LINC00452	-0.165	0.9380023
ZNF575	-0.0397	0.9385051
DRAM1	0.0395	0.9385509
PRIM2	0.0449	0.9386446
TBC1D21	-0.0424	0.9387436
EGFLAM-AS4	0.111	0.9387579
C6	-0.0727	0.9387882
MYF6	0.154	0.938869
ARHGEF17	0.0555	0.9388899
LOC100505874	-0.0973	0.9389115
MRPL21	0.0422	0.9389925
KRT82	-0.0939	0.9390094
ANKRD55	-0.0451	0.9391463
PNPLA1	-0.108	0.939212
C10ORF11	0.0435	0.9392704
MAD2L1BP	0.0626	0.9393572
CPN2	0.118	0.9393922
SNRPF	-0.0488	0.9394261
MAF1	-0.0391	0.9395865
VASN	-0.0462	0.9398574
HIST1H3I	-0.0863	0.9398609
LINC00950	-0.0618	0.9399192
LOC100507330	-0.0597	0.9400016
COMMD9	-0.0364	0.9403146
C21ORF33	-0.0396	0.9403613
SMNDC1	0.0394	0.9404085
RHPN2	-0.0563	0.9404421
LOC101929524	-0.0371	0.9407628
CBLN3	0.196	0.9408694
ZNF100	-0.0505	0.9408891
CSRP1	-0.0401	0.9409298
TNFRSF14	-0.0401	0.9409471
LCN10	-0.0567	0.9409713
WFDC1	-0.0736	0.9410583
MRPL1	0.0489	0.9411291
FNDC11	0.104	0.9411835
FANCG	0.0366	0.9411973
CD81-AS1	-0.0483	0.9412326
MOSPD3	0.0471	0.9412526
LINC00566	0.109	0.9412686
CASC7	0.0422	0.9415833
MND1	-0.052	0.9416226
CARS-AS1	0.0395	0.9416497
IDO2	0.0363	0.9417374
IGFBP6	-0.0445	0.9419951
RIOK1	-0.0368	0.9420065
ASB15	0.0865	0.9420214
IL36RN	-0.0736	0.9420523
QPCTL	-0.0462	0.9425103
MTMR10	-0.0925	0.9425195
HAMP	0.118	0.9426233
PSMA4	-0.0353	0.9426409
EBPL	-0.0363	0.9427241
NXF1	-0.0458	0.9427393
TMA7	0.0355	0.9427522
HDHD2	0.0353	0.942871
LOC105376997	-0.0695	0.9429138
ZNF576	-0.0385	0.942917
GTF3C6	0.0368	0.9429887
MRGPRX3	-0.188	0.9429901
DEFB132	0.0817	0.9430484
CIDEC	-0.0444	0.943188
LDLRAD3	-0.0534	0.9432284
ZNF607	-0.0436	0.9436479
COA4	-0.0415	0.9437242
IL17C	0.046	0.9438224
TNP1	-0.0629	0.9439444
ANKRD13B	0.0367	0.9439649
UXT	-0.0395	0.943973
PPP1R14B	-0.0431	0.9440153
HDDC3	-0.0448	0.944017
KIFAP3	0.0406	0.9441537
CYP2W1	0.115	0.9442583
LINC00930	0.0775	0.9444173
LOC441081	-0.101	0.9444474
PSAPL1	0.0474	0.944488
PRG3	0.0882	0.9446047
PSG3	-0.0982	0.9446907
FLJ27354	-0.0586	0.9447524
NDUFB11	0.0353	0.9448671
SEMA3E	-0.054	0.9448742
POLM	0.0898	0.9448954
TANGO6	0.0366	0.9451275
SNRNP40	-0.0358	0.9451621
TRIM21	-0.0375	0.9453622
FXYD7	-0.0376	0.9457443
LOC100291323	0.0419	0.9458574
USP43	0.0652	0.9459705
NOX3	0.0618	0.9459731
LOC102724387	-0.0496	0.9460073
GDF3	-0.0346	0.9460403
MCCC1	0.0331	0.9461088
SPPL2C	-0.0711	0.9462545
CYP24A1	0.0524	0.9464181
MIEN1	0.0347	0.9464401
SIGLEC15	0.0363	0.9465234
LOC100287590	-0.0464	0.9468191
TBC1D10C	-0.0946	0.9470116
LINC00520	-0.0466	0.9470429
BOLL	0.0322	0.9472322
FANCE	-0.059	0.9473036
PLIN3	-0.0579	0.9473488
LOC101927723	-0.101	0.947355
MAST3	0.0494	0.9473594
GON7	-0.0361	0.947465
PKD2L1	0.0376	0.9476152
ATOH7	0.085	0.9480267
EYA2	-0.0319	0.9480474
SPOCK1	0.0323	0.9480529
LAPTM4A	-0.0352	0.9485297
SLC25A25-AS1	0.034	0.9486089
SYBU	0.0776	0.9486722
TUBBP5	0.0674	0.9487129
LINC00905	0.0481	0.9487234
LOC101929260	0.0532	0.9489147
DHCR24	0.0654	0.948943
CEP120	-0.0479	0.9489599
UBE2N	0.0428	0.9489881
ZSWIM6	-0.0364	0.9489973
LOC100130264	0.0429	0.949157
TBK1	-0.0331	0.9494206
TECTB	0.0666	0.9495011
ITGAE	-0.031	0.9495093
KIR2DS2	0.0356	0.949634
BLOC1S4	-0.0328	0.9496695
RDH8	0.105	0.9497865
LOC101927815	-0.098	0.9498419
FN3K	0.126	0.9499353
CNGA3	0.0415	0.9500286
C9ORF135-AS1	0.0921	0.9500634
SPAG11A	0.0514	0.9501053
AZGP1	0.0535	0.9502827
RAI14	0.0332	0.9505577
LINC00837	-0.0334	0.9506077
CORO1A	-0.0471	0.9506327
ARRB2	0.0444	0.9506878
LOC102724708	-0.0365	0.9509708
LRRC61	-0.0427	0.9510129
F9	-0.0388	0.9510202
KCNK17	0.0322	0.9512324
UNC119	0.0411	0.9512559
KCNJ2	-0.0465	0.9513161
LOC284632	-0.044	0.9513293
MFSD5	0.04	0.9513295
CCDC144CP	0.0308	0.951332
PVRL3-AS1	-0.0966	0.951526
MEA1	-0.0308	0.9515835
WDR25	-0.0995	0.9516126
AVPI1	0.0311	0.9519421
LOC101928435	-0.0602	0.9520688
FLJ26850	-0.132	0.9520851
C2ORF81	0.0431	0.9521031
XKRX	0.0689	0.9521137
SLC22A13	0.0371	0.9523139
RPL23AP32	-0.0334	0.9523635
OR3A3	-0.0345	0.9523639
MMADHC	-0.0294	0.9523704
TMEM42	-0.0346	0.9525429
GDI2	-0.0338	0.952557
SNORA17B	-0.102	0.9526222
PGAM2	0.12	0.9526829
ERP27	-0.0367	0.9528334
YARS2	0.0323	0.9530371
JHDM1D-AS1	0.0358	0.9531213
DKK1	0.0303	0.9531507
LOC146880	-0.0482	0.9533297
RNF139	0.0324	0.9533372
SNRNP27	0.0294	0.9533842
CFHR2	0.0336	0.9534899
NR5A1	-0.0585	0.9535245
LINC01521	-0.0813	0.9535286
FAM222A	-0.0313	0.9536448
LOC730098	0.0339	0.9537371
ARHGEF26-AS1	-0.0487	0.9537395
STAT5A	0.0292	0.9539525
LOC101927582	-0.0316	0.9539553
BICDL2	-0.0369	0.9540055
PM20D1	-0.0342	0.9540133
ZNF579	0.0307	0.954277
DOCK3	-0.0281	0.9542943
LOC105369974	0.0853	0.9545535
GPN3	-0.0352	0.9545819
C3ORF62	0.068	0.9546397
SERPINH1	0.0546	0.9548255
SLC22A11	-0.0438	0.9548474
PDRG1	-0.0332	0.9548496
LOC101928516	-0.105	0.9548608
VPS11	0.0325	0.9551115
IL15RA	0.0398	0.955157
ACTR1B	0.0297	0.9551727
DPEP1	-0.0489	0.9552247
YDJC	0.0287	0.9552391
P2RY8	0.0434	0.9553357
MAGI1-IT1	0.0654	0.955658
WNT2	-0.0578	0.9556864
MAP3K5	0.0269	0.9560261
TEX19	-0.0671	0.9561735
JAKMIP1	0.0313	0.9562457
TP53I13	-0.0324	0.9563962
GNGT2	0.0414	0.9564569
LOC100129447	-0.0556	0.9566935
HDHD3	-0.0313	0.9570288
GTSF1	0.0429	0.9575816
MTX1	-0.0258	0.9576719
FAM189A2	-0.0504	0.9577314
LOC101927531	0.0346	0.9578033
PSMB3	0.0258	0.9579845
SLC16A14	-0.0483	0.9580765
BLCAP	-0.0303	0.9583759
NDUFS3	-0.0295	0.9583786
C19ORF24	-0.0301	0.9585519
OTUD6B	0.027	0.9586293
SLC22A12	0.0478	0.9587451
FCN3	-0.0781	0.9588029
AOC4P	-0.0558	0.95881
PHOX2B	0.0712	0.9588277
KCNN4	0.0906	0.95894
CTR9	-0.0254	0.9589663
C4ORF26	0.0409	0.9590274
PRDM12	0.0589	0.9591193
TRMT112	0.0257	0.9591598
SNRPD2	0.0254	0.9591768
SPESP1	0.0329	0.9592195
SGTA	0.025	0.9592581
LINC00355	0.0272	0.9592745
DAB2	-0.0312	0.95943
HOMEZ	0.0319	0.959502
BNIP3L	-0.0285	0.9596285
PITX2	0.121	0.9598037
LOC101928443	-0.0897	0.9598053
SIX6	-0.0966	0.9598615
LOC101929133	0.0286	0.9598645
NFYC-AS1	-0.0439	0.9598958
LOC100133039	0.0317	0.9601346
KRT71	-0.0425	0.9603507
FLJ35700	0.0602	0.9605555
MYO15A	-0.11	0.9606431
R3HDM2	-0.0285	0.9607922
PTH	0.0416	0.9609186
OPTN	0.026	0.9611013
ENOPH1	0.0257	0.9613097
KIAA0391	-0.0356	0.9613161
LOC101928850	0.069	0.9614973
HSF2BP	0.0335	0.9616948
CHST6	-0.0275	0.9617017
LOC100129884	-0.0609	0.9617047
DNAJB7	-0.101	0.9617104
BAG3	-0.037	0.9617247
PPM1J	0.0542	0.9618183
PDE6G	-0.0265	0.9618493
SPATS1	-0.0258	0.9619478
PRL	-0.0687	0.9620825
LOC155060	-0.0277	0.9622708
KRTAP9-3	0.0831	0.9623303
NUMB	0.0245	0.9623847
CYTL1	-0.0559	0.9625904
UBE2M	0.0236	0.9626555
C22ORF46	-0.0243	0.9627147
SMIM19	-0.0249	0.962764
WDR73	-0.0237	0.9628049
ERCC5	-0.0234	0.962851
IRX3	0.0395	0.9633352
LOC101928014	0.0686	0.9634622
CAPN11	0.0453	0.9635149
CATSPER3	0.0625	0.9635244
SLC6A7	-0.0306	0.9635526
SYNGR3	-0.0323	0.9635643
TMEM31	0.0273	0.963687
ZNF566	-0.0242	0.9636982
SMIM3	0.022	0.9638431
ANAPC15	0.0222	0.963898
ILK	0.0235	0.9640201
PLCG1	-0.0267	0.9642067
CSF2RB	-0.0323	0.9642096
KDELC1	0.0249	0.9642857
LINC00508	-0.0246	0.9642978
PRR5	0.0256	0.9643078
LOC101928389	0.0567	0.9643388
ABCA17P	0.0298	0.9645847
CHST10	-0.0295	0.9647303
TRAPPC8	-0.0217	0.9649407
GNAZ	-0.0214	0.9649537
TNFSF4	0.0224	0.9650295
PTPDC1	-0.0258	0.9650846
ANXA2P3	0.0372	0.9650924
SNAI2	-0.0466	0.9651087
DDX43	0.0403	0.9651637
PTCH2	-0.0265	0.9651929
ADIPOQ	0.0297	0.9652003
PIWIL1	-0.054	0.9652133
PLEKHA4	0.0221	0.9654985
IGBP1	-0.0223	0.9655191
TRMT61B	-0.0235	0.9656401
PRAMEF11	0.0275	0.9661271
SERPIND1	-0.088	0.966223
AP3S1	-0.0219	0.966257
COPG1	0.0245	0.9663495
CYC1	0.0242	0.9664278
ZNF624	-0.0256	0.9665052
PRCC	0.0223	0.9665843
NKX2-2	-0.0298	0.9666338
MRPL45	0.024	0.9667079
BCKDHA	0.0229	0.9668925
ZNF630	-0.0297	0.9671445
RPL8	0.0218	0.9671734
GABRR1	0.096	0.9673829
NDP	0.047	0.9676506
TXNDC15	-0.0228	0.9676653
OR1I1	0.0228	0.9679162
LEFTY1	-0.0331	0.968065
FLJ35816	-0.0497	0.9682575
PRSS8	-0.0568	0.9682616
CASP12	0.0574	0.9682646
SYCP2L	-0.0456	0.9682864
LINC00911	0.0413	0.9685163
TFAP4	-0.0426	0.9686318
LOC101927843	-0.0835	0.9686596
HSPB9	-0.0731	0.9686866
ASNSD1	-0.023	0.9691303
OLMALINC	0.0254	0.9691618
ZNF32	0.0222	0.9691678
EFHD1	0.0234	0.9692063
LOC101928940	0.0287	0.969476
FSHB	0.0844	0.969559
PRSS16	-0.0599	0.9695875
AAMP	0.0211	0.9696757
POLE3	0.0202	0.9697899
USP27X-AS1	-0.022	0.9698053
USP44	-0.0606	0.9698857
ZNF556	0.0617	0.9699512
TEX41	-0.0559	0.9701356
ETNPPL	-0.0325	0.970167
OXCT1	0.0206	0.970187
SNX10	0.0195	0.9702153
TRMT2A	-0.0385	0.9703173
BEX3	-0.0196	0.9703908
FAM32A	-0.022	0.9706705
DAD1	-0.0204	0.9708137
NAE1	-0.0181	0.9709132
PIAS3	0.0223	0.9709842
RPL30	0.0178	0.9710925
DFNB59	-0.0197	0.9711142
CCDC121	0.0206	0.9711902
LINC00403	-0.0305	0.9712069
LRRC8D	0.023	0.9713712
SYNPR-AS1	0.0416	0.9714511
ZNF76	0.0205	0.9714914
HIST1H2BM	-0.0236	0.9717649
SLC35C1	-0.0272	0.9718874
GRINA	-0.0173	0.9719272
KCNN2	0.0338	0.9719954
LZTS1-AS1	0.0364	0.9722219
CRYAB	0.0205	0.9724262
SWI5	0.0177	0.9725016
COQ6	-0.0243	0.9725567
KLK6	-0.0278	0.9726099
LOC100131180	-0.0341	0.9726148
LOC101927340	-0.0375	0.9726427
LOC100507564	0.0169	0.9727375
ASAP1-IT1	-0.0516	0.9728155
CERS2	-0.0246	0.9728898
LY6H	0.023	0.9729834
FDPSP2	-0.0573	0.9733241
UQCRQ	0.0163	0.9733341
MSC	0.0242	0.9735509
RAB9A	0.017	0.9736355
SH3GL1	0.0251	0.9736393
ANAPC13	-0.0162	0.9736714
RTN4RL1	0.0371	0.9737018
PICK1	0.0247	0.9737333
LOC105374895	0.035	0.9740609
UBE2E2	0.0173	0.9741115
CDKN1A	0.0492	0.9741381
LOC100288721	0.0621	0.9742864
MRPL22	0.017	0.97433
ABCB7	0.0168	0.9743515
CCDC115	-0.0161	0.9744103
LINC01180	-0.0422	0.9744237
COMTD1	0.0158	0.97464
TBR1	0.0417	0.9746654
SOHLH1	0.0302	0.9746657
MAML1	0.0166	0.9747067
DOLPP1	-0.0192	0.9747194
TM2D2	-0.016	0.9747743
THOP1	-0.016	0.9748336
CHCHD6	-0.0163	0.9751043
ACTA1	-0.0247	0.9752361
PCDHB14	0.018	0.9756263
GALNT14	-0.0447	0.9757123
AAAS	-0.0153	0.9757567
RPL37	0.0155	0.9759205
AACS	-0.0162	0.9761248
LOC101928335	0.0178	0.9761299
RGS18	0.0236	0.9761495
RGL2	-0.0146	0.9762511
CPT1C	-0.0146	0.9762563
PET100	-0.0153	0.9763235
FBXO16	-0.0173	0.9764854
CASC6	0.0541	0.976672
CCR6	0.0275	0.976676
SH3BP5	-0.0161	0.9769819
SLC5A5	-0.0145	0.9769863
CHUK	0.0157	0.9773515
RRNAD1	-0.0167	0.977511
MOB4	0.0148	0.9777575
ANG	0.0154	0.9777577
KLKB1	0.0252	0.978147
CCNG1	0.0138	0.9782331
LOC100130872	0.0296	0.9782997
RPUSD1	-0.0149	0.978494
SDHAF4	0.0164	0.9785908
CSNK2B	0.0133	0.9789855
H1FX	0.0165	0.9791171
KLRC4	-0.0584	0.9791663
GRWD1	0.0152	0.9791781
BTBD1	0.0138	0.9792986
ZACN	0.0291	0.9794566
NR2E1	0.0322	0.9795396
COX6B2	-0.0271	0.9795411
LOC100996740	0.0174	0.9795474
C1D	-0.013	0.9796981
IL17D	0.0168	0.9797131
DDX11-AS1	0.0434	0.9797921
TMUB1	0.0152	0.979925
C1ORF167	-0.0173	0.9799296
RBM28	-0.0203	0.9799474
TNNI1	-0.0178	0.9802296
ZNF582	-0.0124	0.9802689
GDPD2	0.0371	0.9803095
CHTF18	0.02	0.980539
LOC100506606	0.0124	0.9806417
CD63	-0.0142	0.9806852
EVPL	-0.0224	0.9806854
TMEM154	0.0215	0.9807455
TRIM26	0.0132	0.9807812
CHCHD10	0.013	0.9810315
LOC102723620	0.017	0.981095
BRIX1	0.0172	0.9812641
CPA5	0.0302	0.9812797
LSP1	-0.0271	0.9814689
RAVER1	0.0256	0.9815496
WDR54	0.0124	0.9815723
PARK7	0.0118	0.9816411
CDK20	-0.0118	0.9817807
KIF1BP	-0.0114	0.9820506
TMEM208	-0.0111	0.9820721
CCDC27	-0.0336	0.9823424
LOC101928504	-0.0149	0.982415
LRRTM4	-0.0136	0.982417
BMF	0.0156	0.9826543
DUSP28	0.0121	0.9828713
MIR5188	0.0193	0.9830135
LOC100506571	0.0103	0.9832466
KDELC2	0.0124	0.9834416
AGR3	-0.0176	0.9835547
FAM179B	0.0107	0.9835603
LINC00605	0.0107	0.9835882
CCDC178	0.0161	0.9836134
GPR63	0.014	0.9836393
CBX1	-0.00996	0.9838802
LRGUK	-0.0126	0.9839004
PSMC1	-0.0102	0.9839119
SMIM20	0.0161	0.9839164
NDUFB3	0.00975	0.9840784
ADAR	-0.00957	0.9843831
ISCU	0.0113	0.9844804
DNAH8	0.0181	0.9845744
MAN1B1-AS1	0.00952	0.9846255
SMCO4	0.00992	0.9847688
GPHA2	-0.0189	0.9848256
KCNRG	0.0214	0.9848779
TAS2R7	-0.0354	0.9849581
SHISA2	-0.0138	0.9850027
GPR1	0.0103	0.985361
PIN1P1	0.0134	0.9853757
LINGO1-AS1	0.0362	0.9854657
SH2D6	-0.00969	0.9854749
CIC	-0.0099	0.9855132
SUMF2	0.00982	0.9855891
NPTN-IT1	0.00946	0.9856633
LOC101927040	0.0262	0.9857897
NSRP1	-0.0105	0.9859486
LINC01227	0.011	0.9859768
T	-0.015	0.9859921
LOC105370622	0.0222	0.9860627
DPH2	0.00884	0.9861061
RPA2	-0.00942	0.9861211
ANKRD46	-0.00843	0.9862209
STAM-AS1	0.032	0.9863073
LOC100506557	-0.0116	0.9863515
P2RX4	-0.0132	0.9865064
CCEPR	-0.0115	0.986541
ADRA2C	0.0115	0.9866154
LINC00557	0.0149	0.9867907
TCEAL2	-0.00836	0.9868176
GOLPH3	0.00808	0.9868713
CPO	0.0239	0.9869237
CCDC9	0.00876	0.9869637
METTL25	-0.0153	0.9871153
CLVS2	0.0247	0.987307
C6ORF203	-0.00799	0.9873423
MCF2L2	0.0128	0.9874306
OAT	0.00802	0.9874331
CFAP99	0.00919	0.9879886
MOK	0.00731	0.9879935
RPL23A	-0.00737	0.9880454
CHIA	-0.00983	0.9880987
CPXM1	-0.0219	0.9881565
SYAP1	-0.00965	0.9882082
ZNF140	-0.00819	0.9882548
DCTN6	0.00805	0.9883614
NTRK1	0.0214	0.9884184
PLEKHO2	-0.00804	0.9884208
CCDC94	-0.00813	0.9885418
TCIRG1	-0.0113	0.9885697
HIST1H2BN	0.014	0.988652
KCNH1	-0.019	0.9886629
CLDN12	-0.00757	0.9886635
LOC100129476	-0.0227	0.988752
MEFV	0.00733	0.9887989
TMEM203	-0.00699	0.9888311
LAIR2	-0.00906	0.9888587
AMIGO1	0.0104	0.9888812
ILF2	-0.00678	0.9889049
RPS16P5	-0.00906	0.9889593
ANKMY2	0.00727	0.989059
MRPL32	0.00693	0.9893316
TCTEX1D1	0.00646	0.9894278
LRRC31	-0.00878	0.9895804
ZPR1	-0.00627	0.9898105
SLC17A6	0.0431	0.989925
UFSP1	0.00729	0.9899265
OSBPL9	0.00832	0.9899359
C4BPA	0.0123	0.9899563
RPL7L1	-0.00621	0.9899654
LOC100507562	-0.0153	0.9901113
GP6	-0.00789	0.9902086
STT3A	-0.00665	0.990243
TTC1	0.00595	0.9904357
RINT1	0.00775	0.9906387
VSIG10L	0.00869	0.9906444
ANKRD27	-0.00566	0.9908372
GALR3	-0.0159	0.9910048
TBC1D22A-AS1	-0.0221	0.9910323
SCGB2B2	0.0183	0.9911288
USP46-AS1	0.00545	0.9916225
PCDH12	-0.0141	0.9916703
WASF3	0.00684	0.9916968
ASPSCR1	-0.00522	0.9917102
GPR65	-0.00988	0.9917405
LOC100127940	-0.0214	0.9917507
ICAM4	-0.0195	0.9918455
LINC00113	0.018	0.9921281
PAK1IP1	-0.00554	0.9923454
LOC101927660	0.0168	0.9927788
RPS19BP1	0.00529	0.9928047
ACOT13	0.00571	0.9928752
ANXA5	-0.00523	0.9930349
HSD17B7	-0.00784	0.9930398
GKN1	-0.0072	0.9930449
PROC	-0.0163	0.9931598
IMPA1	-0.00421	0.9938679
ZFP57	-0.00473	0.9939863
ENPP4	-0.00544	0.9940318
LOC101929719	-0.00778	0.9940428
VEGFC	-0.00625	0.9941802
EZH2	-0.0119	0.9942516
KIR2DL3	0.00909	0.9942645
RASD1	0.00528	0.99476
CCDC148-AS1	-0.00851	0.9948064
LOC101928525	0.00369	0.9948151
CEBPZ	-0.00388	0.9948641
FAM8A1	0.00337	0.9949441
BUD13	-0.00423	0.9950963
C9ORF24	-0.00375	0.9951101
GMPPA	0.00397	0.9952358
NKAIN3	0.00795	0.9952567
WFDC5	-0.00422	0.9952661
LOC105373849	-0.004	0.9953155
BEX5	-0.00299	0.9954687
CCIN	0.00408	0.9955134
CLDN20	-0.0031	0.9955472
LOC100505918	-0.00329	0.9957169
TSSC4	0.00272	0.9961443
FLJ31356	-0.00556	0.9961461
SLC41A1	-0.00257	0.9961859
ORAI1	-0.00261	0.9962883
ZNF385C	0.00932	0.9965361
LINC00410	0.00534	0.9965547
LINC00565	0.00275	0.9965726
TAAR8	0.00455	0.9966569
CRLF3	0.00211	0.9966669
C1ORF109	-0.00204	0.9966826
CALCB	-0.00213	0.9967047
RAB40A	-0.00376	0.9968364
CLVS1	-0.00736	0.9969778
L3MBTL4-AS1	-0.00211	0.997115
LINC01342	0.00221	0.997132
ZNF767P	-0.00182	0.9971529
AOX2P	0.00275	0.9971963
ITGAV	-0.00177	0.997304
CYP4Z2P	-0.00436	0.9973818
LOC100505841	-0.00366	0.9974194
ORC1	-0.00495	0.9979975
CPEB2-AS1	-0.00615	0.9980246
MT1HL1	-0.00157	0.9980328
ZNF667-AS1	0.00137	0.998153
MRPS9	0.00108	0.9982834
POU5F1B	0.00161	0.9985797
PARP16	0.000802	0.9987407
LOC100128288	-0.000865	0.9989337
C1ORF35	-0.000725	0.999022
TMEM14A	0.000408	0.9994338
PITRM1-AS1	0.000523	0.9995921
M6PR	0.000165	0.9997398
